ISO-10303-21;
HEADER;
FILE_DESCRIPTION(('STEP AP214'),'1');
FILE_NAME('ec10e1220501.stp','2026-03-11T08:35:10',('TraceParts'),('TraceParts S.A.S.'),'Spatial InterOp 3D',' ',' ');
FILE_SCHEMA(('AUTOMOTIVE_DESIGN { 1 0 10303 214 1 1 1 1 }'));
ENDSEC;
DATA;
#1=MECHANICAL_DESIGN_GEOMETRIC_PRESENTATION_REPRESENTATION(' ',(#10,#11,#12,#13,#14,#15,#16,#17,#18,#19,#20,#21,#22,#23,#24,#25,#26,#27,#28,#29,#30,#31,#32,#33,#34,#35,#36,#37,#38,#39,#40,#41,#42,#43,#44,#45,#46,#47,#48,#49,#50,#51,#52,#53,#54,#55,#56,#57,#58,#59,#60,#61,#62,#63,#64,#65,#66,#67,#68,#69,#70,#71,#72,#73,#74,#75,#76,#77,#78,#79,#80,#81,#82,#83,#84,#85,#86,#87,#88,#89,#90,#91,#92,#93,#94,#95,#96,#97,#98,#99,#100,#101,#102,#103,#104,#105,#106,#107,#108,#109,#110,#111,#112,#113,#114,#115,#116,#117,#118,#119,#120,#121,#122,#123,#124,#125,#126,#127,#128,#129,#130,#131,#132,#133,#134,#135,#136,#137,#138,#139,#140,#141,#142,#143,#144,#145,#146,#147,#148,#149,#150,#151,#152,#153,#154,#155,#156,#157,#158,#159,#160,#161,#162,#163,#164,#165,#166,#167,#168,#169,#170,#171,#172,#173,#174,#175,#176,#177,#178,#179,#180,#181,#182,#183,#184,#185,#186,#187,#188,#189,#190,#191,#192,#193,#194,#195,#196,#197,#198,#199,#200,#201,#202,#203,#204,#205,#206,#207,#208,#209,#210,#211,#212,#213,#214,#215,#216,#217,#218,#219,#220,#221,#222,#223,#224,#225,#226,#227,#228,#229,#230,#231,#232,#233,#234,#235,#236,#237,#238,#239,#240,#241,#242,#243,#244,#245,#246,#247,#248,#249,#250,#251,#252,#253,#254,#255,#256,#257,#258,#259,#260,#261,#262,#263,#264,#265,#266,#267,#268,#269,#270,#271,#272,#273,#274,#275,#276,#277,#278,#279,#280,#281,#282,#283,#284,#285,#286,#287,#288,#289,#290,#291,#292,#293,#294,#295,#296,#297,#298,#299,#300,#301,#302,#303,#304,#305,#306,#307,#308,#309,#310,#311,#312,#313,#314,#315,#316,#317,#318,#319,#320,#321,#322,#323,#324,#325,#326,#327,#328,#329,#330,#331,#332,#333,#334,#335,#336,#337,#338,#339,#340,#341,#342,#343,#344,#345,#346,#347,#348,#349,#350,#351,#352,#353,#354,#355,#356,#357,#358,#359,#360,#361,#362,#363,#364,#365,#366,#367,#368,#369,#370,#371,#372,#373,#374,#375,#376,#377,#378,#379,#380,#381,#382,#383,#384,#385,#386,#387,#388,#389,#390,#391,#392,#393,#394,#395,#396,#397,#398,#399,#400,#401,#402,#403,#404,#405,#406,#407,#408,#409,#410,#411,#412,#413,#414,#415,#416,#417,#418,#419,#420,#421,#422,#423,#424),#6);
#2=PRODUCT_DEFINITION_CONTEXT('',#425,'design');
#3=APPLICATION_PROTOCOL_DEFINITION('INTERNATIONAL STANDARD','automotive_design',1994,#425);
#4=PRODUCT_CATEGORY_RELATIONSHIP('NONE','NONE',#426,#427);
#5=SHAPE_DEFINITION_REPRESENTATION(#428,#429);
#6= (GEOMETRIC_REPRESENTATION_CONTEXT(3)GLOBAL_UNCERTAINTY_ASSIGNED_CONTEXT((#432))GLOBAL_UNIT_ASSIGNED_CONTEXT((#434,#435,#436))REPRESENTATION_CONTEXT('NONE','WORKSPACE'));
#10=STYLED_ITEM('',(#438),#439);
#11=STYLED_ITEM('',(#440),#441);
#12=STYLED_ITEM('',(#442),#443);
#13=STYLED_ITEM('',(#444),#445);
#14=STYLED_ITEM('',(#446),#447);
#15=STYLED_ITEM('',(#448),#449);
#16=STYLED_ITEM('',(#450),#451);
#17=STYLED_ITEM('',(#452),#453);
#18=STYLED_ITEM('',(#454),#455);
#19=STYLED_ITEM('',(#456),#457);
#20=STYLED_ITEM('',(#458),#459);
#21=STYLED_ITEM('',(#460),#461);
#22=STYLED_ITEM('',(#462),#463);
#23=STYLED_ITEM('',(#464),#465);
#24=STYLED_ITEM('',(#466),#467);
#25=STYLED_ITEM('',(#468),#469);
#26=STYLED_ITEM('',(#470),#471);
#27=STYLED_ITEM('',(#472),#473);
#28=STYLED_ITEM('',(#474),#475);
#29=STYLED_ITEM('',(#476),#477);
#30=STYLED_ITEM('',(#478),#479);
#31=STYLED_ITEM('',(#480),#481);
#32=STYLED_ITEM('',(#482),#483);
#33=STYLED_ITEM('',(#484),#485);
#34=STYLED_ITEM('',(#486),#487);
#35=STYLED_ITEM('',(#488),#489);
#36=STYLED_ITEM('',(#490),#491);
#37=STYLED_ITEM('',(#492),#493);
#38=STYLED_ITEM('',(#494),#495);
#39=STYLED_ITEM('',(#496),#497);
#40=STYLED_ITEM('',(#498),#499);
#41=STYLED_ITEM('',(#500),#501);
#42=STYLED_ITEM('',(#502),#503);
#43=STYLED_ITEM('',(#504),#505);
#44=STYLED_ITEM('',(#506),#507);
#45=STYLED_ITEM('',(#508),#509);
#46=STYLED_ITEM('',(#510),#511);
#47=STYLED_ITEM('',(#512),#513);
#48=STYLED_ITEM('',(#514),#515);
#49=STYLED_ITEM('',(#516),#517);
#50=STYLED_ITEM('',(#518),#519);
#51=STYLED_ITEM('',(#520),#521);
#52=STYLED_ITEM('',(#522),#523);
#53=STYLED_ITEM('',(#524),#525);
#54=STYLED_ITEM('',(#526),#527);
#55=STYLED_ITEM('',(#528),#529);
#56=STYLED_ITEM('',(#530),#531);
#57=STYLED_ITEM('',(#532),#533);
#58=STYLED_ITEM('',(#534),#535);
#59=STYLED_ITEM('',(#536),#537);
#60=STYLED_ITEM('',(#538),#539);
#61=STYLED_ITEM('',(#540),#541);
#62=STYLED_ITEM('',(#542),#543);
#63=STYLED_ITEM('',(#544),#545);
#64=STYLED_ITEM('',(#546),#547);
#65=STYLED_ITEM('',(#548),#549);
#66=STYLED_ITEM('',(#550),#551);
#67=STYLED_ITEM('',(#552),#553);
#68=STYLED_ITEM('',(#554),#555);
#69=STYLED_ITEM('',(#556),#557);
#70=STYLED_ITEM('',(#558),#559);
#71=STYLED_ITEM('',(#560),#561);
#72=STYLED_ITEM('',(#562),#563);
#73=STYLED_ITEM('',(#564),#565);
#74=STYLED_ITEM('',(#566),#567);
#75=STYLED_ITEM('',(#568),#569);
#76=STYLED_ITEM('',(#570),#571);
#77=STYLED_ITEM('',(#572),#573);
#78=STYLED_ITEM('',(#574),#575);
#79=STYLED_ITEM('',(#576),#577);
#80=STYLED_ITEM('',(#578),#579);
#81=STYLED_ITEM('',(#580),#581);
#82=STYLED_ITEM('',(#582),#583);
#83=STYLED_ITEM('',(#584),#585);
#84=STYLED_ITEM('',(#586),#587);
#85=STYLED_ITEM('',(#588),#589);
#86=STYLED_ITEM('',(#590),#591);
#87=STYLED_ITEM('',(#592),#593);
#88=STYLED_ITEM('',(#594),#595);
#89=STYLED_ITEM('',(#596),#597);
#90=STYLED_ITEM('',(#598),#599);
#91=STYLED_ITEM('',(#600),#601);
#92=STYLED_ITEM('',(#602),#603);
#93=STYLED_ITEM('',(#604),#605);
#94=STYLED_ITEM('',(#606),#607);
#95=STYLED_ITEM('',(#608),#609);
#96=STYLED_ITEM('',(#610),#611);
#97=STYLED_ITEM('',(#612),#613);
#98=STYLED_ITEM('',(#614),#615);
#99=STYLED_ITEM('',(#616),#617);
#100=STYLED_ITEM('',(#618),#619);
#101=STYLED_ITEM('',(#620),#621);
#102=STYLED_ITEM('',(#622),#623);
#103=STYLED_ITEM('',(#624),#625);
#104=STYLED_ITEM('',(#626),#627);
#105=STYLED_ITEM('',(#628),#629);
#106=STYLED_ITEM('',(#630),#631);
#107=STYLED_ITEM('',(#632),#633);
#108=STYLED_ITEM('',(#634),#635);
#109=STYLED_ITEM('',(#636),#637);
#110=STYLED_ITEM('',(#638),#639);
#111=STYLED_ITEM('',(#640),#641);
#112=STYLED_ITEM('',(#642),#643);
#113=STYLED_ITEM('',(#644),#645);
#114=STYLED_ITEM('',(#646),#647);
#115=STYLED_ITEM('',(#648),#649);
#116=STYLED_ITEM('',(#650),#651);
#117=STYLED_ITEM('',(#652),#653);
#118=STYLED_ITEM('',(#654),#655);
#119=STYLED_ITEM('',(#656),#657);
#120=STYLED_ITEM('',(#658),#659);
#121=STYLED_ITEM('',(#660),#661);
#122=STYLED_ITEM('',(#662),#663);
#123=STYLED_ITEM('',(#664),#665);
#124=STYLED_ITEM('',(#666),#667);
#125=STYLED_ITEM('',(#668),#669);
#126=STYLED_ITEM('',(#670),#671);
#127=STYLED_ITEM('',(#672),#673);
#128=STYLED_ITEM('',(#674),#675);
#129=STYLED_ITEM('',(#676),#677);
#130=STYLED_ITEM('',(#678),#679);
#131=STYLED_ITEM('',(#680),#681);
#132=STYLED_ITEM('',(#682),#683);
#133=STYLED_ITEM('',(#684),#685);
#134=STYLED_ITEM('',(#686),#687);
#135=STYLED_ITEM('',(#688),#689);
#136=STYLED_ITEM('',(#690),#691);
#137=STYLED_ITEM('',(#692),#693);
#138=STYLED_ITEM('',(#694),#695);
#139=STYLED_ITEM('',(#696),#697);
#140=STYLED_ITEM('',(#698),#699);
#141=STYLED_ITEM('',(#700),#701);
#142=STYLED_ITEM('',(#702),#703);
#143=STYLED_ITEM('',(#704),#705);
#144=STYLED_ITEM('',(#706),#707);
#145=STYLED_ITEM('',(#708),#709);
#146=STYLED_ITEM('',(#710),#711);
#147=STYLED_ITEM('',(#712),#713);
#148=STYLED_ITEM('',(#714),#715);
#149=STYLED_ITEM('',(#716),#717);
#150=STYLED_ITEM('',(#718),#719);
#151=STYLED_ITEM('',(#720),#721);
#152=STYLED_ITEM('',(#722),#723);
#153=STYLED_ITEM('',(#724),#725);
#154=STYLED_ITEM('',(#726),#727);
#155=STYLED_ITEM('',(#728),#729);
#156=STYLED_ITEM('',(#730),#731);
#157=STYLED_ITEM('',(#732),#733);
#158=STYLED_ITEM('',(#734),#735);
#159=STYLED_ITEM('',(#736),#737);
#160=STYLED_ITEM('',(#738),#739);
#161=STYLED_ITEM('',(#740),#741);
#162=STYLED_ITEM('',(#742),#743);
#163=STYLED_ITEM('',(#744),#745);
#164=STYLED_ITEM('',(#746),#747);
#165=STYLED_ITEM('',(#748),#749);
#166=STYLED_ITEM('',(#750),#751);
#167=STYLED_ITEM('',(#752),#753);
#168=STYLED_ITEM('',(#754),#755);
#169=STYLED_ITEM('',(#756),#757);
#170=STYLED_ITEM('',(#758),#759);
#171=STYLED_ITEM('',(#760),#761);
#172=STYLED_ITEM('',(#762),#763);
#173=STYLED_ITEM('',(#764),#765);
#174=STYLED_ITEM('',(#766),#767);
#175=STYLED_ITEM('',(#768),#769);
#176=STYLED_ITEM('',(#770),#771);
#177=STYLED_ITEM('',(#772),#773);
#178=STYLED_ITEM('',(#774),#775);
#179=STYLED_ITEM('',(#776),#777);
#180=STYLED_ITEM('',(#778),#779);
#181=STYLED_ITEM('',(#780),#781);
#182=STYLED_ITEM('',(#782),#783);
#183=STYLED_ITEM('',(#784),#785);
#184=STYLED_ITEM('',(#786),#787);
#185=STYLED_ITEM('',(#788),#789);
#186=STYLED_ITEM('',(#790),#791);
#187=STYLED_ITEM('',(#792),#793);
#188=STYLED_ITEM('',(#794),#795);
#189=STYLED_ITEM('',(#796),#797);
#190=STYLED_ITEM('',(#798),#799);
#191=STYLED_ITEM('',(#800),#801);
#192=STYLED_ITEM('',(#802),#803);
#193=STYLED_ITEM('',(#804),#805);
#194=STYLED_ITEM('',(#806),#807);
#195=STYLED_ITEM('',(#808),#809);
#196=STYLED_ITEM('',(#810),#811);
#197=STYLED_ITEM('',(#812),#813);
#198=STYLED_ITEM('',(#814),#815);
#199=STYLED_ITEM('',(#816),#817);
#200=STYLED_ITEM('',(#818),#819);
#201=STYLED_ITEM('',(#820),#821);
#202=STYLED_ITEM('',(#822),#823);
#203=STYLED_ITEM('',(#824),#825);
#204=STYLED_ITEM('',(#826),#827);
#205=STYLED_ITEM('',(#828),#829);
#206=STYLED_ITEM('',(#830),#831);
#207=STYLED_ITEM('',(#832),#833);
#208=STYLED_ITEM('',(#834),#835);
#209=STYLED_ITEM('',(#836),#837);
#210=STYLED_ITEM('',(#838),#839);
#211=STYLED_ITEM('',(#840),#841);
#212=STYLED_ITEM('',(#842),#843);
#213=STYLED_ITEM('',(#844),#845);
#214=STYLED_ITEM('',(#846),#847);
#215=STYLED_ITEM('',(#848),#849);
#216=STYLED_ITEM('',(#850),#851);
#217=STYLED_ITEM('',(#852),#853);
#218=STYLED_ITEM('',(#854),#855);
#219=STYLED_ITEM('',(#856),#857);
#220=STYLED_ITEM('',(#858),#859);
#221=STYLED_ITEM('',(#860),#861);
#222=STYLED_ITEM('',(#862),#863);
#223=STYLED_ITEM('',(#864),#865);
#224=STYLED_ITEM('',(#866),#867);
#225=STYLED_ITEM('',(#868),#869);
#226=STYLED_ITEM('',(#870),#871);
#227=STYLED_ITEM('',(#872),#873);
#228=STYLED_ITEM('',(#874),#875);
#229=STYLED_ITEM('',(#876),#877);
#230=STYLED_ITEM('',(#878),#879);
#231=STYLED_ITEM('',(#880),#881);
#232=STYLED_ITEM('',(#882),#883);
#233=STYLED_ITEM('',(#884),#885);
#234=STYLED_ITEM('',(#886),#887);
#235=STYLED_ITEM('',(#888),#889);
#236=STYLED_ITEM('',(#890),#891);
#237=STYLED_ITEM('',(#892),#893);
#238=STYLED_ITEM('',(#894),#895);
#239=STYLED_ITEM('',(#896),#897);
#240=STYLED_ITEM('',(#898),#899);
#241=STYLED_ITEM('',(#900),#901);
#242=STYLED_ITEM('',(#902),#903);
#243=STYLED_ITEM('',(#904),#905);
#244=STYLED_ITEM('',(#906),#907);
#245=STYLED_ITEM('',(#908),#909);
#246=STYLED_ITEM('',(#910),#911);
#247=STYLED_ITEM('',(#912),#913);
#248=STYLED_ITEM('',(#914),#915);
#249=STYLED_ITEM('',(#916),#917);
#250=STYLED_ITEM('',(#918),#919);
#251=STYLED_ITEM('',(#920),#921);
#252=STYLED_ITEM('',(#922),#923);
#253=STYLED_ITEM('',(#924),#925);
#254=STYLED_ITEM('',(#926),#927);
#255=STYLED_ITEM('',(#928),#929);
#256=STYLED_ITEM('',(#930),#931);
#257=STYLED_ITEM('',(#932),#933);
#258=STYLED_ITEM('',(#934),#935);
#259=STYLED_ITEM('',(#936),#937);
#260=STYLED_ITEM('',(#938),#939);
#261=STYLED_ITEM('',(#940),#941);
#262=STYLED_ITEM('',(#942),#943);
#263=STYLED_ITEM('',(#944),#945);
#264=STYLED_ITEM('',(#946),#947);
#265=STYLED_ITEM('',(#948),#949);
#266=STYLED_ITEM('',(#950),#951);
#267=STYLED_ITEM('',(#952),#953);
#268=STYLED_ITEM('',(#954),#955);
#269=STYLED_ITEM('',(#956),#957);
#270=STYLED_ITEM('',(#958),#959);
#271=STYLED_ITEM('',(#960),#961);
#272=STYLED_ITEM('',(#962),#963);
#273=STYLED_ITEM('',(#964),#965);
#274=STYLED_ITEM('',(#966),#967);
#275=STYLED_ITEM('',(#968),#969);
#276=STYLED_ITEM('',(#970),#971);
#277=STYLED_ITEM('',(#972),#973);
#278=STYLED_ITEM('',(#974),#975);
#279=STYLED_ITEM('',(#976),#977);
#280=STYLED_ITEM('',(#978),#979);
#281=STYLED_ITEM('',(#980),#981);
#282=STYLED_ITEM('',(#982),#983);
#283=STYLED_ITEM('',(#984),#985);
#284=STYLED_ITEM('',(#986),#987);
#285=STYLED_ITEM('',(#988),#989);
#286=STYLED_ITEM('',(#990),#991);
#287=STYLED_ITEM('',(#992),#993);
#288=STYLED_ITEM('',(#994),#995);
#289=STYLED_ITEM('',(#996),#997);
#290=STYLED_ITEM('',(#998),#999);
#291=STYLED_ITEM('',(#1000),#1001);
#292=STYLED_ITEM('',(#1002),#1003);
#293=STYLED_ITEM('',(#1004),#1005);
#294=STYLED_ITEM('',(#1006),#1007);
#295=STYLED_ITEM('',(#1008),#1009);
#296=STYLED_ITEM('',(#1010),#1011);
#297=STYLED_ITEM('',(#1012),#1013);
#298=STYLED_ITEM('',(#1014),#1015);
#299=STYLED_ITEM('',(#1016),#1017);
#300=STYLED_ITEM('',(#1018),#1019);
#301=STYLED_ITEM('',(#1020),#1021);
#302=STYLED_ITEM('',(#1022),#1023);
#303=STYLED_ITEM('',(#1024),#1025);
#304=STYLED_ITEM('',(#1026),#1027);
#305=STYLED_ITEM('',(#1028),#1029);
#306=STYLED_ITEM('',(#1030),#1031);
#307=STYLED_ITEM('',(#1032),#1033);
#308=STYLED_ITEM('',(#1034),#1035);
#309=STYLED_ITEM('',(#1036),#1037);
#310=STYLED_ITEM('',(#1038),#1039);
#311=STYLED_ITEM('',(#1040),#1041);
#312=STYLED_ITEM('',(#1042),#1043);
#313=STYLED_ITEM('',(#1044),#1045);
#314=STYLED_ITEM('',(#1046),#1047);
#315=STYLED_ITEM('',(#1048),#1049);
#316=STYLED_ITEM('',(#1050),#1051);
#317=STYLED_ITEM('',(#1052),#1053);
#318=STYLED_ITEM('',(#1054),#1055);
#319=STYLED_ITEM('',(#1056),#1057);
#320=STYLED_ITEM('',(#1058),#1059);
#321=STYLED_ITEM('',(#1060),#1061);
#322=STYLED_ITEM('',(#1062),#1063);
#323=STYLED_ITEM('',(#1064),#1065);
#324=STYLED_ITEM('',(#1066),#1067);
#325=STYLED_ITEM('',(#1068),#1069);
#326=STYLED_ITEM('',(#1070),#1071);
#327=STYLED_ITEM('',(#1072),#1073);
#328=STYLED_ITEM('',(#1074),#1075);
#329=STYLED_ITEM('',(#1076),#1077);
#330=STYLED_ITEM('',(#1078),#1079);
#331=STYLED_ITEM('',(#1080),#1081);
#332=STYLED_ITEM('',(#1082),#1083);
#333=STYLED_ITEM('',(#1084),#1085);
#334=STYLED_ITEM('',(#1086),#1087);
#335=STYLED_ITEM('',(#1088),#1089);
#336=STYLED_ITEM('',(#1090),#1091);
#337=STYLED_ITEM('',(#1092),#1093);
#338=STYLED_ITEM('',(#1094),#1095);
#339=STYLED_ITEM('',(#1096),#1097);
#340=STYLED_ITEM('',(#1098),#1099);
#341=STYLED_ITEM('',(#1100),#1101);
#342=STYLED_ITEM('',(#1102),#1103);
#343=STYLED_ITEM('',(#1104),#1105);
#344=STYLED_ITEM('',(#1106),#1107);
#345=STYLED_ITEM('',(#1108),#1109);
#346=STYLED_ITEM('',(#1110),#1111);
#347=STYLED_ITEM('',(#1112),#1113);
#348=STYLED_ITEM('',(#1114),#1115);
#349=STYLED_ITEM('',(#1116),#1117);
#350=STYLED_ITEM('',(#1118),#1119);
#351=STYLED_ITEM('',(#1120),#1121);
#352=STYLED_ITEM('',(#1122),#1123);
#353=STYLED_ITEM('',(#1124),#1125);
#354=STYLED_ITEM('',(#1126),#1127);
#355=STYLED_ITEM('',(#1128),#1129);
#356=STYLED_ITEM('',(#1130),#1131);
#357=STYLED_ITEM('',(#1132),#1133);
#358=STYLED_ITEM('',(#1134),#1135);
#359=STYLED_ITEM('',(#1136),#1137);
#360=STYLED_ITEM('',(#1138),#1139);
#361=STYLED_ITEM('',(#1140),#1141);
#362=STYLED_ITEM('',(#1142),#1143);
#363=STYLED_ITEM('',(#1144),#1145);
#364=STYLED_ITEM('',(#1146),#1147);
#365=STYLED_ITEM('',(#1148),#1149);
#366=STYLED_ITEM('',(#1150),#1151);
#367=STYLED_ITEM('',(#1152),#1153);
#368=STYLED_ITEM('',(#1154),#1155);
#369=STYLED_ITEM('',(#1156),#1157);
#370=STYLED_ITEM('',(#1158),#1159);
#371=STYLED_ITEM('',(#1160),#1161);
#372=STYLED_ITEM('',(#1162),#1163);
#373=STYLED_ITEM('',(#1164),#1165);
#374=STYLED_ITEM('',(#1166),#1167);
#375=STYLED_ITEM('',(#1168),#1169);
#376=STYLED_ITEM('',(#1170),#1171);
#377=STYLED_ITEM('',(#1172),#1173);
#378=STYLED_ITEM('',(#1174),#1175);
#379=STYLED_ITEM('',(#1176),#1177);
#380=STYLED_ITEM('',(#1178),#1179);
#381=STYLED_ITEM('',(#1180),#1181);
#382=STYLED_ITEM('',(#1182),#1183);
#383=STYLED_ITEM('',(#1184),#1185);
#384=STYLED_ITEM('',(#1186),#1187);
#385=STYLED_ITEM('',(#1188),#1189);
#386=STYLED_ITEM('',(#1190),#1191);
#387=STYLED_ITEM('',(#1192),#1193);
#388=STYLED_ITEM('',(#1194),#1195);
#389=STYLED_ITEM('',(#1196),#1197);
#390=STYLED_ITEM('',(#1198),#1199);
#391=STYLED_ITEM('',(#1200),#1201);
#392=STYLED_ITEM('',(#1202),#1203);
#393=STYLED_ITEM('',(#1204),#1205);
#394=STYLED_ITEM('',(#1206),#1207);
#395=STYLED_ITEM('',(#1208),#1209);
#396=STYLED_ITEM('',(#1210),#1211);
#397=STYLED_ITEM('',(#1212),#1213);
#398=STYLED_ITEM('',(#1214),#1215);
#399=STYLED_ITEM('',(#1216),#1217);
#400=STYLED_ITEM('',(#1218),#1219);
#401=STYLED_ITEM('',(#1220),#1221);
#402=STYLED_ITEM('',(#1222),#1223);
#403=STYLED_ITEM('',(#1224),#1225);
#404=STYLED_ITEM('',(#1226),#1227);
#405=STYLED_ITEM('',(#1228),#1229);
#406=STYLED_ITEM('',(#1230),#1231);
#407=STYLED_ITEM('',(#1232),#1233);
#408=STYLED_ITEM('',(#1234),#1235);
#409=STYLED_ITEM('',(#1236),#1237);
#410=STYLED_ITEM('',(#1238),#1239);
#411=STYLED_ITEM('',(#1240),#1241);
#412=STYLED_ITEM('',(#1242),#1243);
#413=STYLED_ITEM('',(#1244),#1245);
#414=STYLED_ITEM('',(#1246),#1247);
#415=STYLED_ITEM('',(#1248),#1249);
#416=STYLED_ITEM('',(#1250),#1251);
#417=STYLED_ITEM('',(#1252),#1253);
#418=STYLED_ITEM('',(#1254),#1255);
#419=STYLED_ITEM('',(#1256),#1257);
#420=STYLED_ITEM('',(#1258),#1259);
#421=STYLED_ITEM('',(#1260),#1261);
#422=STYLED_ITEM('',(#1262),#1263);
#423=STYLED_ITEM('',(#1264),#1265);
#424=STYLED_ITEM('',(#1266),#1267);
#425=APPLICATION_CONTEXT(' ');
#426=PRODUCT_CATEGORY('part','NONE');
#427=PRODUCT_RELATED_PRODUCT_CATEGORY('detail',' ',(#1268));
#428=PRODUCT_DEFINITION_SHAPE('NONE','NONE',#1269);
#429=ADVANCED_BREP_SHAPE_REPRESENTATION('1',(#1267,#1270),#6);
#432=UNCERTAINTY_MEASURE_WITH_UNIT(LENGTH_MEASURE(1.0E-06),#434,'','');
#434= (CONVERSION_BASED_UNIT('MILLIMETRE',#1273)LENGTH_UNIT()NAMED_UNIT(#1276));
#435= (NAMED_UNIT(#1278)PLANE_ANGLE_UNIT()SI_UNIT($,.RADIAN.));
#436= (NAMED_UNIT(#1278)SOLID_ANGLE_UNIT()SI_UNIT($,.STERADIAN.));
#438=PRESENTATION_STYLE_ASSIGNMENT((#1284));
#439=ADVANCED_FACE('NONE',(#1285),#1286,.F.);
#440=PRESENTATION_STYLE_ASSIGNMENT((#1287));
#441=ADVANCED_FACE('NONE',(#1288),#1289,.F.);
#442=PRESENTATION_STYLE_ASSIGNMENT((#1290));
#443=ADVANCED_FACE('NONE',(#1291),#1292,.F.);
#444=PRESENTATION_STYLE_ASSIGNMENT((#1293));
#445=ADVANCED_FACE('NONE',(#1294),#1295,.T.);
#446=PRESENTATION_STYLE_ASSIGNMENT((#1296));
#447=ADVANCED_FACE('NONE',(#1297),#1298,.T.);
#448=PRESENTATION_STYLE_ASSIGNMENT((#1299));
#449=ADVANCED_FACE('NONE',(#1300),#1301,.T.);
#450=PRESENTATION_STYLE_ASSIGNMENT((#1302));
#451=ADVANCED_FACE('NONE',(#1303),#1304,.F.);
#452=PRESENTATION_STYLE_ASSIGNMENT((#1305));
#453=ADVANCED_FACE('NONE',(#1306),#1307,.F.);
#454=PRESENTATION_STYLE_ASSIGNMENT((#1308));
#455=ADVANCED_FACE('NONE',(#1309),#1310,.T.);
#456=PRESENTATION_STYLE_ASSIGNMENT((#1311));
#457=ADVANCED_FACE('NONE',(#1312),#1313,.T.);
#458=PRESENTATION_STYLE_ASSIGNMENT((#1314));
#459=ADVANCED_FACE('NONE',(#1315),#1316,.T.);
#460=PRESENTATION_STYLE_ASSIGNMENT((#1317));
#461=ADVANCED_FACE('NONE',(#1318),#1319,.F.);
#462=PRESENTATION_STYLE_ASSIGNMENT((#1320));
#463=ADVANCED_FACE('NONE',(#1321),#1322,.T.);
#464=PRESENTATION_STYLE_ASSIGNMENT((#1323));
#465=ADVANCED_FACE('NONE',(#1324),#1325,.T.);
#466=PRESENTATION_STYLE_ASSIGNMENT((#1326));
#467=ADVANCED_FACE('NONE',(#1327),#1328,.T.);
#468=PRESENTATION_STYLE_ASSIGNMENT((#1329));
#469=ADVANCED_FACE('NONE',(#1330),#1331,.T.);
#470=PRESENTATION_STYLE_ASSIGNMENT((#1332));
#471=ADVANCED_FACE('NONE',(#1333),#1334,.T.);
#472=PRESENTATION_STYLE_ASSIGNMENT((#1335));
#473=ADVANCED_FACE('NONE',(#1336),#1337,.T.);
#474=PRESENTATION_STYLE_ASSIGNMENT((#1338));
#475=ADVANCED_FACE('NONE',(#1339),#1340,.F.);
#476=PRESENTATION_STYLE_ASSIGNMENT((#1341));
#477=ADVANCED_FACE('NONE',(#1342),#1343,.F.);
#478=PRESENTATION_STYLE_ASSIGNMENT((#1344));
#479=ADVANCED_FACE('NONE',(#1345),#1346,.F.);
#480=PRESENTATION_STYLE_ASSIGNMENT((#1347));
#481=ADVANCED_FACE('NONE',(#1348),#1349,.T.);
#482=PRESENTATION_STYLE_ASSIGNMENT((#1350));
#483=ADVANCED_FACE('NONE',(#1351),#1352,.T.);
#484=PRESENTATION_STYLE_ASSIGNMENT((#1353));
#485=ADVANCED_FACE('NONE',(#1354),#1355,.T.);
#486=PRESENTATION_STYLE_ASSIGNMENT((#1356));
#487=ADVANCED_FACE('NONE',(#1357),#1358,.F.);
#488=PRESENTATION_STYLE_ASSIGNMENT((#1359));
#489=ADVANCED_FACE('NONE',(#1360),#1361,.F.);
#490=PRESENTATION_STYLE_ASSIGNMENT((#1362));
#491=ADVANCED_FACE('NONE',(#1363),#1364,.T.);
#492=PRESENTATION_STYLE_ASSIGNMENT((#1365));
#493=ADVANCED_FACE('NONE',(#1366),#1367,.T.);
#494=PRESENTATION_STYLE_ASSIGNMENT((#1368));
#495=ADVANCED_FACE('NONE',(#1369),#1370,.T.);
#496=PRESENTATION_STYLE_ASSIGNMENT((#1371));
#497=ADVANCED_FACE('NONE',(#1372),#1373,.T.);
#498=PRESENTATION_STYLE_ASSIGNMENT((#1374));
#499=ADVANCED_FACE('NONE',(#1375),#1376,.T.);
#500=PRESENTATION_STYLE_ASSIGNMENT((#1377));
#501=ADVANCED_FACE('NONE',(#1378),#1379,.F.);
#502=PRESENTATION_STYLE_ASSIGNMENT((#1380));
#503=ADVANCED_FACE('NONE',(#1381),#1382,.T.);
#504=PRESENTATION_STYLE_ASSIGNMENT((#1383));
#505=ADVANCED_FACE('NONE',(#1384),#1385,.T.);
#506=PRESENTATION_STYLE_ASSIGNMENT((#1386));
#507=ADVANCED_FACE('NONE',(#1387),#1388,.F.);
#508=PRESENTATION_STYLE_ASSIGNMENT((#1389));
#509=ADVANCED_FACE('NONE',(#1390),#1391,.T.);
#510=PRESENTATION_STYLE_ASSIGNMENT((#1392));
#511=ADVANCED_FACE('NONE',(#1393),#1394,.F.);
#512=PRESENTATION_STYLE_ASSIGNMENT((#1395));
#513=ADVANCED_FACE('NONE',(#1396),#1397,.F.);
#514=PRESENTATION_STYLE_ASSIGNMENT((#1398));
#515=ADVANCED_FACE('NONE',(#1399),#1400,.F.);
#516=PRESENTATION_STYLE_ASSIGNMENT((#1401));
#517=ADVANCED_FACE('NONE',(#1402),#1403,.F.);
#518=PRESENTATION_STYLE_ASSIGNMENT((#1404));
#519=ADVANCED_FACE('NONE',(#1405),#1406,.F.);
#520=PRESENTATION_STYLE_ASSIGNMENT((#1407));
#521=ADVANCED_FACE('NONE',(#1408),#1409,.T.);
#522=PRESENTATION_STYLE_ASSIGNMENT((#1410));
#523=ADVANCED_FACE('NONE',(#1411),#1412,.F.);
#524=PRESENTATION_STYLE_ASSIGNMENT((#1413));
#525=ADVANCED_FACE('NONE',(#1414),#1415,.F.);
#526=PRESENTATION_STYLE_ASSIGNMENT((#1416));
#527=ADVANCED_FACE('NONE',(#1417),#1418,.F.);
#528=PRESENTATION_STYLE_ASSIGNMENT((#1419));
#529=ADVANCED_FACE('NONE',(#1420),#1421,.F.);
#530=PRESENTATION_STYLE_ASSIGNMENT((#1422));
#531=ADVANCED_FACE('NONE',(#1423),#1424,.F.);
#532=PRESENTATION_STYLE_ASSIGNMENT((#1425));
#533=ADVANCED_FACE('NONE',(#1426),#1427,.F.);
#534=PRESENTATION_STYLE_ASSIGNMENT((#1428));
#535=ADVANCED_FACE('NONE',(#1429),#1430,.T.);
#536=PRESENTATION_STYLE_ASSIGNMENT((#1431));
#537=ADVANCED_FACE('NONE',(#1432),#1433,.F.);
#538=PRESENTATION_STYLE_ASSIGNMENT((#1434));
#539=ADVANCED_FACE('NONE',(#1435),#1436,.T.);
#540=PRESENTATION_STYLE_ASSIGNMENT((#1437));
#541=ADVANCED_FACE('NONE',(#1438),#1439,.F.);
#542=PRESENTATION_STYLE_ASSIGNMENT((#1440));
#543=ADVANCED_FACE('NONE',(#1441),#1442,.F.);
#544=PRESENTATION_STYLE_ASSIGNMENT((#1443));
#545=ADVANCED_FACE('NONE',(#1444),#1445,.F.);
#546=PRESENTATION_STYLE_ASSIGNMENT((#1446));
#547=ADVANCED_FACE('NONE',(#1447),#1448,.F.);
#548=PRESENTATION_STYLE_ASSIGNMENT((#1449));
#549=ADVANCED_FACE('NONE',(#1450),#1451,.F.);
#550=PRESENTATION_STYLE_ASSIGNMENT((#1452));
#551=ADVANCED_FACE('NONE',(#1453),#1454,.F.);
#552=PRESENTATION_STYLE_ASSIGNMENT((#1455));
#553=ADVANCED_FACE('NONE',(#1456),#1457,.F.);
#554=PRESENTATION_STYLE_ASSIGNMENT((#1458));
#555=ADVANCED_FACE('NONE',(#1459),#1460,.T.);
#556=PRESENTATION_STYLE_ASSIGNMENT((#1461));
#557=ADVANCED_FACE('NONE',(#1462),#1463,.T.);
#558=PRESENTATION_STYLE_ASSIGNMENT((#1464));
#559=ADVANCED_FACE('NONE',(#1465),#1466,.T.);
#560=PRESENTATION_STYLE_ASSIGNMENT((#1467));
#561=ADVANCED_FACE('NONE',(#1468),#1469,.T.);
#562=PRESENTATION_STYLE_ASSIGNMENT((#1470));
#563=ADVANCED_FACE('NONE',(#1471),#1472,.T.);
#564=PRESENTATION_STYLE_ASSIGNMENT((#1473));
#565=ADVANCED_FACE('NONE',(#1474),#1475,.F.);
#566=PRESENTATION_STYLE_ASSIGNMENT((#1476));
#567=ADVANCED_FACE('NONE',(#1477),#1478,.F.);
#568=PRESENTATION_STYLE_ASSIGNMENT((#1479));
#569=ADVANCED_FACE('NONE',(#1480),#1481,.F.);
#570=PRESENTATION_STYLE_ASSIGNMENT((#1482));
#571=ADVANCED_FACE('NONE',(#1483),#1484,.F.);
#572=PRESENTATION_STYLE_ASSIGNMENT((#1485));
#573=ADVANCED_FACE('NONE',(#1486,#1487),#1488,.F.);
#574=PRESENTATION_STYLE_ASSIGNMENT((#1489));
#575=ADVANCED_FACE('NONE',(#1490,#1491),#1492,.T.);
#576=PRESENTATION_STYLE_ASSIGNMENT((#1493));
#577=ADVANCED_FACE('NONE',(#1494),#1495,.T.);
#578=PRESENTATION_STYLE_ASSIGNMENT((#1496));
#579=ADVANCED_FACE('NONE',(#1497),#1498,.T.);
#580=PRESENTATION_STYLE_ASSIGNMENT((#1499));
#581=ADVANCED_FACE('NONE',(#1500),#1501,.T.);
#582=PRESENTATION_STYLE_ASSIGNMENT((#1502));
#583=ADVANCED_FACE('NONE',(#1503),#1504,.F.);
#584=PRESENTATION_STYLE_ASSIGNMENT((#1505));
#585=ADVANCED_FACE('NONE',(#1506),#1507,.F.);
#586=PRESENTATION_STYLE_ASSIGNMENT((#1508));
#587=ADVANCED_FACE('NONE',(#1509),#1510,.F.);
#588=PRESENTATION_STYLE_ASSIGNMENT((#1511));
#589=ADVANCED_FACE('NONE',(#1512),#1513,.T.);
#590=PRESENTATION_STYLE_ASSIGNMENT((#1514));
#591=ADVANCED_FACE('NONE',(#1515),#1516,.T.);
#592=PRESENTATION_STYLE_ASSIGNMENT((#1517));
#593=ADVANCED_FACE('NONE',(#1518),#1519,.T.);
#594=PRESENTATION_STYLE_ASSIGNMENT((#1520));
#595=ADVANCED_FACE('NONE',(#1521),#1522,.T.);
#596=PRESENTATION_STYLE_ASSIGNMENT((#1523));
#597=ADVANCED_FACE('NONE',(#1524),#1525,.T.);
#598=PRESENTATION_STYLE_ASSIGNMENT((#1526));
#599=ADVANCED_FACE('NONE',(#1527),#1528,.F.);
#600=PRESENTATION_STYLE_ASSIGNMENT((#1529));
#601=ADVANCED_FACE('NONE',(#1530),#1531,.F.);
#602=PRESENTATION_STYLE_ASSIGNMENT((#1532));
#603=ADVANCED_FACE('NONE',(#1533),#1534,.F.);
#604=PRESENTATION_STYLE_ASSIGNMENT((#1535));
#605=ADVANCED_FACE('NONE',(#1536),#1537,.F.);
#606=PRESENTATION_STYLE_ASSIGNMENT((#1538));
#607=ADVANCED_FACE('NONE',(#1539),#1540,.F.);
#608=PRESENTATION_STYLE_ASSIGNMENT((#1541));
#609=ADVANCED_FACE('NONE',(#1542),#1543,.F.);
#610=PRESENTATION_STYLE_ASSIGNMENT((#1544));
#611=ADVANCED_FACE('NONE',(#1545),#1546,.T.);
#612=PRESENTATION_STYLE_ASSIGNMENT((#1547));
#613=ADVANCED_FACE('NONE',(#1548),#1549,.T.);
#614=PRESENTATION_STYLE_ASSIGNMENT((#1550));
#615=ADVANCED_FACE('NONE',(#1551),#1552,.T.);
#616=PRESENTATION_STYLE_ASSIGNMENT((#1553));
#617=ADVANCED_FACE('NONE',(#1554),#1555,.T.);
#618=PRESENTATION_STYLE_ASSIGNMENT((#1556));
#619=ADVANCED_FACE('NONE',(#1557),#1558,.T.);
#620=PRESENTATION_STYLE_ASSIGNMENT((#1559));
#621=ADVANCED_FACE('NONE',(#1560),#1561,.F.);
#622=PRESENTATION_STYLE_ASSIGNMENT((#1562));
#623=ADVANCED_FACE('NONE',(#1563),#1564,.F.);
#624=PRESENTATION_STYLE_ASSIGNMENT((#1565));
#625=ADVANCED_FACE('NONE',(#1566),#1567,.T.);
#626=PRESENTATION_STYLE_ASSIGNMENT((#1568));
#627=ADVANCED_FACE('NONE',(#1569),#1570,.F.);
#628=PRESENTATION_STYLE_ASSIGNMENT((#1571));
#629=ADVANCED_FACE('NONE',(#1572),#1573,.F.);
#630=PRESENTATION_STYLE_ASSIGNMENT((#1574));
#631=ADVANCED_FACE('NONE',(#1575),#1576,.F.);
#632=PRESENTATION_STYLE_ASSIGNMENT((#1577));
#633=ADVANCED_FACE('NONE',(#1578),#1579,.F.);
#634=PRESENTATION_STYLE_ASSIGNMENT((#1580));
#635=ADVANCED_FACE('NONE',(#1581),#1582,.T.);
#636=PRESENTATION_STYLE_ASSIGNMENT((#1583));
#637=ADVANCED_FACE('NONE',(#1584),#1585,.T.);
#638=PRESENTATION_STYLE_ASSIGNMENT((#1586));
#639=ADVANCED_FACE('NONE',(#1587),#1588,.T.);
#640=PRESENTATION_STYLE_ASSIGNMENT((#1589));
#641=ADVANCED_FACE('NONE',(#1590),#1591,.T.);
#642=PRESENTATION_STYLE_ASSIGNMENT((#1592));
#643=ADVANCED_FACE('NONE',(#1593),#1594,.T.);
#644=PRESENTATION_STYLE_ASSIGNMENT((#1595));
#645=ADVANCED_FACE('NONE',(#1596),#1597,.T.);
#646=PRESENTATION_STYLE_ASSIGNMENT((#1598));
#647=ADVANCED_FACE('NONE',(#1599),#1600,.T.);
#648=PRESENTATION_STYLE_ASSIGNMENT((#1601));
#649=ADVANCED_FACE('NONE',(#1602),#1603,.T.);
#650=PRESENTATION_STYLE_ASSIGNMENT((#1604));
#651=ADVANCED_FACE('NONE',(#1605,#1606,#1607,#1608),#1609,.F.);
#652=PRESENTATION_STYLE_ASSIGNMENT((#1610));
#653=ADVANCED_FACE('NONE',(#1611),#1612,.T.);
#654=PRESENTATION_STYLE_ASSIGNMENT((#1613));
#655=ADVANCED_FACE('NONE',(#1614,#1615),#1616,.T.);
#656=PRESENTATION_STYLE_ASSIGNMENT((#1617));
#657=ADVANCED_FACE('NONE',(#1618),#1619,.F.);
#658=PRESENTATION_STYLE_ASSIGNMENT((#1620));
#659=ADVANCED_FACE('NONE',(#1621),#1622,.T.);
#660=PRESENTATION_STYLE_ASSIGNMENT((#1623));
#661=ADVANCED_FACE('NONE',(#1624),#1625,.F.);
#662=PRESENTATION_STYLE_ASSIGNMENT((#1626));
#663=ADVANCED_FACE('NONE',(#1627),#1628,.F.);
#664=PRESENTATION_STYLE_ASSIGNMENT((#1629));
#665=ADVANCED_FACE('NONE',(#1630),#1631,.F.);
#666=PRESENTATION_STYLE_ASSIGNMENT((#1632));
#667=ADVANCED_FACE('NONE',(#1633),#1634,.F.);
#668=PRESENTATION_STYLE_ASSIGNMENT((#1635));
#669=ADVANCED_FACE('NONE',(#1636),#1637,.T.);
#670=PRESENTATION_STYLE_ASSIGNMENT((#1638));
#671=ADVANCED_FACE('NONE',(#1639),#1640,.T.);
#672=PRESENTATION_STYLE_ASSIGNMENT((#1641));
#673=ADVANCED_FACE('NONE',(#1642),#1643,.F.);
#674=PRESENTATION_STYLE_ASSIGNMENT((#1644));
#675=ADVANCED_FACE('NONE',(#1645),#1646,.F.);
#676=PRESENTATION_STYLE_ASSIGNMENT((#1647));
#677=ADVANCED_FACE('NONE',(#1648),#1649,.F.);
#678=PRESENTATION_STYLE_ASSIGNMENT((#1650));
#679=ADVANCED_FACE('NONE',(#1651),#1652,.F.);
#680=PRESENTATION_STYLE_ASSIGNMENT((#1653));
#681=ADVANCED_FACE('NONE',(#1654),#1655,.F.);
#682=PRESENTATION_STYLE_ASSIGNMENT((#1656));
#683=ADVANCED_FACE('NONE',(#1657),#1658,.F.);
#684=PRESENTATION_STYLE_ASSIGNMENT((#1659));
#685=ADVANCED_FACE('NONE',(#1660),#1661,.F.);
#686=PRESENTATION_STYLE_ASSIGNMENT((#1662));
#687=ADVANCED_FACE('NONE',(#1663),#1664,.F.);
#688=PRESENTATION_STYLE_ASSIGNMENT((#1665));
#689=ADVANCED_FACE('NONE',(#1666),#1667,.F.);
#690=PRESENTATION_STYLE_ASSIGNMENT((#1668));
#691=ADVANCED_FACE('NONE',(#1669),#1670,.F.);
#692=PRESENTATION_STYLE_ASSIGNMENT((#1671));
#693=ADVANCED_FACE('NONE',(#1672),#1673,.T.);
#694=PRESENTATION_STYLE_ASSIGNMENT((#1674));
#695=ADVANCED_FACE('NONE',(#1675),#1676,.F.);
#696=PRESENTATION_STYLE_ASSIGNMENT((#1677));
#697=ADVANCED_FACE('NONE',(#1678),#1679,.F.);
#698=PRESENTATION_STYLE_ASSIGNMENT((#1680));
#699=ADVANCED_FACE('NONE',(#1681),#1682,.F.);
#700=PRESENTATION_STYLE_ASSIGNMENT((#1683));
#701=ADVANCED_FACE('NONE',(#1684),#1685,.F.);
#702=PRESENTATION_STYLE_ASSIGNMENT((#1686));
#703=ADVANCED_FACE('NONE',(#1687),#1688,.F.);
#704=PRESENTATION_STYLE_ASSIGNMENT((#1689));
#705=ADVANCED_FACE('NONE',(#1690),#1691,.F.);
#706=PRESENTATION_STYLE_ASSIGNMENT((#1692));
#707=ADVANCED_FACE('NONE',(#1693),#1694,.F.);
#708=PRESENTATION_STYLE_ASSIGNMENT((#1695));
#709=ADVANCED_FACE('NONE',(#1696),#1697,.F.);
#710=PRESENTATION_STYLE_ASSIGNMENT((#1698));
#711=ADVANCED_FACE('NONE',(#1699),#1700,.F.);
#712=PRESENTATION_STYLE_ASSIGNMENT((#1701));
#713=ADVANCED_FACE('NONE',(#1702),#1703,.F.);
#714=PRESENTATION_STYLE_ASSIGNMENT((#1704));
#715=ADVANCED_FACE('NONE',(#1705),#1706,.T.);
#716=PRESENTATION_STYLE_ASSIGNMENT((#1707));
#717=ADVANCED_FACE('NONE',(#1708),#1709,.F.);
#718=PRESENTATION_STYLE_ASSIGNMENT((#1710));
#719=ADVANCED_FACE('NONE',(#1711),#1712,.F.);
#720=PRESENTATION_STYLE_ASSIGNMENT((#1713));
#721=ADVANCED_FACE('NONE',(#1714),#1715,.T.);
#722=PRESENTATION_STYLE_ASSIGNMENT((#1716));
#723=ADVANCED_FACE('NONE',(#1717),#1718,.T.);
#724=PRESENTATION_STYLE_ASSIGNMENT((#1719));
#725=ADVANCED_FACE('NONE',(#1720),#1721,.T.);
#726=PRESENTATION_STYLE_ASSIGNMENT((#1722));
#727=ADVANCED_FACE('NONE',(#1723),#1724,.F.);
#728=PRESENTATION_STYLE_ASSIGNMENT((#1725));
#729=ADVANCED_FACE('NONE',(#1726),#1727,.F.);
#730=PRESENTATION_STYLE_ASSIGNMENT((#1728));
#731=ADVANCED_FACE('NONE',(#1729),#1730,.T.);
#732=PRESENTATION_STYLE_ASSIGNMENT((#1731));
#733=ADVANCED_FACE('NONE',(#1732),#1733,.F.);
#734=PRESENTATION_STYLE_ASSIGNMENT((#1734));
#735=ADVANCED_FACE('NONE',(#1735),#1736,.F.);
#736=PRESENTATION_STYLE_ASSIGNMENT((#1737));
#737=ADVANCED_FACE('NONE',(#1738),#1739,.F.);
#738=PRESENTATION_STYLE_ASSIGNMENT((#1740));
#739=ADVANCED_FACE('NONE',(#1741),#1742,.F.);
#740=PRESENTATION_STYLE_ASSIGNMENT((#1743));
#741=ADVANCED_FACE('NONE',(#1744),#1745,.F.);
#742=PRESENTATION_STYLE_ASSIGNMENT((#1746));
#743=ADVANCED_FACE('NONE',(#1747),#1748,.F.);
#744=PRESENTATION_STYLE_ASSIGNMENT((#1749));
#745=ADVANCED_FACE('NONE',(#1750),#1751,.F.);
#746=PRESENTATION_STYLE_ASSIGNMENT((#1752));
#747=ADVANCED_FACE('NONE',(#1753),#1754,.F.);
#748=PRESENTATION_STYLE_ASSIGNMENT((#1755));
#749=ADVANCED_FACE('NONE',(#1756),#1757,.F.);
#750=PRESENTATION_STYLE_ASSIGNMENT((#1758));
#751=ADVANCED_FACE('NONE',(#1759),#1760,.T.);
#752=PRESENTATION_STYLE_ASSIGNMENT((#1761));
#753=ADVANCED_FACE('NONE',(#1762),#1763,.F.);
#754=PRESENTATION_STYLE_ASSIGNMENT((#1764));
#755=ADVANCED_FACE('NONE',(#1765),#1766,.T.);
#756=PRESENTATION_STYLE_ASSIGNMENT((#1767));
#757=ADVANCED_FACE('NONE',(#1768,#1769,#1770,#1771),#1772,.T.);
#758=PRESENTATION_STYLE_ASSIGNMENT((#1773));
#759=ADVANCED_FACE('NONE',(#1774),#1775,.T.);
#760=PRESENTATION_STYLE_ASSIGNMENT((#1776));
#761=ADVANCED_FACE('NONE',(#1777),#1778,.F.);
#762=PRESENTATION_STYLE_ASSIGNMENT((#1779));
#763=ADVANCED_FACE('NONE',(#1780),#1781,.T.);
#764=PRESENTATION_STYLE_ASSIGNMENT((#1782));
#765=ADVANCED_FACE('NONE',(#1783),#1784,.T.);
#766=PRESENTATION_STYLE_ASSIGNMENT((#1785));
#767=ADVANCED_FACE('NONE',(#1786),#1787,.T.);
#768=PRESENTATION_STYLE_ASSIGNMENT((#1788));
#769=ADVANCED_FACE('NONE',(#1789),#1790,.F.);
#770=PRESENTATION_STYLE_ASSIGNMENT((#1791));
#771=ADVANCED_FACE('NONE',(#1792),#1793,.T.);
#772=PRESENTATION_STYLE_ASSIGNMENT((#1794));
#773=ADVANCED_FACE('NONE',(#1795),#1796,.T.);
#774=PRESENTATION_STYLE_ASSIGNMENT((#1797));
#775=ADVANCED_FACE('NONE',(#1798),#1799,.T.);
#776=PRESENTATION_STYLE_ASSIGNMENT((#1800));
#777=ADVANCED_FACE('NONE',(#1801),#1802,.T.);
#778=PRESENTATION_STYLE_ASSIGNMENT((#1803));
#779=ADVANCED_FACE('NONE',(#1804),#1805,.F.);
#780=PRESENTATION_STYLE_ASSIGNMENT((#1806));
#781=ADVANCED_FACE('NONE',(#1807),#1808,.F.);
#782=PRESENTATION_STYLE_ASSIGNMENT((#1809));
#783=ADVANCED_FACE('NONE',(#1810),#1811,.F.);
#784=PRESENTATION_STYLE_ASSIGNMENT((#1812));
#785=ADVANCED_FACE('NONE',(#1813),#1814,.F.);
#786=PRESENTATION_STYLE_ASSIGNMENT((#1815));
#787=ADVANCED_FACE('NONE',(#1816),#1817,.T.);
#788=PRESENTATION_STYLE_ASSIGNMENT((#1818));
#789=ADVANCED_FACE('NONE',(#1819),#1820,.F.);
#790=PRESENTATION_STYLE_ASSIGNMENT((#1821));
#791=ADVANCED_FACE('NONE',(#1822),#1823,.F.);
#792=PRESENTATION_STYLE_ASSIGNMENT((#1824));
#793=ADVANCED_FACE('NONE',(#1825),#1826,.F.);
#794=PRESENTATION_STYLE_ASSIGNMENT((#1827));
#795=ADVANCED_FACE('NONE',(#1828),#1829,.F.);
#796=PRESENTATION_STYLE_ASSIGNMENT((#1830));
#797=ADVANCED_FACE('NONE',(#1831),#1832,.T.);
#798=PRESENTATION_STYLE_ASSIGNMENT((#1833));
#799=ADVANCED_FACE('NONE',(#1834),#1835,.T.);
#800=PRESENTATION_STYLE_ASSIGNMENT((#1836));
#801=ADVANCED_FACE('NONE',(#1837),#1838,.F.);
#802=PRESENTATION_STYLE_ASSIGNMENT((#1839));
#803=ADVANCED_FACE('NONE',(#1840),#1841,.T.);
#804=PRESENTATION_STYLE_ASSIGNMENT((#1842));
#805=ADVANCED_FACE('NONE',(#1843),#1844,.F.);
#806=PRESENTATION_STYLE_ASSIGNMENT((#1845));
#807=ADVANCED_FACE('NONE',(#1846),#1847,.F.);
#808=PRESENTATION_STYLE_ASSIGNMENT((#1848));
#809=ADVANCED_FACE('NONE',(#1849),#1850,.T.);
#810=PRESENTATION_STYLE_ASSIGNMENT((#1851));
#811=ADVANCED_FACE('NONE',(#1852),#1853,.T.);
#812=PRESENTATION_STYLE_ASSIGNMENT((#1854));
#813=ADVANCED_FACE('NONE',(#1855),#1856,.T.);
#814=PRESENTATION_STYLE_ASSIGNMENT((#1857));
#815=ADVANCED_FACE('NONE',(#1858),#1859,.T.);
#816=PRESENTATION_STYLE_ASSIGNMENT((#1860));
#817=ADVANCED_FACE('NONE',(#1861),#1862,.T.);
#818=PRESENTATION_STYLE_ASSIGNMENT((#1863));
#819=ADVANCED_FACE('NONE',(#1864),#1865,.T.);
#820=PRESENTATION_STYLE_ASSIGNMENT((#1866));
#821=ADVANCED_FACE('NONE',(#1867),#1868,.F.);
#822=PRESENTATION_STYLE_ASSIGNMENT((#1869));
#823=ADVANCED_FACE('NONE',(#1870),#1871,.T.);
#824=PRESENTATION_STYLE_ASSIGNMENT((#1872));
#825=ADVANCED_FACE('NONE',(#1873),#1874,.F.);
#826=PRESENTATION_STYLE_ASSIGNMENT((#1875));
#827=ADVANCED_FACE('NONE',(#1876),#1877,.T.);
#828=PRESENTATION_STYLE_ASSIGNMENT((#1878));
#829=ADVANCED_FACE('NONE',(#1879),#1880,.T.);
#830=PRESENTATION_STYLE_ASSIGNMENT((#1881));
#831=ADVANCED_FACE('NONE',(#1882),#1883,.T.);
#832=PRESENTATION_STYLE_ASSIGNMENT((#1884));
#833=ADVANCED_FACE('NONE',(#1885),#1886,.T.);
#834=PRESENTATION_STYLE_ASSIGNMENT((#1887));
#835=ADVANCED_FACE('NONE',(#1888),#1889,.T.);
#836=PRESENTATION_STYLE_ASSIGNMENT((#1890));
#837=ADVANCED_FACE('NONE',(#1891),#1892,.F.);
#838=PRESENTATION_STYLE_ASSIGNMENT((#1893));
#839=ADVANCED_FACE('NONE',(#1894),#1895,.T.);
#840=PRESENTATION_STYLE_ASSIGNMENT((#1896));
#841=ADVANCED_FACE('NONE',(#1897),#1898,.F.);
#842=PRESENTATION_STYLE_ASSIGNMENT((#1899));
#843=ADVANCED_FACE('NONE',(#1900),#1901,.T.);
#844=PRESENTATION_STYLE_ASSIGNMENT((#1902));
#845=ADVANCED_FACE('NONE',(#1903),#1904,.T.);
#846=PRESENTATION_STYLE_ASSIGNMENT((#1905));
#847=ADVANCED_FACE('NONE',(#1906),#1907,.T.);
#848=PRESENTATION_STYLE_ASSIGNMENT((#1908));
#849=ADVANCED_FACE('NONE',(#1909),#1910,.T.);
#850=PRESENTATION_STYLE_ASSIGNMENT((#1911));
#851=ADVANCED_FACE('NONE',(#1912),#1913,.T.);
#852=PRESENTATION_STYLE_ASSIGNMENT((#1914));
#853=ADVANCED_FACE('NONE',(#1915),#1916,.T.);
#854=PRESENTATION_STYLE_ASSIGNMENT((#1917));
#855=ADVANCED_FACE('NONE',(#1918),#1919,.T.);
#856=PRESENTATION_STYLE_ASSIGNMENT((#1920));
#857=ADVANCED_FACE('NONE',(#1921),#1922,.T.);
#858=PRESENTATION_STYLE_ASSIGNMENT((#1923));
#859=ADVANCED_FACE('NONE',(#1924),#1925,.T.);
#860=PRESENTATION_STYLE_ASSIGNMENT((#1926));
#861=ADVANCED_FACE('NONE',(#1927),#1928,.T.);
#862=PRESENTATION_STYLE_ASSIGNMENT((#1929));
#863=ADVANCED_FACE('NONE',(#1930),#1931,.F.);
#864=PRESENTATION_STYLE_ASSIGNMENT((#1932));
#865=ADVANCED_FACE('NONE',(#1933),#1934,.F.);
#866=PRESENTATION_STYLE_ASSIGNMENT((#1935));
#867=ADVANCED_FACE('NONE',(#1936),#1937,.T.);
#868=PRESENTATION_STYLE_ASSIGNMENT((#1938));
#869=ADVANCED_FACE('NONE',(#1939),#1940,.T.);
#870=PRESENTATION_STYLE_ASSIGNMENT((#1941));
#871=ADVANCED_FACE('NONE',(#1942),#1943,.T.);
#872=PRESENTATION_STYLE_ASSIGNMENT((#1944));
#873=ADVANCED_FACE('NONE',(#1945),#1946,.T.);
#874=PRESENTATION_STYLE_ASSIGNMENT((#1947));
#875=ADVANCED_FACE('NONE',(#1948),#1949,.T.);
#876=PRESENTATION_STYLE_ASSIGNMENT((#1950));
#877=ADVANCED_FACE('NONE',(#1951),#1952,.T.);
#878=PRESENTATION_STYLE_ASSIGNMENT((#1953));
#879=ADVANCED_FACE('NONE',(#1954),#1955,.T.);
#880=PRESENTATION_STYLE_ASSIGNMENT((#1956));
#881=ADVANCED_FACE('NONE',(#1957),#1958,.T.);
#882=PRESENTATION_STYLE_ASSIGNMENT((#1959));
#883=ADVANCED_FACE('NONE',(#1960),#1961,.T.);
#884=PRESENTATION_STYLE_ASSIGNMENT((#1962));
#885=ADVANCED_FACE('NONE',(#1963),#1964,.T.);
#886=PRESENTATION_STYLE_ASSIGNMENT((#1965));
#887=ADVANCED_FACE('NONE',(#1966),#1967,.T.);
#888=PRESENTATION_STYLE_ASSIGNMENT((#1968));
#889=ADVANCED_FACE('NONE',(#1969),#1970,.T.);
#890=PRESENTATION_STYLE_ASSIGNMENT((#1971));
#891=ADVANCED_FACE('NONE',(#1972),#1973,.T.);
#892=PRESENTATION_STYLE_ASSIGNMENT((#1974));
#893=ADVANCED_FACE('NONE',(#1975),#1976,.T.);
#894=PRESENTATION_STYLE_ASSIGNMENT((#1977));
#895=ADVANCED_FACE('NONE',(#1978),#1979,.T.);
#896=PRESENTATION_STYLE_ASSIGNMENT((#1980));
#897=ADVANCED_FACE('NONE',(#1981),#1982,.F.);
#898=PRESENTATION_STYLE_ASSIGNMENT((#1983));
#899=ADVANCED_FACE('NONE',(#1984),#1985,.F.);
#900=PRESENTATION_STYLE_ASSIGNMENT((#1986));
#901=ADVANCED_FACE('NONE',(#1987),#1988,.T.);
#902=PRESENTATION_STYLE_ASSIGNMENT((#1989));
#903=ADVANCED_FACE('NONE',(#1990),#1991,.T.);
#904=PRESENTATION_STYLE_ASSIGNMENT((#1992));
#905=ADVANCED_FACE('NONE',(#1993),#1994,.T.);
#906=PRESENTATION_STYLE_ASSIGNMENT((#1995));
#907=ADVANCED_FACE('NONE',(#1996),#1997,.T.);
#908=PRESENTATION_STYLE_ASSIGNMENT((#1998));
#909=ADVANCED_FACE('NONE',(#1999),#2000,.T.);
#910=PRESENTATION_STYLE_ASSIGNMENT((#2001));
#911=ADVANCED_FACE('NONE',(#2002),#2003,.T.);
#912=PRESENTATION_STYLE_ASSIGNMENT((#2004));
#913=ADVANCED_FACE('NONE',(#2005),#2006,.F.);
#914=PRESENTATION_STYLE_ASSIGNMENT((#2007));
#915=ADVANCED_FACE('NONE',(#2008),#2009,.F.);
#916=PRESENTATION_STYLE_ASSIGNMENT((#2010));
#917=ADVANCED_FACE('NONE',(#2011),#2012,.F.);
#918=PRESENTATION_STYLE_ASSIGNMENT((#2013));
#919=ADVANCED_FACE('NONE',(#2014),#2015,.F.);
#920=PRESENTATION_STYLE_ASSIGNMENT((#2016));
#921=ADVANCED_FACE('NONE',(#2017),#2018,.F.);
#922=PRESENTATION_STYLE_ASSIGNMENT((#2019));
#923=ADVANCED_FACE('NONE',(#2020),#2021,.F.);
#924=PRESENTATION_STYLE_ASSIGNMENT((#2022));
#925=ADVANCED_FACE('NONE',(#2023),#2024,.T.);
#926=PRESENTATION_STYLE_ASSIGNMENT((#2025));
#927=ADVANCED_FACE('NONE',(#2026),#2027,.F.);
#928=PRESENTATION_STYLE_ASSIGNMENT((#2028));
#929=ADVANCED_FACE('NONE',(#2029),#2030,.F.);
#930=PRESENTATION_STYLE_ASSIGNMENT((#2031));
#931=ADVANCED_FACE('NONE',(#2032),#2033,.F.);
#932=PRESENTATION_STYLE_ASSIGNMENT((#2034));
#933=ADVANCED_FACE('NONE',(#2035),#2036,.T.);
#934=PRESENTATION_STYLE_ASSIGNMENT((#2037));
#935=ADVANCED_FACE('NONE',(#2038),#2039,.F.);
#936=PRESENTATION_STYLE_ASSIGNMENT((#2040));
#937=ADVANCED_FACE('NONE',(#2041),#2042,.F.);
#938=PRESENTATION_STYLE_ASSIGNMENT((#2043));
#939=ADVANCED_FACE('NONE',(#2044),#2045,.F.);
#940=PRESENTATION_STYLE_ASSIGNMENT((#2046));
#941=ADVANCED_FACE('NONE',(#2047),#2048,.T.);
#942=PRESENTATION_STYLE_ASSIGNMENT((#2049));
#943=ADVANCED_FACE('NONE',(#2050),#2051,.T.);
#944=PRESENTATION_STYLE_ASSIGNMENT((#2052));
#945=ADVANCED_FACE('NONE',(#2053),#2054,.F.);
#946=PRESENTATION_STYLE_ASSIGNMENT((#2055));
#947=ADVANCED_FACE('NONE',(#2056),#2057,.F.);
#948=PRESENTATION_STYLE_ASSIGNMENT((#2058));
#949=ADVANCED_FACE('NONE',(#2059),#2060,.F.);
#950=PRESENTATION_STYLE_ASSIGNMENT((#2061));
#951=ADVANCED_FACE('NONE',(#2062),#2063,.F.);
#952=PRESENTATION_STYLE_ASSIGNMENT((#2064));
#953=ADVANCED_FACE('NONE',(#2065),#2066,.F.);
#954=PRESENTATION_STYLE_ASSIGNMENT((#2067));
#955=ADVANCED_FACE('NONE',(#2068),#2069,.T.);
#956=PRESENTATION_STYLE_ASSIGNMENT((#2070));
#957=ADVANCED_FACE('NONE',(#2071),#2072,.F.);
#958=PRESENTATION_STYLE_ASSIGNMENT((#2073));
#959=ADVANCED_FACE('NONE',(#2074),#2075,.F.);
#960=PRESENTATION_STYLE_ASSIGNMENT((#2076));
#961=ADVANCED_FACE('NONE',(#2077),#2078,.F.);
#962=PRESENTATION_STYLE_ASSIGNMENT((#2079));
#963=ADVANCED_FACE('NONE',(#2080),#2081,.F.);
#964=PRESENTATION_STYLE_ASSIGNMENT((#2082));
#965=ADVANCED_FACE('NONE',(#2083),#2084,.F.);
#966=PRESENTATION_STYLE_ASSIGNMENT((#2085));
#967=ADVANCED_FACE('NONE',(#2086),#2087,.F.);
#968=PRESENTATION_STYLE_ASSIGNMENT((#2088));
#969=ADVANCED_FACE('NONE',(#2089),#2090,.T.);
#970=PRESENTATION_STYLE_ASSIGNMENT((#2091));
#971=ADVANCED_FACE('NONE',(#2092),#2093,.F.);
#972=PRESENTATION_STYLE_ASSIGNMENT((#2094));
#973=ADVANCED_FACE('NONE',(#2095),#2096,.F.);
#974=PRESENTATION_STYLE_ASSIGNMENT((#2097));
#975=ADVANCED_FACE('NONE',(#2098),#2099,.T.);
#976=PRESENTATION_STYLE_ASSIGNMENT((#2100));
#977=ADVANCED_FACE('NONE',(#2101),#2102,.F.);
#978=PRESENTATION_STYLE_ASSIGNMENT((#2103));
#979=ADVANCED_FACE('NONE',(#2104),#2105,.F.);
#980=PRESENTATION_STYLE_ASSIGNMENT((#2106));
#981=ADVANCED_FACE('NONE',(#2107),#2108,.F.);
#982=PRESENTATION_STYLE_ASSIGNMENT((#2109));
#983=ADVANCED_FACE('NONE',(#2110,#2111),#2112,.T.);
#984=PRESENTATION_STYLE_ASSIGNMENT((#2113));
#985=ADVANCED_FACE('NONE',(#2114),#2115,.F.);
#986=PRESENTATION_STYLE_ASSIGNMENT((#2116));
#987=ADVANCED_FACE('NONE',(#2117),#2118,.T.);
#988=PRESENTATION_STYLE_ASSIGNMENT((#2119));
#989=ADVANCED_FACE('NONE',(#2120,#2121),#2122,.T.);
#990=PRESENTATION_STYLE_ASSIGNMENT((#2123));
#991=ADVANCED_FACE('NONE',(#2124),#2125,.T.);
#992=PRESENTATION_STYLE_ASSIGNMENT((#2126));
#993=ADVANCED_FACE('NONE',(#2127,#2128),#2129,.F.);
#994=PRESENTATION_STYLE_ASSIGNMENT((#2130));
#995=ADVANCED_FACE('NONE',(#2131),#2132,.T.);
#996=PRESENTATION_STYLE_ASSIGNMENT((#2133));
#997=ADVANCED_FACE('NONE',(#2134,#2135),#2136,.T.);
#998=PRESENTATION_STYLE_ASSIGNMENT((#2137));
#999=ADVANCED_FACE('NONE',(#2138),#2139,.F.);
#1000=PRESENTATION_STYLE_ASSIGNMENT((#2140));
#1001=ADVANCED_FACE('NONE',(#2141),#2142,.F.);
#1002=PRESENTATION_STYLE_ASSIGNMENT((#2143));
#1003=ADVANCED_FACE('NONE',(#2144),#2145,.F.);
#1004=PRESENTATION_STYLE_ASSIGNMENT((#2146));
#1005=ADVANCED_FACE('NONE',(#2147),#2148,.F.);
#1006=PRESENTATION_STYLE_ASSIGNMENT((#2149));
#1007=ADVANCED_FACE('NONE',(#2150),#2151,.F.);
#1008=PRESENTATION_STYLE_ASSIGNMENT((#2152));
#1009=ADVANCED_FACE('NONE',(#2153),#2154,.F.);
#1010=PRESENTATION_STYLE_ASSIGNMENT((#2155));
#1011=ADVANCED_FACE('NONE',(#2156),#2157,.F.);
#1012=PRESENTATION_STYLE_ASSIGNMENT((#2158));
#1013=ADVANCED_FACE('NONE',(#2159),#2160,.F.);
#1014=PRESENTATION_STYLE_ASSIGNMENT((#2161));
#1015=ADVANCED_FACE('NONE',(#2162),#2163,.F.);
#1016=PRESENTATION_STYLE_ASSIGNMENT((#2164));
#1017=ADVANCED_FACE('NONE',(#2165),#2166,.F.);
#1018=PRESENTATION_STYLE_ASSIGNMENT((#2167));
#1019=ADVANCED_FACE('NONE',(#2168),#2169,.F.);
#1020=PRESENTATION_STYLE_ASSIGNMENT((#2170));
#1021=ADVANCED_FACE('NONE',(#2171),#2172,.F.);
#1022=PRESENTATION_STYLE_ASSIGNMENT((#2173));
#1023=ADVANCED_FACE('NONE',(#2174),#2175,.F.);
#1024=PRESENTATION_STYLE_ASSIGNMENT((#2176));
#1025=ADVANCED_FACE('NONE',(#2177),#2178,.F.);
#1026=PRESENTATION_STYLE_ASSIGNMENT((#2179));
#1027=ADVANCED_FACE('NONE',(#2180),#2181,.F.);
#1028=PRESENTATION_STYLE_ASSIGNMENT((#2182));
#1029=ADVANCED_FACE('NONE',(#2183),#2184,.F.);
#1030=PRESENTATION_STYLE_ASSIGNMENT((#2185));
#1031=ADVANCED_FACE('NONE',(#2186),#2187,.F.);
#1032=PRESENTATION_STYLE_ASSIGNMENT((#2188));
#1033=ADVANCED_FACE('NONE',(#2189),#2190,.F.);
#1034=PRESENTATION_STYLE_ASSIGNMENT((#2191));
#1035=ADVANCED_FACE('NONE',(#2192),#2193,.F.);
#1036=PRESENTATION_STYLE_ASSIGNMENT((#2194));
#1037=ADVANCED_FACE('NONE',(#2195),#2196,.F.);
#1038=PRESENTATION_STYLE_ASSIGNMENT((#2197));
#1039=ADVANCED_FACE('NONE',(#2198),#2199,.F.);
#1040=PRESENTATION_STYLE_ASSIGNMENT((#2200));
#1041=ADVANCED_FACE('NONE',(#2201),#2202,.F.);
#1042=PRESENTATION_STYLE_ASSIGNMENT((#2203));
#1043=ADVANCED_FACE('NONE',(#2204),#2205,.F.);
#1044=PRESENTATION_STYLE_ASSIGNMENT((#2206));
#1045=ADVANCED_FACE('NONE',(#2207),#2208,.F.);
#1046=PRESENTATION_STYLE_ASSIGNMENT((#2209));
#1047=ADVANCED_FACE('NONE',(#2210),#2211,.F.);
#1048=PRESENTATION_STYLE_ASSIGNMENT((#2212));
#1049=ADVANCED_FACE('NONE',(#2213),#2214,.F.);
#1050=PRESENTATION_STYLE_ASSIGNMENT((#2215));
#1051=ADVANCED_FACE('NONE',(#2216),#2217,.F.);
#1052=PRESENTATION_STYLE_ASSIGNMENT((#2218));
#1053=ADVANCED_FACE('NONE',(#2219),#2220,.T.);
#1054=PRESENTATION_STYLE_ASSIGNMENT((#2221));
#1055=ADVANCED_FACE('NONE',(#2222),#2223,.F.);
#1056=PRESENTATION_STYLE_ASSIGNMENT((#2224));
#1057=ADVANCED_FACE('NONE',(#2225),#2226,.F.);
#1058=PRESENTATION_STYLE_ASSIGNMENT((#2227));
#1059=ADVANCED_FACE('NONE',(#2228),#2229,.F.);
#1060=PRESENTATION_STYLE_ASSIGNMENT((#2230));
#1061=ADVANCED_FACE('NONE',(#2231),#2232,.T.);
#1062=PRESENTATION_STYLE_ASSIGNMENT((#2233));
#1063=ADVANCED_FACE('NONE',(#2234),#2235,.F.);
#1064=PRESENTATION_STYLE_ASSIGNMENT((#2236));
#1065=ADVANCED_FACE('NONE',(#2237),#2238,.F.);
#1066=PRESENTATION_STYLE_ASSIGNMENT((#2239));
#1067=ADVANCED_FACE('NONE',(#2240),#2241,.F.);
#1068=PRESENTATION_STYLE_ASSIGNMENT((#2242));
#1069=ADVANCED_FACE('NONE',(#2243),#2244,.F.);
#1070=PRESENTATION_STYLE_ASSIGNMENT((#2245));
#1071=ADVANCED_FACE('NONE',(#2246),#2247,.F.);
#1072=PRESENTATION_STYLE_ASSIGNMENT((#2248));
#1073=ADVANCED_FACE('NONE',(#2249),#2250,.F.);
#1074=PRESENTATION_STYLE_ASSIGNMENT((#2251));
#1075=ADVANCED_FACE('NONE',(#2252),#2253,.F.);
#1076=PRESENTATION_STYLE_ASSIGNMENT((#2254));
#1077=ADVANCED_FACE('NONE',(#2255),#2256,.F.);
#1078=PRESENTATION_STYLE_ASSIGNMENT((#2257));
#1079=ADVANCED_FACE('NONE',(#2258),#2259,.F.);
#1080=PRESENTATION_STYLE_ASSIGNMENT((#2260));
#1081=ADVANCED_FACE('NONE',(#2261),#2262,.F.);
#1082=PRESENTATION_STYLE_ASSIGNMENT((#2263));
#1083=ADVANCED_FACE('NONE',(#2264),#2265,.F.);
#1084=PRESENTATION_STYLE_ASSIGNMENT((#2266));
#1085=ADVANCED_FACE('NONE',(#2267),#2268,.F.);
#1086=PRESENTATION_STYLE_ASSIGNMENT((#2269));
#1087=ADVANCED_FACE('NONE',(#2270),#2271,.F.);
#1088=PRESENTATION_STYLE_ASSIGNMENT((#2272));
#1089=ADVANCED_FACE('NONE',(#2273),#2274,.F.);
#1090=PRESENTATION_STYLE_ASSIGNMENT((#2275));
#1091=ADVANCED_FACE('NONE',(#2276),#2277,.F.);
#1092=PRESENTATION_STYLE_ASSIGNMENT((#2278));
#1093=ADVANCED_FACE('NONE',(#2279),#2280,.F.);
#1094=PRESENTATION_STYLE_ASSIGNMENT((#2281));
#1095=ADVANCED_FACE('NONE',(#2282),#2283,.F.);
#1096=PRESENTATION_STYLE_ASSIGNMENT((#2284));
#1097=ADVANCED_FACE('NONE',(#2285),#2286,.F.);
#1098=PRESENTATION_STYLE_ASSIGNMENT((#2287));
#1099=ADVANCED_FACE('NONE',(#2288),#2289,.F.);
#1100=PRESENTATION_STYLE_ASSIGNMENT((#2290));
#1101=ADVANCED_FACE('NONE',(#2291),#2292,.F.);
#1102=PRESENTATION_STYLE_ASSIGNMENT((#2293));
#1103=ADVANCED_FACE('NONE',(#2294),#2295,.F.);
#1104=PRESENTATION_STYLE_ASSIGNMENT((#2296));
#1105=ADVANCED_FACE('NONE',(#2297,#2298),#2299,.T.);
#1106=PRESENTATION_STYLE_ASSIGNMENT((#2300));
#1107=ADVANCED_FACE('NONE',(#2301),#2302,.F.);
#1108=PRESENTATION_STYLE_ASSIGNMENT((#2303));
#1109=ADVANCED_FACE('NONE',(#2304),#2305,.F.);
#1110=PRESENTATION_STYLE_ASSIGNMENT((#2306));
#1111=ADVANCED_FACE('NONE',(#2307),#2308,.F.);
#1112=PRESENTATION_STYLE_ASSIGNMENT((#2309));
#1113=ADVANCED_FACE('NONE',(#2310),#2311,.F.);
#1114=PRESENTATION_STYLE_ASSIGNMENT((#2312));
#1115=ADVANCED_FACE('NONE',(#2313),#2314,.T.);
#1116=PRESENTATION_STYLE_ASSIGNMENT((#2315));
#1117=ADVANCED_FACE('NONE',(#2316),#2317,.T.);
#1118=PRESENTATION_STYLE_ASSIGNMENT((#2318));
#1119=ADVANCED_FACE('NONE',(#2319),#2320,.T.);
#1120=PRESENTATION_STYLE_ASSIGNMENT((#2321));
#1121=ADVANCED_FACE('NONE',(#2322),#2323,.F.);
#1122=PRESENTATION_STYLE_ASSIGNMENT((#2324));
#1123=ADVANCED_FACE('NONE',(#2325),#2326,.T.);
#1124=PRESENTATION_STYLE_ASSIGNMENT((#2327));
#1125=ADVANCED_FACE('NONE',(#2328),#2329,.T.);
#1126=PRESENTATION_STYLE_ASSIGNMENT((#2330));
#1127=ADVANCED_FACE('NONE',(#2331),#2332,.T.);
#1128=PRESENTATION_STYLE_ASSIGNMENT((#2333));
#1129=ADVANCED_FACE('NONE',(#2334),#2335,.F.);
#1130=PRESENTATION_STYLE_ASSIGNMENT((#2336));
#1131=ADVANCED_FACE('NONE',(#2337),#2338,.F.);
#1132=PRESENTATION_STYLE_ASSIGNMENT((#2339));
#1133=ADVANCED_FACE('NONE',(#2340),#2341,.F.);
#1134=PRESENTATION_STYLE_ASSIGNMENT((#2342));
#1135=ADVANCED_FACE('NONE',(#2343),#2344,.F.);
#1136=PRESENTATION_STYLE_ASSIGNMENT((#2345));
#1137=ADVANCED_FACE('NONE',(#2346),#2347,.T.);
#1138=PRESENTATION_STYLE_ASSIGNMENT((#2348));
#1139=ADVANCED_FACE('NONE',(#2349),#2350,.T.);
#1140=PRESENTATION_STYLE_ASSIGNMENT((#2351));
#1141=ADVANCED_FACE('NONE',(#2352),#2353,.T.);
#1142=PRESENTATION_STYLE_ASSIGNMENT((#2354));
#1143=ADVANCED_FACE('NONE',(#2355),#2356,.T.);
#1144=PRESENTATION_STYLE_ASSIGNMENT((#2357));
#1145=ADVANCED_FACE('NONE',(#2358),#2359,.F.);
#1146=PRESENTATION_STYLE_ASSIGNMENT((#2360));
#1147=ADVANCED_FACE('NONE',(#2361),#2362,.F.);
#1148=PRESENTATION_STYLE_ASSIGNMENT((#2363));
#1149=ADVANCED_FACE('NONE',(#2364),#2365,.F.);
#1150=PRESENTATION_STYLE_ASSIGNMENT((#2366));
#1151=ADVANCED_FACE('NONE',(#2367),#2368,.F.);
#1152=PRESENTATION_STYLE_ASSIGNMENT((#2369));
#1153=ADVANCED_FACE('NONE',(#2370),#2371,.F.);
#1154=PRESENTATION_STYLE_ASSIGNMENT((#2372));
#1155=ADVANCED_FACE('NONE',(#2373),#2374,.F.);
#1156=PRESENTATION_STYLE_ASSIGNMENT((#2375));
#1157=ADVANCED_FACE('NONE',(#2376),#2377,.F.);
#1158=PRESENTATION_STYLE_ASSIGNMENT((#2378));
#1159=ADVANCED_FACE('NONE',(#2379),#2380,.F.);
#1160=PRESENTATION_STYLE_ASSIGNMENT((#2381));
#1161=ADVANCED_FACE('NONE',(#2382),#2383,.F.);
#1162=PRESENTATION_STYLE_ASSIGNMENT((#2384));
#1163=ADVANCED_FACE('NONE',(#2385),#2386,.F.);
#1164=PRESENTATION_STYLE_ASSIGNMENT((#2387));
#1165=ADVANCED_FACE('NONE',(#2388),#2389,.F.);
#1166=PRESENTATION_STYLE_ASSIGNMENT((#2390));
#1167=ADVANCED_FACE('NONE',(#2391),#2392,.F.);
#1168=PRESENTATION_STYLE_ASSIGNMENT((#2393));
#1169=ADVANCED_FACE('NONE',(#2394,#2395),#2396,.F.);
#1170=PRESENTATION_STYLE_ASSIGNMENT((#2397));
#1171=ADVANCED_FACE('NONE',(#2398,#2399),#2400,.T.);
#1172=PRESENTATION_STYLE_ASSIGNMENT((#2401));
#1173=ADVANCED_FACE('NONE',(#2402),#2403,.T.);
#1174=PRESENTATION_STYLE_ASSIGNMENT((#2404));
#1175=ADVANCED_FACE('NONE',(#2405),#2406,.F.);
#1176=PRESENTATION_STYLE_ASSIGNMENT((#2407));
#1177=ADVANCED_FACE('NONE',(#2408),#2409,.F.);
#1178=PRESENTATION_STYLE_ASSIGNMENT((#2410));
#1179=ADVANCED_FACE('NONE',(#2411),#2412,.F.);
#1180=PRESENTATION_STYLE_ASSIGNMENT((#2413));
#1181=ADVANCED_FACE('NONE',(#2414),#2415,.T.);
#1182=PRESENTATION_STYLE_ASSIGNMENT((#2416));
#1183=ADVANCED_FACE('NONE',(#2417),#2418,.T.);
#1184=PRESENTATION_STYLE_ASSIGNMENT((#2419));
#1185=ADVANCED_FACE('NONE',(#2420),#2421,.T.);
#1186=PRESENTATION_STYLE_ASSIGNMENT((#2422));
#1187=ADVANCED_FACE('NONE',(#2423,#2424),#2425,.T.);
#1188=PRESENTATION_STYLE_ASSIGNMENT((#2426));
#1189=ADVANCED_FACE('NONE',(#2427,#2428),#2429,.F.);
#1190=PRESENTATION_STYLE_ASSIGNMENT((#2430));
#1191=ADVANCED_FACE('NONE',(#2431),#2432,.F.);
#1192=PRESENTATION_STYLE_ASSIGNMENT((#2433));
#1193=ADVANCED_FACE('NONE',(#2434),#2435,.F.);
#1194=PRESENTATION_STYLE_ASSIGNMENT((#2436));
#1195=ADVANCED_FACE('NONE',(#2437),#2438,.F.);
#1196=PRESENTATION_STYLE_ASSIGNMENT((#2439));
#1197=ADVANCED_FACE('NONE',(#2440),#2441,.F.);
#1198=PRESENTATION_STYLE_ASSIGNMENT((#2442));
#1199=ADVANCED_FACE('NONE',(#2443),#2444,.F.);
#1200=PRESENTATION_STYLE_ASSIGNMENT((#2445));
#1201=ADVANCED_FACE('NONE',(#2446),#2447,.T.);
#1202=PRESENTATION_STYLE_ASSIGNMENT((#2448));
#1203=ADVANCED_FACE('NONE',(#2449),#2450,.T.);
#1204=PRESENTATION_STYLE_ASSIGNMENT((#2451));
#1205=ADVANCED_FACE('NONE',(#2452),#2453,.T.);
#1206=PRESENTATION_STYLE_ASSIGNMENT((#2454));
#1207=ADVANCED_FACE('NONE',(#2455),#2456,.T.);
#1208=PRESENTATION_STYLE_ASSIGNMENT((#2457));
#1209=ADVANCED_FACE('NONE',(#2458),#2459,.F.);
#1210=PRESENTATION_STYLE_ASSIGNMENT((#2460));
#1211=ADVANCED_FACE('NONE',(#2461),#2462,.F.);
#1212=PRESENTATION_STYLE_ASSIGNMENT((#2463));
#1213=ADVANCED_FACE('NONE',(#2464),#2465,.F.);
#1214=PRESENTATION_STYLE_ASSIGNMENT((#2466));
#1215=ADVANCED_FACE('NONE',(#2467),#2468,.F.);
#1216=PRESENTATION_STYLE_ASSIGNMENT((#2469));
#1217=ADVANCED_FACE('NONE',(#2470),#2471,.F.);
#1218=PRESENTATION_STYLE_ASSIGNMENT((#2472));
#1219=ADVANCED_FACE('NONE',(#2473),#2474,.F.);
#1220=PRESENTATION_STYLE_ASSIGNMENT((#2475));
#1221=ADVANCED_FACE('NONE',(#2476),#2477,.F.);
#1222=PRESENTATION_STYLE_ASSIGNMENT((#2478));
#1223=ADVANCED_FACE('NONE',(#2479),#2480,.F.);
#1224=PRESENTATION_STYLE_ASSIGNMENT((#2481));
#1225=ADVANCED_FACE('NONE',(#2482),#2483,.F.);
#1226=PRESENTATION_STYLE_ASSIGNMENT((#2484));
#1227=ADVANCED_FACE('NONE',(#2485),#2486,.F.);
#1228=PRESENTATION_STYLE_ASSIGNMENT((#2487));
#1229=ADVANCED_FACE('NONE',(#2488),#2489,.T.);
#1230=PRESENTATION_STYLE_ASSIGNMENT((#2490));
#1231=ADVANCED_FACE('NONE',(#2491),#2492,.F.);
#1232=PRESENTATION_STYLE_ASSIGNMENT((#2493));
#1233=ADVANCED_FACE('NONE',(#2494),#2495,.T.);
#1234=PRESENTATION_STYLE_ASSIGNMENT((#2496));
#1235=ADVANCED_FACE('NONE',(#2497),#2498,.F.);
#1236=PRESENTATION_STYLE_ASSIGNMENT((#2499));
#1237=ADVANCED_FACE('NONE',(#2500),#2501,.T.);
#1238=PRESENTATION_STYLE_ASSIGNMENT((#2502));
#1239=ADVANCED_FACE('NONE',(#2503),#2504,.F.);
#1240=PRESENTATION_STYLE_ASSIGNMENT((#2505));
#1241=ADVANCED_FACE('NONE',(#2506),#2507,.F.);
#1242=PRESENTATION_STYLE_ASSIGNMENT((#2508));
#1243=ADVANCED_FACE('NONE',(#2509),#2510,.F.);
#1244=PRESENTATION_STYLE_ASSIGNMENT((#2511));
#1245=ADVANCED_FACE('NONE',(#2512),#2513,.T.);
#1246=PRESENTATION_STYLE_ASSIGNMENT((#2514));
#1247=ADVANCED_FACE('NONE',(#2515),#2516,.F.);
#1248=PRESENTATION_STYLE_ASSIGNMENT((#2517));
#1249=ADVANCED_FACE('NONE',(#2518),#2519,.F.);
#1250=PRESENTATION_STYLE_ASSIGNMENT((#2520));
#1251=ADVANCED_FACE('NONE',(#2521),#2522,.F.);
#1252=PRESENTATION_STYLE_ASSIGNMENT((#2523));
#1253=ADVANCED_FACE('NONE',(#2524),#2525,.F.);
#1254=PRESENTATION_STYLE_ASSIGNMENT((#2526));
#1255=ADVANCED_FACE('NONE',(#2527),#2528,.T.);
#1256=PRESENTATION_STYLE_ASSIGNMENT((#2529));
#1257=ADVANCED_FACE('NONE',(#2530),#2531,.F.);
#1258=PRESENTATION_STYLE_ASSIGNMENT((#2532));
#1259=ADVANCED_FACE('NONE',(#2533),#2534,.F.);
#1260=PRESENTATION_STYLE_ASSIGNMENT((#2535));
#1261=ADVANCED_FACE('NONE',(#2536),#2537,.F.);
#1262=PRESENTATION_STYLE_ASSIGNMENT((#2538));
#1263=ADVANCED_FACE('NONE',(#2539),#2540,.F.);
#1264=PRESENTATION_STYLE_ASSIGNMENT((#2541));
#1265=ADVANCED_FACE('NONE',(#2542),#2543,.T.);
#1266=PRESENTATION_STYLE_ASSIGNMENT((#2544));
#1267=MANIFOLD_SOLID_BREP('1',#2545);
#1268=PRODUCT('1','','PART--DESC',(#2546));
#1269=PRODUCT_DEFINITION('','NONE',#2547,#2);
#1270=AXIS2_PLACEMENT_3D('',#2548,#2549,#2550);
#1273=LENGTH_MEASURE_WITH_UNIT(LENGTH_MEASURE(1.0),#2551);
#1276=DIMENSIONAL_EXPONENTS(1.0,0.0,0.0,0.0,0.0,0.0,0.0);
#1278=DIMENSIONAL_EXPONENTS(0.0,0.0,0.0,0.0,0.0,0.0,0.0);
#1284=SURFACE_STYLE_USAGE(.BOTH.,#2552);
#1285=FACE_OUTER_BOUND('',#2553,.T.);
#1286=SPHERICAL_SURFACE('',#2554,0.225);
#1287=SURFACE_STYLE_USAGE(.BOTH.,#2555);
#1288=FACE_OUTER_BOUND('',#2556,.T.);
#1289=CYLINDRICAL_SURFACE('',#2557,0.225);
#1290=SURFACE_STYLE_USAGE(.BOTH.,#2558);
#1291=FACE_OUTER_BOUND('',#2559,.T.);
#1292=SPHERICAL_SURFACE('',#2560,0.225);
#1293=SURFACE_STYLE_USAGE(.BOTH.,#2561);
#1294=FACE_OUTER_BOUND('',#2562,.T.);
#1295=SPHERICAL_SURFACE('',#2563,0.375);
#1296=SURFACE_STYLE_USAGE(.BOTH.,#2564);
#1297=FACE_OUTER_BOUND('',#2565,.T.);
#1298=CYLINDRICAL_SURFACE('',#2566,0.375);
#1299=SURFACE_STYLE_USAGE(.BOTH.,#2567);
#1300=FACE_OUTER_BOUND('',#2568,.T.);
#1301=SPHERICAL_SURFACE('',#2569,0.375);
#1302=SURFACE_STYLE_USAGE(.BOTH.,#2570);
#1303=FACE_OUTER_BOUND('',#2571,.T.);
#1304=SPHERICAL_SURFACE('',#2572,0.225);
#1305=SURFACE_STYLE_USAGE(.BOTH.,#2573);
#1306=FACE_OUTER_BOUND('',#2574,.T.);
#1307=SPHERICAL_SURFACE('',#2575,0.225);
#1308=SURFACE_STYLE_USAGE(.BOTH.,#2576);
#1309=FACE_OUTER_BOUND('',#2577,.T.);
#1310=CYLINDRICAL_SURFACE('',#2578,0.375);
#1311=SURFACE_STYLE_USAGE(.BOTH.,#2579);
#1312=FACE_OUTER_BOUND('',#2580,.T.);
#1313=SPHERICAL_SURFACE('',#2581,0.375);
#1314=SURFACE_STYLE_USAGE(.BOTH.,#2582);
#1315=FACE_OUTER_BOUND('',#2583,.T.);
#1316=SPHERICAL_SURFACE('',#2584,0.375);
#1317=SURFACE_STYLE_USAGE(.BOTH.,#2585);
#1318=FACE_OUTER_BOUND('',#2586,.T.);
#1319=CYLINDRICAL_SURFACE('',#2587,0.225);
#1320=SURFACE_STYLE_USAGE(.BOTH.,#2588);
#1321=FACE_OUTER_BOUND('',#2589,.T.);
#1322=CYLINDRICAL_SURFACE('',#2590,3.5);
#1323=SURFACE_STYLE_USAGE(.BOTH.,#2591);
#1324=FACE_OUTER_BOUND('',#2592,.T.);
#1325=CYLINDRICAL_SURFACE('',#2593,0.55);
#1326=SURFACE_STYLE_USAGE(.BOTH.,#2594);
#1327=FACE_OUTER_BOUND('',#2595,.T.);
#1328=CYLINDRICAL_SURFACE('',#2596,0.55);
#1329=SURFACE_STYLE_USAGE(.BOTH.,#2597);
#1330=FACE_OUTER_BOUND('',#2598,.T.);
#1331=SPHERICAL_SURFACE('',#2599,0.375);
#1332=SURFACE_STYLE_USAGE(.BOTH.,#2600);
#1333=FACE_OUTER_BOUND('',#2601,.T.);
#1334=CYLINDRICAL_SURFACE('',#2602,0.375);
#1335=SURFACE_STYLE_USAGE(.BOTH.,#2603);
#1336=FACE_OUTER_BOUND('',#2604,.T.);
#1337=SPHERICAL_SURFACE('',#2605,0.375);
#1338=SURFACE_STYLE_USAGE(.BOTH.,#2606);
#1339=FACE_OUTER_BOUND('',#2607,.T.);
#1340=SPHERICAL_SURFACE('',#2608,0.225);
#1341=SURFACE_STYLE_USAGE(.BOTH.,#2609);
#1342=FACE_OUTER_BOUND('',#2610,.T.);
#1343=CYLINDRICAL_SURFACE('',#2611,0.225);
#1344=SURFACE_STYLE_USAGE(.BOTH.,#2612);
#1345=FACE_OUTER_BOUND('',#2613,.T.);
#1346=SPHERICAL_SURFACE('',#2614,0.225);
#1347=SURFACE_STYLE_USAGE(.BOTH.,#2615);
#1348=FACE_OUTER_BOUND('',#2616,.T.);
#1349=CONICAL_SURFACE('',#2617,1.48,0.785398163397451);
#1350=SURFACE_STYLE_USAGE(.BOTH.,#2618);
#1351=FACE_OUTER_BOUND('',#2619,.T.);
#1352=CYLINDRICAL_SURFACE('',#2620,1.48);
#1353=SURFACE_STYLE_USAGE(.BOTH.,#2621);
#1354=FACE_OUTER_BOUND('',#2622,.T.);
#1355=CONICAL_SURFACE('',#2623,1.29000000000001,0.785398163397446);
#1356=SURFACE_STYLE_USAGE(.BOTH.,#2624);
#1357=FACE_OUTER_BOUND('',#2625,.T.);
#1358=CYLINDRICAL_SURFACE('',#2626,1.1);
#1359=SURFACE_STYLE_USAGE(.BOTH.,#2627);
#1360=FACE_OUTER_BOUND('',#2628,.T.);
#1361=CYLINDRICAL_SURFACE('',#2629,1.5);
#1362=SURFACE_STYLE_USAGE(.BOTH.,#2630);
#1363=FACE_OUTER_BOUND('',#2631,.T.);
#1364=CYLINDRICAL_SURFACE('',#2632,1.0);
#1365=SURFACE_STYLE_USAGE(.BOTH.,#2633);
#1366=FACE_OUTER_BOUND('',#2634,.T.);
#1367=CYLINDRICAL_SURFACE('',#2635,0.999999999999999);
#1368=SURFACE_STYLE_USAGE(.BOTH.,#2636);
#1369=FACE_OUTER_BOUND('',#2637,.T.);
#1370=CYLINDRICAL_SURFACE('',#2638,0.55);
#1371=SURFACE_STYLE_USAGE(.BOTH.,#2639);
#1372=FACE_OUTER_BOUND('',#2640,.T.);
#1373=CYLINDRICAL_SURFACE('',#2641,0.55);
#1374=SURFACE_STYLE_USAGE(.BOTH.,#2642);
#1375=FACE_OUTER_BOUND('',#2643,.T.);
#1376=CYLINDRICAL_SURFACE('',#2644,1.8);
#1377=SURFACE_STYLE_USAGE(.BOTH.,#2645);
#1378=FACE_OUTER_BOUND('',#2646,.T.);
#1379=TOROIDAL_SURFACE('',#2647,2.0,0.2);
#1380=SURFACE_STYLE_USAGE(.BOTH.,#2648);
#1381=FACE_OUTER_BOUND('',#2649,.T.);
#1382=CONICAL_SURFACE('',#2650,0.329615242270663,0.26179938779915);
#1383=SURFACE_STYLE_USAGE(.BOTH.,#2651);
#1384=FACE_OUTER_BOUND('',#2652,.T.);
#1385=CONICAL_SURFACE('',#2653,0.329615242270663,0.26179938779915);
#1386=SURFACE_STYLE_USAGE(.BOTH.,#2654);
#1387=FACE_OUTER_BOUND('',#2655,.T.);
#1388=PLANE('',#2656);
#1389=SURFACE_STYLE_USAGE(.BOTH.,#2657);
#1390=FACE_OUTER_BOUND('',#2658,.T.);
#1391=PLANE('',#2659);
#1392=SURFACE_STYLE_USAGE(.BOTH.,#2660);
#1393=FACE_OUTER_BOUND('',#2661,.T.);
#1394=PLANE('',#2662);
#1395=SURFACE_STYLE_USAGE(.BOTH.,#2663);
#1396=FACE_OUTER_BOUND('',#2664,.T.);
#1397=PLANE('',#2665);
#1398=SURFACE_STYLE_USAGE(.BOTH.,#2666);
#1399=FACE_OUTER_BOUND('',#2667,.T.);
#1400=PLANE('',#2668);
#1401=SURFACE_STYLE_USAGE(.BOTH.,#2669);
#1402=FACE_OUTER_BOUND('',#2670,.T.);
#1403=PLANE('',#2671);
#1404=SURFACE_STYLE_USAGE(.BOTH.,#2672);
#1405=FACE_OUTER_BOUND('',#2673,.T.);
#1406=PLANE('',#2674);
#1407=SURFACE_STYLE_USAGE(.BOTH.,#2675);
#1408=FACE_OUTER_BOUND('',#2676,.T.);
#1409=PLANE('',#2677);
#1410=SURFACE_STYLE_USAGE(.BOTH.,#2678);
#1411=FACE_OUTER_BOUND('',#2679,.T.);
#1412=PLANE('',#2680);
#1413=SURFACE_STYLE_USAGE(.BOTH.,#2681);
#1414=FACE_OUTER_BOUND('',#2682,.T.);
#1415=CYLINDRICAL_SURFACE('',#2683,0.15);
#1416=SURFACE_STYLE_USAGE(.BOTH.,#2684);
#1417=FACE_OUTER_BOUND('',#2685,.T.);
#1418=PLANE('',#2686);
#1419=SURFACE_STYLE_USAGE(.BOTH.,#2687);
#1420=FACE_OUTER_BOUND('',#2688,.T.);
#1421=CYLINDRICAL_SURFACE('',#2689,0.15);
#1422=SURFACE_STYLE_USAGE(.BOTH.,#2690);
#1423=FACE_OUTER_BOUND('',#2691,.T.);
#1424=PLANE('',#2692);
#1425=SURFACE_STYLE_USAGE(.BOTH.,#2693);
#1426=FACE_OUTER_BOUND('',#2694,.T.);
#1427=PLANE('',#2695);
#1428=SURFACE_STYLE_USAGE(.BOTH.,#2696);
#1429=FACE_OUTER_BOUND('',#2697,.T.);
#1430=CYLINDRICAL_SURFACE('',#2698,0.3);
#1431=SURFACE_STYLE_USAGE(.BOTH.,#2699);
#1432=FACE_OUTER_BOUND('',#2700,.T.);
#1433=PLANE('',#2701);
#1434=SURFACE_STYLE_USAGE(.BOTH.,#2702);
#1435=FACE_OUTER_BOUND('',#2703,.T.);
#1436=CYLINDRICAL_SURFACE('',#2704,0.3);
#1437=SURFACE_STYLE_USAGE(.BOTH.,#2705);
#1438=FACE_OUTER_BOUND('',#2706,.T.);
#1439=PLANE('',#2707);
#1440=SURFACE_STYLE_USAGE(.BOTH.,#2708);
#1441=FACE_OUTER_BOUND('',#2709,.T.);
#1442=PLANE('',#2710);
#1443=SURFACE_STYLE_USAGE(.BOTH.,#2711);
#1444=FACE_OUTER_BOUND('',#2712,.T.);
#1445=CYLINDRICAL_SURFACE('',#2713,0.15);
#1446=SURFACE_STYLE_USAGE(.BOTH.,#2714);
#1447=FACE_OUTER_BOUND('',#2715,.T.);
#1448=CYLINDRICAL_SURFACE('',#2716,0.15);
#1449=SURFACE_STYLE_USAGE(.BOTH.,#2717);
#1450=FACE_OUTER_BOUND('',#2718,.T.);
#1451=SPHERICAL_SURFACE('',#2719,0.225);
#1452=SURFACE_STYLE_USAGE(.BOTH.,#2720);
#1453=FACE_OUTER_BOUND('',#2721,.T.);
#1454=CYLINDRICAL_SURFACE('',#2722,0.225);
#1455=SURFACE_STYLE_USAGE(.BOTH.,#2723);
#1456=FACE_OUTER_BOUND('',#2724,.T.);
#1457=SPHERICAL_SURFACE('',#2725,0.225);
#1458=SURFACE_STYLE_USAGE(.BOTH.,#2726);
#1459=FACE_OUTER_BOUND('',#2727,.T.);
#1460=CYLINDRICAL_SURFACE('',#2728,0.3);
#1461=SURFACE_STYLE_USAGE(.BOTH.,#2729);
#1462=FACE_OUTER_BOUND('',#2730,.T.);
#1463=CYLINDRICAL_SURFACE('',#2731,0.3);
#1464=SURFACE_STYLE_USAGE(.BOTH.,#2732);
#1465=FACE_OUTER_BOUND('',#2733,.T.);
#1466=SPHERICAL_SURFACE('',#2734,0.375);
#1467=SURFACE_STYLE_USAGE(.BOTH.,#2735);
#1468=FACE_OUTER_BOUND('',#2736,.T.);
#1469=CYLINDRICAL_SURFACE('',#2737,0.375);
#1470=SURFACE_STYLE_USAGE(.BOTH.,#2738);
#1471=FACE_OUTER_BOUND('',#2739,.T.);
#1472=SPHERICAL_SURFACE('',#2740,0.375);
#1473=SURFACE_STYLE_USAGE(.BOTH.,#2741);
#1474=FACE_OUTER_BOUND('',#2742,.T.);
#1475=PLANE('',#2743);
#1476=SURFACE_STYLE_USAGE(.BOTH.,#2744);
#1477=FACE_OUTER_BOUND('',#2745,.T.);
#1478=PLANE('',#2746);
#1479=SURFACE_STYLE_USAGE(.BOTH.,#2747);
#1480=FACE_OUTER_BOUND('',#2748,.T.);
#1481=PLANE('',#2749);
#1482=SURFACE_STYLE_USAGE(.BOTH.,#2750);
#1483=FACE_OUTER_BOUND('',#2751,.T.);
#1484=PLANE('',#2752);
#1485=SURFACE_STYLE_USAGE(.BOTH.,#2753);
#1486=FACE_OUTER_BOUND('',#2754,.T.);
#1487=FACE_BOUND('',#2755,.T.);
#1488=PLANE('',#2756);
#1489=SURFACE_STYLE_USAGE(.BOTH.,#2757);
#1490=FACE_OUTER_BOUND('',#2758,.T.);
#1491=FACE_BOUND('',#2759,.T.);
#1492=PLANE('',#2760);
#1493=SURFACE_STYLE_USAGE(.BOTH.,#2761);
#1494=FACE_OUTER_BOUND('',#2762,.T.);
#1495=PLANE('',#2763);
#1496=SURFACE_STYLE_USAGE(.BOTH.,#2764);
#1497=FACE_OUTER_BOUND('',#2765,.T.);
#1498=PLANE('',#2766);
#1499=SURFACE_STYLE_USAGE(.BOTH.,#2767);
#1500=FACE_OUTER_BOUND('',#2768,.T.);
#1501=CYLINDRICAL_SURFACE('',#2769,0.299999999999999);
#1502=SURFACE_STYLE_USAGE(.BOTH.,#2770);
#1503=FACE_OUTER_BOUND('',#2771,.T.);
#1504=PLANE('',#2772);
#1505=SURFACE_STYLE_USAGE(.BOTH.,#2773);
#1506=FACE_OUTER_BOUND('',#2774,.T.);
#1507=PLANE('',#2775);
#1508=SURFACE_STYLE_USAGE(.BOTH.,#2776);
#1509=FACE_OUTER_BOUND('',#2777,.T.);
#1510=PLANE('',#2778);
#1511=SURFACE_STYLE_USAGE(.BOTH.,#2779);
#1512=FACE_OUTER_BOUND('',#2780,.T.);
#1513=PLANE('',#2781);
#1514=SURFACE_STYLE_USAGE(.BOTH.,#2782);
#1515=FACE_OUTER_BOUND('',#2783,.T.);
#1516=PLANE('',#2784);
#1517=SURFACE_STYLE_USAGE(.BOTH.,#2785);
#1518=FACE_OUTER_BOUND('',#2786,.T.);
#1519=PLANE('',#2787);
#1520=SURFACE_STYLE_USAGE(.BOTH.,#2788);
#1521=FACE_OUTER_BOUND('',#2789,.T.);
#1522=PLANE('',#2790);
#1523=SURFACE_STYLE_USAGE(.BOTH.,#2791);
#1524=FACE_OUTER_BOUND('',#2792,.T.);
#1525=PLANE('',#2793);
#1526=SURFACE_STYLE_USAGE(.BOTH.,#2794);
#1527=FACE_OUTER_BOUND('',#2795,.T.);
#1528=PLANE('',#2796);
#1529=SURFACE_STYLE_USAGE(.BOTH.,#2797);
#1530=FACE_OUTER_BOUND('',#2798,.T.);
#1531=PLANE('',#2799);
#1532=SURFACE_STYLE_USAGE(.BOTH.,#2800);
#1533=FACE_OUTER_BOUND('',#2801,.T.);
#1534=PLANE('',#2802);
#1535=SURFACE_STYLE_USAGE(.BOTH.,#2803);
#1536=FACE_OUTER_BOUND('',#2804,.T.);
#1537=PLANE('',#2805);
#1538=SURFACE_STYLE_USAGE(.BOTH.,#2806);
#1539=FACE_OUTER_BOUND('',#2807,.T.);
#1540=PLANE('',#2808);
#1541=SURFACE_STYLE_USAGE(.BOTH.,#2809);
#1542=FACE_OUTER_BOUND('',#2810,.T.);
#1543=PLANE('',#2811);
#1544=SURFACE_STYLE_USAGE(.BOTH.,#2812);
#1545=FACE_OUTER_BOUND('',#2813,.T.);
#1546=PLANE('',#2814);
#1547=SURFACE_STYLE_USAGE(.BOTH.,#2815);
#1548=FACE_OUTER_BOUND('',#2816,.T.);
#1549=PLANE('',#2817);
#1550=SURFACE_STYLE_USAGE(.BOTH.,#2818);
#1551=FACE_OUTER_BOUND('',#2819,.T.);
#1552=PLANE('',#2820);
#1553=SURFACE_STYLE_USAGE(.BOTH.,#2821);
#1554=FACE_OUTER_BOUND('',#2822,.T.);
#1555=PLANE('',#2823);
#1556=SURFACE_STYLE_USAGE(.BOTH.,#2824);
#1557=FACE_OUTER_BOUND('',#2825,.T.);
#1558=PLANE('',#2826);
#1559=SURFACE_STYLE_USAGE(.BOTH.,#2827);
#1560=FACE_OUTER_BOUND('',#2828,.T.);
#1561=PLANE('',#2829);
#1562=SURFACE_STYLE_USAGE(.BOTH.,#2830);
#1563=FACE_OUTER_BOUND('',#2831,.T.);
#1564=PLANE('',#2832);
#1565=SURFACE_STYLE_USAGE(.BOTH.,#2833);
#1566=FACE_OUTER_BOUND('',#2834,.T.);
#1567=PLANE('',#2835);
#1568=SURFACE_STYLE_USAGE(.BOTH.,#2836);
#1569=FACE_OUTER_BOUND('',#2837,.T.);
#1570=PLANE('',#2838);
#1571=SURFACE_STYLE_USAGE(.BOTH.,#2839);
#1572=FACE_OUTER_BOUND('',#2840,.T.);
#1573=PLANE('',#2841);
#1574=SURFACE_STYLE_USAGE(.BOTH.,#2842);
#1575=FACE_OUTER_BOUND('',#2843,.T.);
#1576=PLANE('',#2844);
#1577=SURFACE_STYLE_USAGE(.BOTH.,#2845);
#1578=FACE_OUTER_BOUND('',#2846,.T.);
#1579=PLANE('',#2847);
#1580=SURFACE_STYLE_USAGE(.BOTH.,#2848);
#1581=FACE_OUTER_BOUND('',#2849,.T.);
#1582=PLANE('',#2850);
#1583=SURFACE_STYLE_USAGE(.BOTH.,#2851);
#1584=FACE_OUTER_BOUND('',#2852,.T.);
#1585=PLANE('',#2853);
#1586=SURFACE_STYLE_USAGE(.BOTH.,#2854);
#1587=FACE_OUTER_BOUND('',#2855,.T.);
#1588=PLANE('',#2856);
#1589=SURFACE_STYLE_USAGE(.BOTH.,#2857);
#1590=FACE_OUTER_BOUND('',#2858,.T.);
#1591=CONICAL_SURFACE('',#2859,0.329615242270663,0.26179938779915);
#1592=SURFACE_STYLE_USAGE(.BOTH.,#2860);
#1593=FACE_OUTER_BOUND('',#2861,.T.);
#1594=PLANE('',#2862);
#1595=SURFACE_STYLE_USAGE(.BOTH.,#2863);
#1596=FACE_OUTER_BOUND('',#2864,.T.);
#1597=CONICAL_SURFACE('',#2865,0.329615242270663,0.26179938779915);
#1598=SURFACE_STYLE_USAGE(.BOTH.,#2866);
#1599=FACE_OUTER_BOUND('',#2867,.T.);
#1600=PLANE('',#2868);
#1601=SURFACE_STYLE_USAGE(.BOTH.,#2869);
#1602=FACE_OUTER_BOUND('',#2870,.T.);
#1603=PLANE('',#2871);
#1604=SURFACE_STYLE_USAGE(.BOTH.,#2872);
#1605=FACE_OUTER_BOUND('',#2873,.T.);
#1606=FACE_BOUND('',#2874,.T.);
#1607=FACE_BOUND('',#2875,.T.);
#1608=FACE_BOUND('',#2876,.T.);
#1609=PLANE('',#2877);
#1610=SURFACE_STYLE_USAGE(.BOTH.,#2878);
#1611=FACE_OUTER_BOUND('',#2879,.T.);
#1612=PLANE('',#2880);
#1613=SURFACE_STYLE_USAGE(.BOTH.,#2881);
#1614=FACE_OUTER_BOUND('',#2882,.T.);
#1615=FACE_BOUND('',#2883,.T.);
#1616=PLANE('',#2884);
#1617=SURFACE_STYLE_USAGE(.BOTH.,#2885);
#1618=FACE_OUTER_BOUND('',#2886,.T.);
#1619=PLANE('',#2887);
#1620=SURFACE_STYLE_USAGE(.BOTH.,#2888);
#1621=FACE_OUTER_BOUND('',#2889,.T.);
#1622=PLANE('',#2890);
#1623=SURFACE_STYLE_USAGE(.BOTH.,#2891);
#1624=FACE_OUTER_BOUND('',#2892,.T.);
#1625=PLANE('',#2893);
#1626=SURFACE_STYLE_USAGE(.BOTH.,#2894);
#1627=FACE_OUTER_BOUND('',#2895,.T.);
#1628=PLANE('',#2896);
#1629=SURFACE_STYLE_USAGE(.BOTH.,#2897);
#1630=FACE_OUTER_BOUND('',#2898,.T.);
#1631=PLANE('',#2899);
#1632=SURFACE_STYLE_USAGE(.BOTH.,#2900);
#1633=FACE_OUTER_BOUND('',#2901,.T.);
#1634=PLANE('',#2902);
#1635=SURFACE_STYLE_USAGE(.BOTH.,#2903);
#1636=FACE_OUTER_BOUND('',#2904,.T.);
#1637=PLANE('',#2905);
#1638=SURFACE_STYLE_USAGE(.BOTH.,#2906);
#1639=FACE_OUTER_BOUND('',#2907,.T.);
#1640=PLANE('',#2908);
#1641=SURFACE_STYLE_USAGE(.BOTH.,#2909);
#1642=FACE_OUTER_BOUND('',#2910,.T.);
#1643=PLANE('',#2911);
#1644=SURFACE_STYLE_USAGE(.BOTH.,#2912);
#1645=FACE_OUTER_BOUND('',#2913,.T.);
#1646=PLANE('',#2914);
#1647=SURFACE_STYLE_USAGE(.BOTH.,#2915);
#1648=FACE_OUTER_BOUND('',#2916,.T.);
#1649=PLANE('',#2917);
#1650=SURFACE_STYLE_USAGE(.BOTH.,#2918);
#1651=FACE_OUTER_BOUND('',#2919,.T.);
#1652=PLANE('',#2920);
#1653=SURFACE_STYLE_USAGE(.BOTH.,#2921);
#1654=FACE_OUTER_BOUND('',#2922,.T.);
#1655=PLANE('',#2923);
#1656=SURFACE_STYLE_USAGE(.BOTH.,#2924);
#1657=FACE_OUTER_BOUND('',#2925,.T.);
#1658=PLANE('',#2926);
#1659=SURFACE_STYLE_USAGE(.BOTH.,#2927);
#1660=FACE_OUTER_BOUND('',#2928,.T.);
#1661=PLANE('',#2929);
#1662=SURFACE_STYLE_USAGE(.BOTH.,#2930);
#1663=FACE_OUTER_BOUND('',#2931,.T.);
#1664=PLANE('',#2932);
#1665=SURFACE_STYLE_USAGE(.BOTH.,#2933);
#1666=FACE_OUTER_BOUND('',#2934,.T.);
#1667=PLANE('',#2935);
#1668=SURFACE_STYLE_USAGE(.BOTH.,#2936);
#1669=FACE_OUTER_BOUND('',#2937,.T.);
#1670=PLANE('',#2938);
#1671=SURFACE_STYLE_USAGE(.BOTH.,#2939);
#1672=FACE_OUTER_BOUND('',#2940,.T.);
#1673=PLANE('',#2941);
#1674=SURFACE_STYLE_USAGE(.BOTH.,#2942);
#1675=FACE_OUTER_BOUND('',#2943,.T.);
#1676=PLANE('',#2944);
#1677=SURFACE_STYLE_USAGE(.BOTH.,#2945);
#1678=FACE_OUTER_BOUND('',#2946,.T.);
#1679=PLANE('',#2947);
#1680=SURFACE_STYLE_USAGE(.BOTH.,#2948);
#1681=FACE_OUTER_BOUND('',#2949,.T.);
#1682=PLANE('',#2950);
#1683=SURFACE_STYLE_USAGE(.BOTH.,#2951);
#1684=FACE_OUTER_BOUND('',#2952,.T.);
#1685=PLANE('',#2953);
#1686=SURFACE_STYLE_USAGE(.BOTH.,#2954);
#1687=FACE_OUTER_BOUND('',#2955,.T.);
#1688=PLANE('',#2956);
#1689=SURFACE_STYLE_USAGE(.BOTH.,#2957);
#1690=FACE_OUTER_BOUND('',#2958,.T.);
#1691=PLANE('',#2959);
#1692=SURFACE_STYLE_USAGE(.BOTH.,#2960);
#1693=FACE_OUTER_BOUND('',#2961,.T.);
#1694=PLANE('',#2962);
#1695=SURFACE_STYLE_USAGE(.BOTH.,#2963);
#1696=FACE_OUTER_BOUND('',#2964,.T.);
#1697=PLANE('',#2965);
#1698=SURFACE_STYLE_USAGE(.BOTH.,#2966);
#1699=FACE_OUTER_BOUND('',#2967,.T.);
#1700=PLANE('',#2968);
#1701=SURFACE_STYLE_USAGE(.BOTH.,#2969);
#1702=FACE_OUTER_BOUND('',#2970,.T.);
#1703=PLANE('',#2971);
#1704=SURFACE_STYLE_USAGE(.BOTH.,#2972);
#1705=FACE_OUTER_BOUND('',#2973,.T.);
#1706=PLANE('',#2974);
#1707=SURFACE_STYLE_USAGE(.BOTH.,#2975);
#1708=FACE_OUTER_BOUND('',#2976,.T.);
#1709=PLANE('',#2977);
#1710=SURFACE_STYLE_USAGE(.BOTH.,#2978);
#1711=FACE_OUTER_BOUND('',#2979,.T.);
#1712=PLANE('',#2980);
#1713=SURFACE_STYLE_USAGE(.BOTH.,#2981);
#1714=FACE_OUTER_BOUND('',#2982,.T.);
#1715=PLANE('',#2983);
#1716=SURFACE_STYLE_USAGE(.BOTH.,#2984);
#1717=FACE_OUTER_BOUND('',#2985,.T.);
#1718=PLANE('',#2986);
#1719=SURFACE_STYLE_USAGE(.BOTH.,#2987);
#1720=FACE_OUTER_BOUND('',#2988,.T.);
#1721=PLANE('',#2989);
#1722=SURFACE_STYLE_USAGE(.BOTH.,#2990);
#1723=FACE_OUTER_BOUND('',#2991,.T.);
#1724=PLANE('',#2992);
#1725=SURFACE_STYLE_USAGE(.BOTH.,#2993);
#1726=FACE_OUTER_BOUND('',#2994,.T.);
#1727=PLANE('',#2995);
#1728=SURFACE_STYLE_USAGE(.BOTH.,#2996);
#1729=FACE_OUTER_BOUND('',#2997,.T.);
#1730=CYLINDRICAL_SURFACE('',#2998,3.6);
#1731=SURFACE_STYLE_USAGE(.BOTH.,#2999);
#1732=FACE_OUTER_BOUND('',#3000,.T.);
#1733=PLANE('',#3001);
#1734=SURFACE_STYLE_USAGE(.BOTH.,#3002);
#1735=FACE_OUTER_BOUND('',#3003,.T.);
#1736=PLANE('',#3004);
#1737=SURFACE_STYLE_USAGE(.BOTH.,#3005);
#1738=FACE_OUTER_BOUND('',#3006,.T.);
#1739=PLANE('',#3007);
#1740=SURFACE_STYLE_USAGE(.BOTH.,#3008);
#1741=FACE_OUTER_BOUND('',#3009,.T.);
#1742=PLANE('',#3010);
#1743=SURFACE_STYLE_USAGE(.BOTH.,#3011);
#1744=FACE_OUTER_BOUND('',#3012,.T.);
#1745=PLANE('',#3013);
#1746=SURFACE_STYLE_USAGE(.BOTH.,#3014);
#1747=FACE_OUTER_BOUND('',#3015,.T.);
#1748=PLANE('',#3016);
#1749=SURFACE_STYLE_USAGE(.BOTH.,#3017);
#1750=FACE_OUTER_BOUND('',#3018,.T.);
#1751=PLANE('',#3019);
#1752=SURFACE_STYLE_USAGE(.BOTH.,#3020);
#1753=FACE_OUTER_BOUND('',#3021,.T.);
#1754=PLANE('',#3022);
#1755=SURFACE_STYLE_USAGE(.BOTH.,#3023);
#1756=FACE_OUTER_BOUND('',#3024,.T.);
#1757=PLANE('',#3025);
#1758=SURFACE_STYLE_USAGE(.BOTH.,#3026);
#1759=FACE_OUTER_BOUND('',#3027,.T.);
#1760=PLANE('',#3028);
#1761=SURFACE_STYLE_USAGE(.BOTH.,#3029);
#1762=FACE_OUTER_BOUND('',#3030,.T.);
#1763=TOROIDAL_SURFACE('',#3031,2.0,0.2);
#1764=SURFACE_STYLE_USAGE(.BOTH.,#3032);
#1765=FACE_OUTER_BOUND('',#3033,.T.);
#1766=CYLINDRICAL_SURFACE('',#3034,1.8);
#1767=SURFACE_STYLE_USAGE(.BOTH.,#3035);
#1768=FACE_OUTER_BOUND('',#3036,.T.);
#1769=FACE_BOUND('',#3037,.T.);
#1770=FACE_BOUND('',#3038,.T.);
#1771=FACE_BOUND('',#3039,.T.);
#1772=PLANE('',#3040);
#1773=SURFACE_STYLE_USAGE(.BOTH.,#3041);
#1774=FACE_OUTER_BOUND('',#3042,.T.);
#1775=PLANE('',#3043);
#1776=SURFACE_STYLE_USAGE(.BOTH.,#3044);
#1777=FACE_OUTER_BOUND('',#3045,.T.);
#1778=PLANE('',#3046);
#1779=SURFACE_STYLE_USAGE(.BOTH.,#3047);
#1780=FACE_OUTER_BOUND('',#3048,.T.);
#1781=PLANE('',#3049);
#1782=SURFACE_STYLE_USAGE(.BOTH.,#3050);
#1783=FACE_OUTER_BOUND('',#3051,.T.);
#1784=CYLINDRICAL_SURFACE('',#3052,0.55);
#1785=SURFACE_STYLE_USAGE(.BOTH.,#3053);
#1786=FACE_OUTER_BOUND('',#3054,.T.);
#1787=PLANE('',#3055);
#1788=SURFACE_STYLE_USAGE(.BOTH.,#3056);
#1789=FACE_OUTER_BOUND('',#3057,.T.);
#1790=PLANE('',#3058);
#1791=SURFACE_STYLE_USAGE(.BOTH.,#3059);
#1792=FACE_OUTER_BOUND('',#3060,.T.);
#1793=PLANE('',#3061);
#1794=SURFACE_STYLE_USAGE(.BOTH.,#3062);
#1795=FACE_OUTER_BOUND('',#3063,.T.);
#1796=CYLINDRICAL_SURFACE('',#3064,0.55);
#1797=SURFACE_STYLE_USAGE(.BOTH.,#3065);
#1798=FACE_OUTER_BOUND('',#3066,.T.);
#1799=CYLINDRICAL_SURFACE('',#3067,0.37);
#1800=SURFACE_STYLE_USAGE(.BOTH.,#3068);
#1801=FACE_OUTER_BOUND('',#3069,.T.);
#1802=CYLINDRICAL_SURFACE('',#3070,0.37);
#1803=SURFACE_STYLE_USAGE(.BOTH.,#3071);
#1804=FACE_OUTER_BOUND('',#3072,.T.);
#1805=PLANE('',#3073);
#1806=SURFACE_STYLE_USAGE(.BOTH.,#3074);
#1807=FACE_OUTER_BOUND('',#3075,.T.);
#1808=PLANE('',#3076);
#1809=SURFACE_STYLE_USAGE(.BOTH.,#3077);
#1810=FACE_OUTER_BOUND('',#3078,.T.);
#1811=PLANE('',#3079);
#1812=SURFACE_STYLE_USAGE(.BOTH.,#3080);
#1813=FACE_OUTER_BOUND('',#3081,.T.);
#1814=PLANE('',#3082);
#1815=SURFACE_STYLE_USAGE(.BOTH.,#3083);
#1816=FACE_OUTER_BOUND('',#3084,.T.);
#1817=CYLINDRICAL_SURFACE('',#3085,0.55);
#1818=SURFACE_STYLE_USAGE(.BOTH.,#3086);
#1819=FACE_OUTER_BOUND('',#3087,.T.);
#1820=PLANE('',#3088);
#1821=SURFACE_STYLE_USAGE(.BOTH.,#3089);
#1822=FACE_OUTER_BOUND('',#3090,.T.);
#1823=PLANE('',#3091);
#1824=SURFACE_STYLE_USAGE(.BOTH.,#3092);
#1825=FACE_OUTER_BOUND('',#3093,.T.);
#1826=PLANE('',#3094);
#1827=SURFACE_STYLE_USAGE(.BOTH.,#3095);
#1828=FACE_OUTER_BOUND('',#3096,.T.);
#1829=PLANE('',#3097);
#1830=SURFACE_STYLE_USAGE(.BOTH.,#3098);
#1831=FACE_OUTER_BOUND('',#3099,.T.);
#1832=CYLINDRICAL_SURFACE('',#3100,0.55);
#1833=SURFACE_STYLE_USAGE(.BOTH.,#3101);
#1834=FACE_OUTER_BOUND('',#3102,.T.);
#1835=CYLINDRICAL_SURFACE('',#3103,0.37);
#1836=SURFACE_STYLE_USAGE(.BOTH.,#3104);
#1837=FACE_OUTER_BOUND('',#3105,.T.);
#1838=CYLINDRICAL_SURFACE('',#3106,0.0499999999999997);
#1839=SURFACE_STYLE_USAGE(.BOTH.,#3107);
#1840=FACE_OUTER_BOUND('',#3108,.T.);
#1841=CYLINDRICAL_SURFACE('',#3109,0.37);
#1842=SURFACE_STYLE_USAGE(.BOTH.,#3110);
#1843=FACE_OUTER_BOUND('',#3111,.T.);
#1844=CYLINDRICAL_SURFACE('',#3112,0.0499999999999997);
#1845=SURFACE_STYLE_USAGE(.BOTH.,#3113);
#1846=FACE_OUTER_BOUND('',#3114,.T.);
#1847=CYLINDRICAL_SURFACE('',#3115,0.000999999999999265);
#1848=SURFACE_STYLE_USAGE(.BOTH.,#3116);
#1849=FACE_OUTER_BOUND('',#3117,.T.);
#1850=CYLINDRICAL_SURFACE('',#3118,0.320999999999999);
#1851=SURFACE_STYLE_USAGE(.BOTH.,#3119);
#1852=FACE_OUTER_BOUND('',#3120,.T.);
#1853=PLANE('',#3121);
#1854=SURFACE_STYLE_USAGE(.BOTH.,#3122);
#1855=FACE_OUTER_BOUND('',#3123,.T.);
#1856=PLANE('',#3124);
#1857=SURFACE_STYLE_USAGE(.BOTH.,#3125);
#1858=FACE_OUTER_BOUND('',#3126,.T.);
#1859=CYLINDRICAL_SURFACE('',#3127,0.320999999999999);
#1860=SURFACE_STYLE_USAGE(.BOTH.,#3128);
#1861=FACE_OUTER_BOUND('',#3129,.T.);
#1862=CYLINDRICAL_SURFACE('',#3130,0.321);
#1863=SURFACE_STYLE_USAGE(.BOTH.,#3131);
#1864=FACE_OUTER_BOUND('',#3132,.T.);
#1865=PLANE('',#3133);
#1866=SURFACE_STYLE_USAGE(.BOTH.,#3134);
#1867=FACE_OUTER_BOUND('',#3135,.T.);
#1868=PLANE('',#3136);
#1869=SURFACE_STYLE_USAGE(.BOTH.,#3137);
#1870=FACE_OUTER_BOUND('',#3138,.T.);
#1871=CYLINDRICAL_SURFACE('',#3139,0.321);
#1872=SURFACE_STYLE_USAGE(.BOTH.,#3140);
#1873=FACE_OUTER_BOUND('',#3141,.T.);
#1874=CYLINDRICAL_SURFACE('',#3142,0.00100000000000013);
#1875=SURFACE_STYLE_USAGE(.BOTH.,#3143);
#1876=FACE_OUTER_BOUND('',#3144,.T.);
#1877=CYLINDRICAL_SURFACE('',#3145,0.321);
#1878=SURFACE_STYLE_USAGE(.BOTH.,#3146);
#1879=FACE_OUTER_BOUND('',#3147,.T.);
#1880=PLANE('',#3148);
#1881=SURFACE_STYLE_USAGE(.BOTH.,#3149);
#1882=FACE_OUTER_BOUND('',#3150,.T.);
#1883=PLANE('',#3151);
#1884=SURFACE_STYLE_USAGE(.BOTH.,#3152);
#1885=FACE_OUTER_BOUND('',#3153,.T.);
#1886=CYLINDRICAL_SURFACE('',#3154,3.5);
#1887=SURFACE_STYLE_USAGE(.BOTH.,#3155);
#1888=FACE_OUTER_BOUND('',#3156,.T.);
#1889=PLANE('',#3157);
#1890=SURFACE_STYLE_USAGE(.BOTH.,#3158);
#1891=FACE_OUTER_BOUND('',#3159,.T.);
#1892=CYLINDRICAL_SURFACE('',#3160,1.9837496009362);
#1893=SURFACE_STYLE_USAGE(.BOTH.,#3161);
#1894=FACE_OUTER_BOUND('',#3162,.T.);
#1895=CYLINDRICAL_SURFACE('',#3163,3.5);
#1896=SURFACE_STYLE_USAGE(.BOTH.,#3164);
#1897=FACE_OUTER_BOUND('',#3165,.T.);
#1898=CYLINDRICAL_SURFACE('',#3166,1.9837496009362);
#1899=SURFACE_STYLE_USAGE(.BOTH.,#3167);
#1900=FACE_OUTER_BOUND('',#3168,.T.);
#1901=PLANE('',#3169);
#1902=SURFACE_STYLE_USAGE(.BOTH.,#3170);
#1903=FACE_OUTER_BOUND('',#3171,.T.);
#1904=CYLINDRICAL_SURFACE('',#3172,3.5);
#1905=SURFACE_STYLE_USAGE(.BOTH.,#3173);
#1906=FACE_OUTER_BOUND('',#3174,.T.);
#1907=PLANE('',#3175);
#1908=SURFACE_STYLE_USAGE(.BOTH.,#3176);
#1909=FACE_OUTER_BOUND('',#3177,.T.);
#1910=PLANE('',#3178);
#1911=SURFACE_STYLE_USAGE(.BOTH.,#3179);
#1912=FACE_OUTER_BOUND('',#3180,.T.);
#1913=PLANE('',#3181);
#1914=SURFACE_STYLE_USAGE(.BOTH.,#3182);
#1915=FACE_OUTER_BOUND('',#3183,.T.);
#1916=PLANE('',#3184);
#1917=SURFACE_STYLE_USAGE(.BOTH.,#3185);
#1918=FACE_OUTER_BOUND('',#3186,.T.);
#1919=PLANE('',#3187);
#1920=SURFACE_STYLE_USAGE(.BOTH.,#3188);
#1921=FACE_OUTER_BOUND('',#3189,.T.);
#1922=PLANE('',#3190);
#1923=SURFACE_STYLE_USAGE(.BOTH.,#3191);
#1924=FACE_OUTER_BOUND('',#3192,.T.);
#1925=PLANE('',#3193);
#1926=SURFACE_STYLE_USAGE(.BOTH.,#3194);
#1927=FACE_OUTER_BOUND('',#3195,.T.);
#1928=PLANE('',#3196);
#1929=SURFACE_STYLE_USAGE(.BOTH.,#3197);
#1930=FACE_OUTER_BOUND('',#3198,.T.);
#1931=CYLINDRICAL_SURFACE('',#3199,0.25);
#1932=SURFACE_STYLE_USAGE(.BOTH.,#3200);
#1933=FACE_OUTER_BOUND('',#3201,.T.);
#1934=CYLINDRICAL_SURFACE('',#3202,0.25);
#1935=SURFACE_STYLE_USAGE(.BOTH.,#3203);
#1936=FACE_OUTER_BOUND('',#3204,.T.);
#1937=PLANE('',#3205);
#1938=SURFACE_STYLE_USAGE(.BOTH.,#3206);
#1939=FACE_OUTER_BOUND('',#3207,.T.);
#1940=PLANE('',#3208);
#1941=SURFACE_STYLE_USAGE(.BOTH.,#3209);
#1942=FACE_OUTER_BOUND('',#3210,.T.);
#1943=PLANE('',#3211);
#1944=SURFACE_STYLE_USAGE(.BOTH.,#3212);
#1945=FACE_OUTER_BOUND('',#3213,.T.);
#1946=CYLINDRICAL_SURFACE('',#3214,1.0);
#1947=SURFACE_STYLE_USAGE(.BOTH.,#3215);
#1948=FACE_OUTER_BOUND('',#3216,.T.);
#1949=PLANE('',#3217);
#1950=SURFACE_STYLE_USAGE(.BOTH.,#3218);
#1951=FACE_OUTER_BOUND('',#3219,.T.);
#1952=PLANE('',#3220);
#1953=SURFACE_STYLE_USAGE(.BOTH.,#3221);
#1954=FACE_OUTER_BOUND('',#3222,.T.);
#1955=PLANE('',#3223);
#1956=SURFACE_STYLE_USAGE(.BOTH.,#3224);
#1957=FACE_OUTER_BOUND('',#3225,.T.);
#1958=CYLINDRICAL_SURFACE('',#3226,1.0);
#1959=SURFACE_STYLE_USAGE(.BOTH.,#3227);
#1960=FACE_OUTER_BOUND('',#3228,.T.);
#1961=PLANE('',#3229);
#1962=SURFACE_STYLE_USAGE(.BOTH.,#3230);
#1963=FACE_OUTER_BOUND('',#3231,.T.);
#1964=PLANE('',#3232);
#1965=SURFACE_STYLE_USAGE(.BOTH.,#3233);
#1966=FACE_OUTER_BOUND('',#3234,.T.);
#1967=PLANE('',#3235);
#1968=SURFACE_STYLE_USAGE(.BOTH.,#3236);
#1969=FACE_OUTER_BOUND('',#3237,.T.);
#1970=PLANE('',#3238);
#1971=SURFACE_STYLE_USAGE(.BOTH.,#3239);
#1972=FACE_OUTER_BOUND('',#3240,.T.);
#1973=PLANE('',#3241);
#1974=SURFACE_STYLE_USAGE(.BOTH.,#3242);
#1975=FACE_OUTER_BOUND('',#3243,.T.);
#1976=PLANE('',#3244);
#1977=SURFACE_STYLE_USAGE(.BOTH.,#3245);
#1978=FACE_OUTER_BOUND('',#3246,.T.);
#1979=PLANE('',#3247);
#1980=SURFACE_STYLE_USAGE(.BOTH.,#3248);
#1981=FACE_OUTER_BOUND('',#3249,.T.);
#1982=PLANE('',#3250);
#1983=SURFACE_STYLE_USAGE(.BOTH.,#3251);
#1984=FACE_OUTER_BOUND('',#3252,.T.);
#1985=PLANE('',#3253);
#1986=SURFACE_STYLE_USAGE(.BOTH.,#3254);
#1987=FACE_OUTER_BOUND('',#3255,.T.);
#1988=CYLINDRICAL_SURFACE('',#3256,0.320999999999999);
#1989=SURFACE_STYLE_USAGE(.BOTH.,#3257);
#1990=FACE_OUTER_BOUND('',#3258,.T.);
#1991=PLANE('',#3259);
#1992=SURFACE_STYLE_USAGE(.BOTH.,#3260);
#1993=FACE_OUTER_BOUND('',#3261,.T.);
#1994=PLANE('',#3262);
#1995=SURFACE_STYLE_USAGE(.BOTH.,#3263);
#1996=FACE_OUTER_BOUND('',#3264,.T.);
#1997=PLANE('',#3265);
#1998=SURFACE_STYLE_USAGE(.BOTH.,#3266);
#1999=FACE_OUTER_BOUND('',#3267,.T.);
#2000=PLANE('',#3268);
#2001=SURFACE_STYLE_USAGE(.BOTH.,#3269);
#2002=FACE_OUTER_BOUND('',#3270,.T.);
#2003=CYLINDRICAL_SURFACE('',#3271,0.999999999999999);
#2004=SURFACE_STYLE_USAGE(.BOTH.,#3272);
#2005=FACE_OUTER_BOUND('',#3273,.T.);
#2006=PLANE('',#3274);
#2007=SURFACE_STYLE_USAGE(.BOTH.,#3275);
#2008=FACE_OUTER_BOUND('',#3276,.T.);
#2009=CYLINDRICAL_SURFACE('',#3277,0.25);
#2010=SURFACE_STYLE_USAGE(.BOTH.,#3278);
#2011=FACE_OUTER_BOUND('',#3279,.T.);
#2012=CYLINDRICAL_SURFACE('',#3280,0.25);
#2013=SURFACE_STYLE_USAGE(.BOTH.,#3281);
#2014=FACE_OUTER_BOUND('',#3282,.T.);
#2015=PLANE('',#3283);
#2016=SURFACE_STYLE_USAGE(.BOTH.,#3284);
#2017=FACE_OUTER_BOUND('',#3285,.T.);
#2018=PLANE('',#3286);
#2019=SURFACE_STYLE_USAGE(.BOTH.,#3287);
#2020=FACE_OUTER_BOUND('',#3288,.T.);
#2021=PLANE('',#3289);
#2022=SURFACE_STYLE_USAGE(.BOTH.,#3290);
#2023=FACE_OUTER_BOUND('',#3291,.T.);
#2024=CYLINDRICAL_SURFACE('',#3292,1.0);
#2025=SURFACE_STYLE_USAGE(.BOTH.,#3293);
#2026=FACE_OUTER_BOUND('',#3294,.T.);
#2027=PLANE('',#3295);
#2028=SURFACE_STYLE_USAGE(.BOTH.,#3296);
#2029=FACE_OUTER_BOUND('',#3297,.T.);
#2030=PLANE('',#3298);
#2031=SURFACE_STYLE_USAGE(.BOTH.,#3299);
#2032=FACE_OUTER_BOUND('',#3300,.T.);
#2033=PLANE('',#3301);
#2034=SURFACE_STYLE_USAGE(.BOTH.,#3302);
#2035=FACE_OUTER_BOUND('',#3303,.T.);
#2036=CYLINDRICAL_SURFACE('',#3304,1.0);
#2037=SURFACE_STYLE_USAGE(.BOTH.,#3305);
#2038=FACE_OUTER_BOUND('',#3306,.T.);
#2039=PLANE('',#3307);
#2040=SURFACE_STYLE_USAGE(.BOTH.,#3308);
#2041=FACE_OUTER_BOUND('',#3309,.T.);
#2042=PLANE('',#3310);
#2043=SURFACE_STYLE_USAGE(.BOTH.,#3311);
#2044=FACE_OUTER_BOUND('',#3312,.T.);
#2045=PLANE('',#3313);
#2046=SURFACE_STYLE_USAGE(.BOTH.,#3314);
#2047=FACE_OUTER_BOUND('',#3315,.T.);
#2048=CYLINDRICAL_SURFACE('',#3316,0.321);
#2049=SURFACE_STYLE_USAGE(.BOTH.,#3317);
#2050=FACE_OUTER_BOUND('',#3318,.T.);
#2051=PLANE('',#3319);
#2052=SURFACE_STYLE_USAGE(.BOTH.,#3320);
#2053=FACE_OUTER_BOUND('',#3321,.T.);
#2054=PLANE('',#3322);
#2055=SURFACE_STYLE_USAGE(.BOTH.,#3323);
#2056=FACE_OUTER_BOUND('',#3324,.T.);
#2057=PLANE('',#3325);
#2058=SURFACE_STYLE_USAGE(.BOTH.,#3326);
#2059=FACE_OUTER_BOUND('',#3327,.T.);
#2060=PLANE('',#3328);
#2061=SURFACE_STYLE_USAGE(.BOTH.,#3329);
#2062=FACE_OUTER_BOUND('',#3330,.T.);
#2063=PLANE('',#3331);
#2064=SURFACE_STYLE_USAGE(.BOTH.,#3332);
#2065=FACE_OUTER_BOUND('',#3333,.T.);
#2066=PLANE('',#3334);
#2067=SURFACE_STYLE_USAGE(.BOTH.,#3335);
#2068=FACE_OUTER_BOUND('',#3336,.T.);
#2069=CYLINDRICAL_SURFACE('',#3337,0.321000000000001);
#2070=SURFACE_STYLE_USAGE(.BOTH.,#3338);
#2071=FACE_OUTER_BOUND('',#3339,.T.);
#2072=PLANE('',#3340);
#2073=SURFACE_STYLE_USAGE(.BOTH.,#3341);
#2074=FACE_OUTER_BOUND('',#3342,.T.);
#2075=PLANE('',#3343);
#2076=SURFACE_STYLE_USAGE(.BOTH.,#3344);
#2077=FACE_OUTER_BOUND('',#3345,.T.);
#2078=PLANE('',#3346);
#2079=SURFACE_STYLE_USAGE(.BOTH.,#3347);
#2080=FACE_OUTER_BOUND('',#3348,.T.);
#2081=PLANE('',#3349);
#2082=SURFACE_STYLE_USAGE(.BOTH.,#3350);
#2083=FACE_OUTER_BOUND('',#3351,.T.);
#2084=PLANE('',#3352);
#2085=SURFACE_STYLE_USAGE(.BOTH.,#3353);
#2086=FACE_OUTER_BOUND('',#3354,.T.);
#2087=PLANE('',#3355);
#2088=SURFACE_STYLE_USAGE(.BOTH.,#3356);
#2089=FACE_OUTER_BOUND('',#3357,.T.);
#2090=CYLINDRICAL_SURFACE('',#3358,1.0);
#2091=SURFACE_STYLE_USAGE(.BOTH.,#3359);
#2092=FACE_OUTER_BOUND('',#3360,.T.);
#2093=PLANE('',#3361);
#2094=SURFACE_STYLE_USAGE(.BOTH.,#3362);
#2095=FACE_OUTER_BOUND('',#3363,.T.);
#2096=PLANE('',#3364);
#2097=SURFACE_STYLE_USAGE(.BOTH.,#3365);
#2098=FACE_OUTER_BOUND('',#3366,.T.);
#2099=PLANE('',#3367);
#2100=SURFACE_STYLE_USAGE(.BOTH.,#3368);
#2101=FACE_OUTER_BOUND('',#3369,.T.);
#2102=PLANE('',#3370);
#2103=SURFACE_STYLE_USAGE(.BOTH.,#3371);
#2104=FACE_OUTER_BOUND('',#3372,.T.);
#2105=PLANE('',#3373);
#2106=SURFACE_STYLE_USAGE(.BOTH.,#3374);
#2107=FACE_OUTER_BOUND('',#3375,.T.);
#2108=CYLINDRICAL_SURFACE('',#3376,1.5);
#2109=SURFACE_STYLE_USAGE(.BOTH.,#3377);
#2110=FACE_OUTER_BOUND('',#3378,.T.);
#2111=FACE_BOUND('',#3379,.T.);
#2112=PLANE('',#3380);
#2113=SURFACE_STYLE_USAGE(.BOTH.,#3381);
#2114=FACE_OUTER_BOUND('',#3382,.T.);
#2115=CYLINDRICAL_SURFACE('',#3383,1.1);
#2116=SURFACE_STYLE_USAGE(.BOTH.,#3384);
#2117=FACE_OUTER_BOUND('',#3385,.T.);
#2118=CONICAL_SURFACE('',#3386,1.29000000000001,0.785398163397446);
#2119=SURFACE_STYLE_USAGE(.BOTH.,#3387);
#2120=FACE_OUTER_BOUND('',#3388,.T.);
#2121=FACE_BOUND('',#3389,.T.);
#2122=PLANE('',#3390);
#2123=SURFACE_STYLE_USAGE(.BOTH.,#3391);
#2124=FACE_OUTER_BOUND('',#3392,.T.);
#2125=CYLINDRICAL_SURFACE('',#3393,1.48);
#2126=SURFACE_STYLE_USAGE(.BOTH.,#3394);
#2127=FACE_OUTER_BOUND('',#3395,.T.);
#2128=FACE_BOUND('',#3396,.T.);
#2129=PLANE('',#3397);
#2130=SURFACE_STYLE_USAGE(.BOTH.,#3398);
#2131=FACE_OUTER_BOUND('',#3399,.T.);
#2132=CONICAL_SURFACE('',#3400,1.48,0.785398163397451);
#2133=SURFACE_STYLE_USAGE(.BOTH.,#3401);
#2134=FACE_OUTER_BOUND('',#3402,.T.);
#2135=FACE_BOUND('',#3403,.T.);
#2136=PLANE('',#3404);
#2137=SURFACE_STYLE_USAGE(.BOTH.,#3405);
#2138=FACE_OUTER_BOUND('',#3406,.T.);
#2139=PLANE('',#3407);
#2140=SURFACE_STYLE_USAGE(.BOTH.,#3408);
#2141=FACE_OUTER_BOUND('',#3409,.T.);
#2142=PLANE('',#3410);
#2143=SURFACE_STYLE_USAGE(.BOTH.,#3411);
#2144=FACE_OUTER_BOUND('',#3412,.T.);
#2145=PLANE('',#3413);
#2146=SURFACE_STYLE_USAGE(.BOTH.,#3414);
#2147=FACE_OUTER_BOUND('',#3415,.T.);
#2148=PLANE('',#3416);
#2149=SURFACE_STYLE_USAGE(.BOTH.,#3417);
#2150=FACE_OUTER_BOUND('',#3418,.T.);
#2151=PLANE('',#3419);
#2152=SURFACE_STYLE_USAGE(.BOTH.,#3420);
#2153=FACE_OUTER_BOUND('',#3421,.T.);
#2154=PLANE('',#3422);
#2155=SURFACE_STYLE_USAGE(.BOTH.,#3423);
#2156=FACE_OUTER_BOUND('',#3424,.T.);
#2157=PLANE('',#3425);
#2158=SURFACE_STYLE_USAGE(.BOTH.,#3426);
#2159=FACE_OUTER_BOUND('',#3427,.T.);
#2160=PLANE('',#3428);
#2161=SURFACE_STYLE_USAGE(.BOTH.,#3429);
#2162=FACE_OUTER_BOUND('',#3430,.T.);
#2163=PLANE('',#3431);
#2164=SURFACE_STYLE_USAGE(.BOTH.,#3432);
#2165=FACE_OUTER_BOUND('',#3433,.T.);
#2166=PLANE('',#3434);
#2167=SURFACE_STYLE_USAGE(.BOTH.,#3435);
#2168=FACE_OUTER_BOUND('',#3436,.T.);
#2169=PLANE('',#3437);
#2170=SURFACE_STYLE_USAGE(.BOTH.,#3438);
#2171=FACE_OUTER_BOUND('',#3439,.T.);
#2172=PLANE('',#3440);
#2173=SURFACE_STYLE_USAGE(.BOTH.,#3441);
#2174=FACE_OUTER_BOUND('',#3442,.T.);
#2175=PLANE('',#3443);
#2176=SURFACE_STYLE_USAGE(.BOTH.,#3444);
#2177=FACE_OUTER_BOUND('',#3445,.T.);
#2178=PLANE('',#3446);
#2179=SURFACE_STYLE_USAGE(.BOTH.,#3447);
#2180=FACE_OUTER_BOUND('',#3448,.T.);
#2181=PLANE('',#3449);
#2182=SURFACE_STYLE_USAGE(.BOTH.,#3450);
#2183=FACE_OUTER_BOUND('',#3451,.T.);
#2184=PLANE('',#3452);
#2185=SURFACE_STYLE_USAGE(.BOTH.,#3453);
#2186=FACE_OUTER_BOUND('',#3454,.T.);
#2187=PLANE('',#3455);
#2188=SURFACE_STYLE_USAGE(.BOTH.,#3456);
#2189=FACE_OUTER_BOUND('',#3457,.T.);
#2190=PLANE('',#3458);
#2191=SURFACE_STYLE_USAGE(.BOTH.,#3459);
#2192=FACE_OUTER_BOUND('',#3460,.T.);
#2193=PLANE('',#3461);
#2194=SURFACE_STYLE_USAGE(.BOTH.,#3462);
#2195=FACE_OUTER_BOUND('',#3463,.T.);
#2196=PLANE('',#3464);
#2197=SURFACE_STYLE_USAGE(.BOTH.,#3465);
#2198=FACE_OUTER_BOUND('',#3466,.T.);
#2199=PLANE('',#3467);
#2200=SURFACE_STYLE_USAGE(.BOTH.,#3468);
#2201=FACE_OUTER_BOUND('',#3469,.T.);
#2202=PLANE('',#3470);
#2203=SURFACE_STYLE_USAGE(.BOTH.,#3471);
#2204=FACE_OUTER_BOUND('',#3472,.T.);
#2205=PLANE('',#3473);
#2206=SURFACE_STYLE_USAGE(.BOTH.,#3474);
#2207=FACE_OUTER_BOUND('',#3475,.T.);
#2208=PLANE('',#3476);
#2209=SURFACE_STYLE_USAGE(.BOTH.,#3477);
#2210=FACE_OUTER_BOUND('',#3478,.T.);
#2211=PLANE('',#3479);
#2212=SURFACE_STYLE_USAGE(.BOTH.,#3480);
#2213=FACE_OUTER_BOUND('',#3481,.T.);
#2214=PLANE('',#3482);
#2215=SURFACE_STYLE_USAGE(.BOTH.,#3483);
#2216=FACE_OUTER_BOUND('',#3484,.T.);
#2217=PLANE('',#3485);
#2218=SURFACE_STYLE_USAGE(.BOTH.,#3486);
#2219=FACE_OUTER_BOUND('',#3487,.T.);
#2220=PLANE('',#3488);
#2221=SURFACE_STYLE_USAGE(.BOTH.,#3489);
#2222=FACE_OUTER_BOUND('',#3490,.T.);
#2223=PLANE('',#3491);
#2224=SURFACE_STYLE_USAGE(.BOTH.,#3492);
#2225=FACE_OUTER_BOUND('',#3493,.T.);
#2226=PLANE('',#3494);
#2227=SURFACE_STYLE_USAGE(.BOTH.,#3495);
#2228=FACE_OUTER_BOUND('',#3496,.T.);
#2229=PLANE('',#3497);
#2230=SURFACE_STYLE_USAGE(.BOTH.,#3498);
#2231=FACE_OUTER_BOUND('',#3499,.T.);
#2232=CYLINDRICAL_SURFACE('',#3500,3.55);
#2233=SURFACE_STYLE_USAGE(.BOTH.,#3501);
#2234=FACE_OUTER_BOUND('',#3502,.T.);
#2235=PLANE('',#3503);
#2236=SURFACE_STYLE_USAGE(.BOTH.,#3504);
#2237=FACE_OUTER_BOUND('',#3505,.T.);
#2238=PLANE('',#3506);
#2239=SURFACE_STYLE_USAGE(.BOTH.,#3507);
#2240=FACE_OUTER_BOUND('',#3508,.T.);
#2241=PLANE('',#3509);
#2242=SURFACE_STYLE_USAGE(.BOTH.,#3510);
#2243=FACE_OUTER_BOUND('',#3511,.T.);
#2244=PLANE('',#3512);
#2245=SURFACE_STYLE_USAGE(.BOTH.,#3513);
#2246=FACE_OUTER_BOUND('',#3514,.T.);
#2247=PLANE('',#3515);
#2248=SURFACE_STYLE_USAGE(.BOTH.,#3516);
#2249=FACE_OUTER_BOUND('',#3517,.T.);
#2250=PLANE('',#3518);
#2251=SURFACE_STYLE_USAGE(.BOTH.,#3519);
#2252=FACE_OUTER_BOUND('',#3520,.T.);
#2253=PLANE('',#3521);
#2254=SURFACE_STYLE_USAGE(.BOTH.,#3522);
#2255=FACE_OUTER_BOUND('',#3523,.T.);
#2256=PLANE('',#3524);
#2257=SURFACE_STYLE_USAGE(.BOTH.,#3525);
#2258=FACE_OUTER_BOUND('',#3526,.T.);
#2259=PLANE('',#3527);
#2260=SURFACE_STYLE_USAGE(.BOTH.,#3528);
#2261=FACE_OUTER_BOUND('',#3529,.T.);
#2262=PLANE('',#3530);
#2263=SURFACE_STYLE_USAGE(.BOTH.,#3531);
#2264=FACE_OUTER_BOUND('',#3532,.T.);
#2265=PLANE('',#3533);
#2266=SURFACE_STYLE_USAGE(.BOTH.,#3534);
#2267=FACE_OUTER_BOUND('',#3535,.T.);
#2268=PLANE('',#3536);
#2269=SURFACE_STYLE_USAGE(.BOTH.,#3537);
#2270=FACE_OUTER_BOUND('',#3538,.T.);
#2271=PLANE('',#3539);
#2272=SURFACE_STYLE_USAGE(.BOTH.,#3540);
#2273=FACE_OUTER_BOUND('',#3541,.T.);
#2274=PLANE('',#3542);
#2275=SURFACE_STYLE_USAGE(.BOTH.,#3543);
#2276=FACE_OUTER_BOUND('',#3544,.T.);
#2277=PLANE('',#3545);
#2278=SURFACE_STYLE_USAGE(.BOTH.,#3546);
#2279=FACE_OUTER_BOUND('',#3547,.T.);
#2280=PLANE('',#3548);
#2281=SURFACE_STYLE_USAGE(.BOTH.,#3549);
#2282=FACE_OUTER_BOUND('',#3550,.T.);
#2283=PLANE('',#3551);
#2284=SURFACE_STYLE_USAGE(.BOTH.,#3552);
#2285=FACE_OUTER_BOUND('',#3553,.T.);
#2286=PLANE('',#3554);
#2287=SURFACE_STYLE_USAGE(.BOTH.,#3555);
#2288=FACE_OUTER_BOUND('',#3556,.T.);
#2289=PLANE('',#3557);
#2290=SURFACE_STYLE_USAGE(.BOTH.,#3558);
#2291=FACE_OUTER_BOUND('',#3559,.T.);
#2292=PLANE('',#3560);
#2293=SURFACE_STYLE_USAGE(.BOTH.,#3561);
#2294=FACE_OUTER_BOUND('',#3562,.T.);
#2295=PLANE('',#3563);
#2296=SURFACE_STYLE_USAGE(.BOTH.,#3564);
#2297=FACE_OUTER_BOUND('',#3565,.T.);
#2298=FACE_BOUND('',#3566,.T.);
#2299=PLANE('',#3567);
#2300=SURFACE_STYLE_USAGE(.BOTH.,#3568);
#2301=FACE_OUTER_BOUND('',#3569,.T.);
#2302=PLANE('',#3570);
#2303=SURFACE_STYLE_USAGE(.BOTH.,#3571);
#2304=FACE_OUTER_BOUND('',#3572,.T.);
#2305=PLANE('',#3573);
#2306=SURFACE_STYLE_USAGE(.BOTH.,#3574);
#2307=FACE_OUTER_BOUND('',#3575,.T.);
#2308=PLANE('',#3576);
#2309=SURFACE_STYLE_USAGE(.BOTH.,#3577);
#2310=FACE_OUTER_BOUND('',#3578,.T.);
#2311=PLANE('',#3579);
#2312=SURFACE_STYLE_USAGE(.BOTH.,#3580);
#2313=FACE_OUTER_BOUND('',#3581,.T.);
#2314=CYLINDRICAL_SURFACE('',#3582,0.300000000000003);
#2315=SURFACE_STYLE_USAGE(.BOTH.,#3583);
#2316=FACE_OUTER_BOUND('',#3584,.T.);
#2317=PLANE('',#3585);
#2318=SURFACE_STYLE_USAGE(.BOTH.,#3586);
#2319=FACE_OUTER_BOUND('',#3587,.T.);
#2320=PLANE('',#3588);
#2321=SURFACE_STYLE_USAGE(.BOTH.,#3589);
#2322=FACE_OUTER_BOUND('',#3590,.T.);
#2323=CYLINDRICAL_SURFACE('',#3591,0.225);
#2324=SURFACE_STYLE_USAGE(.BOTH.,#3592);
#2325=FACE_OUTER_BOUND('',#3593,.T.);
#2326=SPHERICAL_SURFACE('',#3594,0.375);
#2327=SURFACE_STYLE_USAGE(.BOTH.,#3595);
#2328=FACE_OUTER_BOUND('',#3596,.T.);
#2329=SPHERICAL_SURFACE('',#3597,0.375);
#2330=SURFACE_STYLE_USAGE(.BOTH.,#3598);
#2331=FACE_OUTER_BOUND('',#3599,.T.);
#2332=CYLINDRICAL_SURFACE('',#3600,0.375);
#2333=SURFACE_STYLE_USAGE(.BOTH.,#3601);
#2334=FACE_OUTER_BOUND('',#3602,.T.);
#2335=CYLINDRICAL_SURFACE('',#3603,0.15);
#2336=SURFACE_STYLE_USAGE(.BOTH.,#3604);
#2337=FACE_OUTER_BOUND('',#3605,.T.);
#2338=CYLINDRICAL_SURFACE('',#3606,0.15);
#2339=SURFACE_STYLE_USAGE(.BOTH.,#3607);
#2340=FACE_OUTER_BOUND('',#3608,.T.);
#2341=CYLINDRICAL_SURFACE('',#3609,0.15);
#2342=SURFACE_STYLE_USAGE(.BOTH.,#3610);
#2343=FACE_OUTER_BOUND('',#3611,.T.);
#2344=CYLINDRICAL_SURFACE('',#3612,0.15);
#2345=SURFACE_STYLE_USAGE(.BOTH.,#3613);
#2346=FACE_OUTER_BOUND('',#3614,.T.);
#2347=CYLINDRICAL_SURFACE('',#3615,0.3);
#2348=SURFACE_STYLE_USAGE(.BOTH.,#3616);
#2349=FACE_OUTER_BOUND('',#3617,.T.);
#2350=CYLINDRICAL_SURFACE('',#3618,0.3);
#2351=SURFACE_STYLE_USAGE(.BOTH.,#3619);
#2352=FACE_OUTER_BOUND('',#3620,.T.);
#2353=CYLINDRICAL_SURFACE('',#3621,0.3);
#2354=SURFACE_STYLE_USAGE(.BOTH.,#3622);
#2355=FACE_OUTER_BOUND('',#3623,.T.);
#2356=CYLINDRICAL_SURFACE('',#3624,0.3);
#2357=SURFACE_STYLE_USAGE(.BOTH.,#3625);
#2358=FACE_OUTER_BOUND('',#3626,.T.);
#2359=PLANE('',#3627);
#2360=SURFACE_STYLE_USAGE(.BOTH.,#3628);
#2361=FACE_OUTER_BOUND('',#3629,.T.);
#2362=PLANE('',#3630);
#2363=SURFACE_STYLE_USAGE(.BOTH.,#3631);
#2364=FACE_OUTER_BOUND('',#3632,.T.);
#2365=PLANE('',#3633);
#2366=SURFACE_STYLE_USAGE(.BOTH.,#3634);
#2367=FACE_OUTER_BOUND('',#3635,.T.);
#2368=PLANE('',#3636);
#2369=SURFACE_STYLE_USAGE(.BOTH.,#3637);
#2370=FACE_OUTER_BOUND('',#3638,.T.);
#2371=PLANE('',#3639);
#2372=SURFACE_STYLE_USAGE(.BOTH.,#3640);
#2373=FACE_OUTER_BOUND('',#3641,.T.);
#2374=PLANE('',#3642);
#2375=SURFACE_STYLE_USAGE(.BOTH.,#3643);
#2376=FACE_OUTER_BOUND('',#3644,.T.);
#2377=PLANE('',#3645);
#2378=SURFACE_STYLE_USAGE(.BOTH.,#3646);
#2379=FACE_OUTER_BOUND('',#3647,.T.);
#2380=PLANE('',#3648);
#2381=SURFACE_STYLE_USAGE(.BOTH.,#3649);
#2382=FACE_OUTER_BOUND('',#3650,.T.);
#2383=SPHERICAL_SURFACE('',#3651,0.225);
#2384=SURFACE_STYLE_USAGE(.BOTH.,#3652);
#2385=FACE_OUTER_BOUND('',#3653,.T.);
#2386=SPHERICAL_SURFACE('',#3654,0.225);
#2387=SURFACE_STYLE_USAGE(.BOTH.,#3655);
#2388=FACE_OUTER_BOUND('',#3656,.T.);
#2389=PLANE('',#3657);
#2390=SURFACE_STYLE_USAGE(.BOTH.,#3658);
#2391=FACE_OUTER_BOUND('',#3659,.T.);
#2392=PLANE('',#3660);
#2393=SURFACE_STYLE_USAGE(.BOTH.,#3661);
#2394=FACE_OUTER_BOUND('',#3662,.T.);
#2395=FACE_BOUND('',#3663,.T.);
#2396=PLANE('',#3664);
#2397=SURFACE_STYLE_USAGE(.BOTH.,#3665);
#2398=FACE_OUTER_BOUND('',#3666,.T.);
#2399=FACE_BOUND('',#3667,.T.);
#2400=PLANE('',#3668);
#2401=SURFACE_STYLE_USAGE(.BOTH.,#3669);
#2402=FACE_OUTER_BOUND('',#3670,.T.);
#2403=PLANE('',#3671);
#2404=SURFACE_STYLE_USAGE(.BOTH.,#3672);
#2405=FACE_OUTER_BOUND('',#3673,.T.);
#2406=PLANE('',#3674);
#2407=SURFACE_STYLE_USAGE(.BOTH.,#3675);
#2408=FACE_OUTER_BOUND('',#3676,.T.);
#2409=PLANE('',#3677);
#2410=SURFACE_STYLE_USAGE(.BOTH.,#3678);
#2411=FACE_OUTER_BOUND('',#3679,.T.);
#2412=PLANE('',#3680);
#2413=SURFACE_STYLE_USAGE(.BOTH.,#3681);
#2414=FACE_OUTER_BOUND('',#3682,.T.);
#2415=PLANE('',#3683);
#2416=SURFACE_STYLE_USAGE(.BOTH.,#3684);
#2417=FACE_OUTER_BOUND('',#3685,.T.);
#2418=PLANE('',#3686);
#2419=SURFACE_STYLE_USAGE(.BOTH.,#3687);
#2420=FACE_OUTER_BOUND('',#3688,.T.);
#2421=CYLINDRICAL_SURFACE('',#3689,0.299999999999998);
#2422=SURFACE_STYLE_USAGE(.BOTH.,#3690);
#2423=FACE_OUTER_BOUND('',#3691,.T.);
#2424=FACE_BOUND('',#3692,.T.);
#2425=PLANE('',#3693);
#2426=SURFACE_STYLE_USAGE(.BOTH.,#3694);
#2427=FACE_OUTER_BOUND('',#3695,.T.);
#2428=FACE_BOUND('',#3696,.T.);
#2429=PLANE('',#3697);
#2430=SURFACE_STYLE_USAGE(.BOTH.,#3698);
#2431=FACE_OUTER_BOUND('',#3699,.T.);
#2432=PLANE('',#3700);
#2433=SURFACE_STYLE_USAGE(.BOTH.,#3701);
#2434=FACE_OUTER_BOUND('',#3702,.T.);
#2435=PLANE('',#3703);
#2436=SURFACE_STYLE_USAGE(.BOTH.,#3704);
#2437=FACE_OUTER_BOUND('',#3705,.T.);
#2438=PLANE('',#3706);
#2439=SURFACE_STYLE_USAGE(.BOTH.,#3707);
#2440=FACE_OUTER_BOUND('',#3708,.T.);
#2441=PLANE('',#3709);
#2442=SURFACE_STYLE_USAGE(.BOTH.,#3710);
#2443=FACE_OUTER_BOUND('',#3711,.T.);
#2444=PLANE('',#3712);
#2445=SURFACE_STYLE_USAGE(.BOTH.,#3713);
#2446=FACE_OUTER_BOUND('',#3714,.T.);
#2447=SPHERICAL_SURFACE('',#3715,0.375);
#2448=SURFACE_STYLE_USAGE(.BOTH.,#3716);
#2449=FACE_OUTER_BOUND('',#3717,.T.);
#2450=CYLINDRICAL_SURFACE('',#3718,0.375);
#2451=SURFACE_STYLE_USAGE(.BOTH.,#3719);
#2452=FACE_OUTER_BOUND('',#3720,.T.);
#2453=SPHERICAL_SURFACE('',#3721,0.375);
#2454=SURFACE_STYLE_USAGE(.BOTH.,#3722);
#2455=FACE_OUTER_BOUND('',#3723,.T.);
#2456=CYLINDRICAL_SURFACE('',#3724,0.3);
#2457=SURFACE_STYLE_USAGE(.BOTH.,#3725);
#2458=FACE_OUTER_BOUND('',#3726,.T.);
#2459=CYLINDRICAL_SURFACE('',#3727,0.15);
#2460=SURFACE_STYLE_USAGE(.BOTH.,#3728);
#2461=FACE_OUTER_BOUND('',#3729,.T.);
#2462=SPHERICAL_SURFACE('',#3730,0.225);
#2463=SURFACE_STYLE_USAGE(.BOTH.,#3731);
#2464=FACE_OUTER_BOUND('',#3732,.T.);
#2465=CYLINDRICAL_SURFACE('',#3733,0.225);
#2466=SURFACE_STYLE_USAGE(.BOTH.,#3734);
#2467=FACE_OUTER_BOUND('',#3735,.T.);
#2468=SPHERICAL_SURFACE('',#3736,0.225);
#2469=SURFACE_STYLE_USAGE(.BOTH.,#3737);
#2470=FACE_OUTER_BOUND('',#3738,.T.);
#2471=CYLINDRICAL_SURFACE('',#3739,0.15);
#2472=SURFACE_STYLE_USAGE(.BOTH.,#3740);
#2473=FACE_OUTER_BOUND('',#3741,.T.);
#2474=PLANE('',#3742);
#2475=SURFACE_STYLE_USAGE(.BOTH.,#3743);
#2476=FACE_OUTER_BOUND('',#3744,.T.);
#2477=CYLINDRICAL_SURFACE('',#3745,0.15);
#2478=SURFACE_STYLE_USAGE(.BOTH.,#3746);
#2479=FACE_OUTER_BOUND('',#3747,.T.);
#2480=PLANE('',#3748);
#2481=SURFACE_STYLE_USAGE(.BOTH.,#3749);
#2482=FACE_OUTER_BOUND('',#3750,.T.);
#2483=CYLINDRICAL_SURFACE('',#3751,0.15);
#2484=SURFACE_STYLE_USAGE(.BOTH.,#3752);
#2485=FACE_OUTER_BOUND('',#3753,.T.);
#2486=PLANE('',#3754);
#2487=SURFACE_STYLE_USAGE(.BOTH.,#3755);
#2488=FACE_OUTER_BOUND('',#3756,.T.);
#2489=CYLINDRICAL_SURFACE('',#3757,0.3);
#2490=SURFACE_STYLE_USAGE(.BOTH.,#3758);
#2491=FACE_OUTER_BOUND('',#3759,.T.);
#2492=PLANE('',#3760);
#2493=SURFACE_STYLE_USAGE(.BOTH.,#3761);
#2494=FACE_OUTER_BOUND('',#3762,.T.);
#2495=CYLINDRICAL_SURFACE('',#3763,0.3);
#2496=SURFACE_STYLE_USAGE(.BOTH.,#3764);
#2497=FACE_OUTER_BOUND('',#3765,.T.);
#2498=PLANE('',#3766);
#2499=SURFACE_STYLE_USAGE(.BOTH.,#3767);
#2500=FACE_OUTER_BOUND('',#3768,.T.);
#2501=PLANE('',#3769);
#2502=SURFACE_STYLE_USAGE(.BOTH.,#3770);
#2503=FACE_OUTER_BOUND('',#3771,.T.);
#2504=PLANE('',#3772);
#2505=SURFACE_STYLE_USAGE(.BOTH.,#3773);
#2506=FACE_OUTER_BOUND('',#3774,.T.);
#2507=PLANE('',#3775);
#2508=SURFACE_STYLE_USAGE(.BOTH.,#3776);
#2509=FACE_OUTER_BOUND('',#3777,.T.);
#2510=PLANE('',#3778);
#2511=SURFACE_STYLE_USAGE(.BOTH.,#3779);
#2512=FACE_OUTER_BOUND('',#3780,.T.);
#2513=PLANE('',#3781);
#2514=SURFACE_STYLE_USAGE(.BOTH.,#3782);
#2515=FACE_OUTER_BOUND('',#3783,.T.);
#2516=PLANE('',#3784);
#2517=SURFACE_STYLE_USAGE(.BOTH.,#3785);
#2518=FACE_OUTER_BOUND('',#3786,.T.);
#2519=PLANE('',#3787);
#2520=SURFACE_STYLE_USAGE(.BOTH.,#3788);
#2521=FACE_OUTER_BOUND('',#3789,.T.);
#2522=PLANE('',#3790);
#2523=SURFACE_STYLE_USAGE(.BOTH.,#3791);
#2524=FACE_OUTER_BOUND('',#3792,.T.);
#2525=PLANE('',#3793);
#2526=SURFACE_STYLE_USAGE(.BOTH.,#3794);
#2527=FACE_OUTER_BOUND('',#3795,.T.);
#2528=PLANE('',#3796);
#2529=SURFACE_STYLE_USAGE(.BOTH.,#3797);
#2530=FACE_OUTER_BOUND('',#3798,.T.);
#2531=PLANE('',#3799);
#2532=SURFACE_STYLE_USAGE(.BOTH.,#3800);
#2533=FACE_OUTER_BOUND('',#3801,.T.);
#2534=PLANE('',#3802);
#2535=SURFACE_STYLE_USAGE(.BOTH.,#3803);
#2536=FACE_OUTER_BOUND('',#3804,.T.);
#2537=PLANE('',#3805);
#2538=SURFACE_STYLE_USAGE(.BOTH.,#3806);
#2539=FACE_OUTER_BOUND('',#3807,.T.);
#2540=PLANE('',#3808);
#2541=SURFACE_STYLE_USAGE(.BOTH.,#3809);
#2542=FACE_OUTER_BOUND('',#3810,.T.);
#2543=CYLINDRICAL_SURFACE('',#3811,0.3);
#2544=SURFACE_STYLE_USAGE(.BOTH.,#3812);
#2545=CLOSED_SHELL('',(#439,#441,#443,#445,#447,#449,#451,#453,#455,#457,#459,#461,#463,#465,#467,#469,#471,#473,#475,#477,#479,#481,#483,#485,#487,#489,#491,#493,#495,#497,#499,#501,#503,#505,#507,#509,#511,#513,#515,#517,#519,#521,#523,#525,#527,#529,#531,#533,#535,#537,#539,#541,#543,#545,#547,#549,#551,#553,#555,#557,#559,#561,#563,#565,#567,#569,#571,#573,#575,#577,#579,#581,#583,#585,#587,#589,#591,#593,#595,#597,#599,#601,#603,#605,#607,#609,#611,#613,#615,#617,#619,#621,#623,#625,#627,#629,#631,#633,#635,#637,#639,#641,#643,#645,#647,#649,#651,#653,#655,#657,#659,#661,#663,#665,#667,#669,#671,#673,#675,#677,#679,#681,#683,#685,#687,#689,#691,#693,#695,#697,#699,#701,#703,#705,#707,#709,#711,#713,#715,#717,#719,#721,#723,#725,#727,#729,#731,#733,#735,#737,#739,#741,#743,#745,#747,#749,#751,#753,#755,#757,#759,#761,#763,#765,#767,#769,#771,#773,#775,#777,#779,#781,#783,#785,#787,#789,#791,#793,#795,#797,#799,#801,#803,#805,#807,#809,#811,#813,#815,#817,#819,#821,#823,#825,#827,#829,#831,#833,#835,#837,#839,#841,#843,#845,#847,#849,#851,#853,#855,#857,#859,#861,#863,#865,#867,#869,#871,#873,#875,#877,#879,#881,#883,#885,#887,#889,#891,#893,#895,#897,#899,#901,#903,#905,#907,#909,#911,#913,#915,#917,#919,#921,#923,#925,#927,#929,#931,#933,#935,#937,#939,#941,#943,#945,#947,#949,#951,#953,#955,#957,#959,#961,#963,#965,#967,#969,#971,#973,#975,#977,#979,#981,#983,#985,#987,#989,#991,#993,#995,#997,#999,#1001,#1003,#1005,#1007,#1009,#1011,#1013,#1015,#1017,#1019,#1021,#1023,#1025,#1027,#1029,#1031,#1033,#1035,#1037,#1039,#1041,#1043,#1045,#1047,#1049,#1051,#1053,#1055,#1057,#1059,#1061,#1063,#1065,#1067,#1069,#1071,#1073,#1075,#1077,#1079,#1081,#1083,#1085,#1087,#1089,#1091,#1093,#1095,#1097,#1099,#1101,#1103,#1105,#1107,#1109,#1111,#1113,#1115,#1117,#1119,#1121,#1123,#1125,#1127,#1129,#1131,#1133,#1135,#1137,#1139,#1141,#1143,#1145,#1147,#1149,#1151,#1153,#1155,#1157,#1159,#1161,#1163,#1165,#1167,#1169,#1171,#1173,#1175,#1177,#1179,#1181,#1183,#1185,#1187,#1189,#1191,#1193,#1195,#1197,#1199,#1201,#1203,#1205,#1207,#1209,#1211,#1213,#1215,#1217,#1219,#1221,#1223,#1225,#1227,#1229,#1231,#1233,#1235,#1237,#1239,#1241,#1243,#1245,#1247,#1249,#1251,#1253,#1255,#1257,#1259,#1261,#1263,#1265));
#2546=PRODUCT_CONTEXT('',#425,'mechanical');
#2547=PRODUCT_DEFINITION_FORMATION_WITH_SPECIFIED_SOURCE(' ','NONE',#1268,.NOT_KNOWN.);
#2548=CARTESIAN_POINT('',(0.0,0.0,0.0));
#2549=DIRECTION('',(0.0,0.0,1.0));
#2550=DIRECTION('',(1.0,0.0,0.0));
#2551= (NAMED_UNIT(#1276)LENGTH_UNIT()SI_UNIT(.MILLI.,.METRE.));
#2552=SURFACE_SIDE_STYLE('',(#3814));
#2553=EDGE_LOOP('',(#3815,#3816,#3817));
#2554=AXIS2_PLACEMENT_3D('',#3818,#3819,#3820);
#2555=SURFACE_SIDE_STYLE('',(#3821));
#2556=EDGE_LOOP('',(#3822,#3823,#3824,#3825));
#2557=AXIS2_PLACEMENT_3D('',#3826,#3827,#3828);
#2558=SURFACE_SIDE_STYLE('',(#3829));
#2559=EDGE_LOOP('',(#3830,#3831,#3832));
#2560=AXIS2_PLACEMENT_3D('',#3833,#3834,#3835);
#2561=SURFACE_SIDE_STYLE('',(#3836));
#2562=EDGE_LOOP('',(#3837,#3838,#3839));
#2563=AXIS2_PLACEMENT_3D('',#3840,#3841,#3842);
#2564=SURFACE_SIDE_STYLE('',(#3843));
#2565=EDGE_LOOP('',(#3844,#3845,#3846,#3847));
#2566=AXIS2_PLACEMENT_3D('',#3848,#3849,#3850);
#2567=SURFACE_SIDE_STYLE('',(#3851));
#2568=EDGE_LOOP('',(#3852,#3853,#3854));
#2569=AXIS2_PLACEMENT_3D('',#3855,#3856,#3857);
#2570=SURFACE_SIDE_STYLE('',(#3858));
#2571=EDGE_LOOP('',(#3859,#3860,#3861));
#2572=AXIS2_PLACEMENT_3D('',#3862,#3863,#3864);
#2573=SURFACE_SIDE_STYLE('',(#3865));
#2574=EDGE_LOOP('',(#3866,#3867,#3868));
#2575=AXIS2_PLACEMENT_3D('',#3869,#3870,#3871);
#2576=SURFACE_SIDE_STYLE('',(#3872));
#2577=EDGE_LOOP('',(#3873,#3874,#3875,#3876));
#2578=AXIS2_PLACEMENT_3D('',#3877,#3878,#3879);
#2579=SURFACE_SIDE_STYLE('',(#3880));
#2580=EDGE_LOOP('',(#3881,#3882,#3883));
#2581=AXIS2_PLACEMENT_3D('',#3884,#3885,#3886);
#2582=SURFACE_SIDE_STYLE('',(#3887));
#2583=EDGE_LOOP('',(#3888,#3889,#3890));
#2584=AXIS2_PLACEMENT_3D('',#3891,#3892,#3893);
#2585=SURFACE_SIDE_STYLE('',(#3894));
#2586=EDGE_LOOP('',(#3895,#3896,#3897,#3898));
#2587=AXIS2_PLACEMENT_3D('',#3899,#3900,#3901);
#2588=SURFACE_SIDE_STYLE('',(#3902));
#2589=EDGE_LOOP('',(#3903,#3904,#3905,#3906));
#2590=AXIS2_PLACEMENT_3D('',#3907,#3908,#3909);
#2591=SURFACE_SIDE_STYLE('',(#3910));
#2592=EDGE_LOOP('',(#3911,#3912,#3913,#3914));
#2593=AXIS2_PLACEMENT_3D('',#3915,#3916,#3917);
#2594=SURFACE_SIDE_STYLE('',(#3918));
#2595=EDGE_LOOP('',(#3919,#3920,#3921,#3922));
#2596=AXIS2_PLACEMENT_3D('',#3923,#3924,#3925);
#2597=SURFACE_SIDE_STYLE('',(#3926));
#2598=EDGE_LOOP('',(#3927,#3928,#3929));
#2599=AXIS2_PLACEMENT_3D('',#3930,#3931,#3932);
#2600=SURFACE_SIDE_STYLE('',(#3933));
#2601=EDGE_LOOP('',(#3934,#3935,#3936,#3937));
#2602=AXIS2_PLACEMENT_3D('',#3938,#3939,#3940);
#2603=SURFACE_SIDE_STYLE('',(#3941));
#2604=EDGE_LOOP('',(#3942,#3943,#3944));
#2605=AXIS2_PLACEMENT_3D('',#3945,#3946,#3947);
#2606=SURFACE_SIDE_STYLE('',(#3948));
#2607=EDGE_LOOP('',(#3949,#3950,#3951));
#2608=AXIS2_PLACEMENT_3D('',#3952,#3953,#3954);
#2609=SURFACE_SIDE_STYLE('',(#3955));
#2610=EDGE_LOOP('',(#3956,#3957,#3958,#3959));
#2611=AXIS2_PLACEMENT_3D('',#3960,#3961,#3962);
#2612=SURFACE_SIDE_STYLE('',(#3963));
#2613=EDGE_LOOP('',(#3964,#3965,#3966));
#2614=AXIS2_PLACEMENT_3D('',#3967,#3968,#3969);
#2615=SURFACE_SIDE_STYLE('',(#3970));
#2616=EDGE_LOOP('',(#3971,#3972,#3973,#3974));
#2617=AXIS2_PLACEMENT_3D('',#3975,#3976,#3977);
#2618=SURFACE_SIDE_STYLE('',(#3978));
#2619=EDGE_LOOP('',(#3979,#3980,#3981,#3982));
#2620=AXIS2_PLACEMENT_3D('',#3983,#3984,#3985);
#2621=SURFACE_SIDE_STYLE('',(#3986));
#2622=EDGE_LOOP('',(#3987,#3988,#3989,#3990));
#2623=AXIS2_PLACEMENT_3D('',#3991,#3992,#3993);
#2624=SURFACE_SIDE_STYLE('',(#3994));
#2625=EDGE_LOOP('',(#3995,#3996,#3997,#3998));
#2626=AXIS2_PLACEMENT_3D('',#3999,#4000,#4001);
#2627=SURFACE_SIDE_STYLE('',(#4002));
#2628=EDGE_LOOP('',(#4003,#4004,#4005,#4006));
#2629=AXIS2_PLACEMENT_3D('',#4007,#4008,#4009);
#2630=SURFACE_SIDE_STYLE('',(#4010));
#2631=EDGE_LOOP('',(#4011,#4012,#4013,#4014));
#2632=AXIS2_PLACEMENT_3D('',#4015,#4016,#4017);
#2633=SURFACE_SIDE_STYLE('',(#4018));
#2634=EDGE_LOOP('',(#4019,#4020,#4021,#4022));
#2635=AXIS2_PLACEMENT_3D('',#4023,#4024,#4025);
#2636=SURFACE_SIDE_STYLE('',(#4026));
#2637=EDGE_LOOP('',(#4027,#4028,#4029,#4030));
#2638=AXIS2_PLACEMENT_3D('',#4031,#4032,#4033);
#2639=SURFACE_SIDE_STYLE('',(#4034));
#2640=EDGE_LOOP('',(#4035,#4036,#4037,#4038));
#2641=AXIS2_PLACEMENT_3D('',#4039,#4040,#4041);
#2642=SURFACE_SIDE_STYLE('',(#4042));
#2643=EDGE_LOOP('',(#4043,#4044,#4045,#4046,#4047));
#2644=AXIS2_PLACEMENT_3D('',#4048,#4049,#4050);
#2645=SURFACE_SIDE_STYLE('',(#4051));
#2646=EDGE_LOOP('',(#4052,#4053,#4054,#4055,#4056));
#2647=AXIS2_PLACEMENT_3D('',#4057,#4058,#4059);
#2648=SURFACE_SIDE_STYLE('',(#4060));
#2649=EDGE_LOOP('',(#4061,#4062,#4063,#4064));
#2650=AXIS2_PLACEMENT_3D('',#4065,#4066,#4067);
#2651=SURFACE_SIDE_STYLE('',(#4068));
#2652=EDGE_LOOP('',(#4069,#4070,#4071,#4072));
#2653=AXIS2_PLACEMENT_3D('',#4073,#4074,#4075);
#2654=SURFACE_SIDE_STYLE('',(#4076));
#2655=EDGE_LOOP('',(#4077,#4078,#4079,#4080));
#2656=AXIS2_PLACEMENT_3D('',#4081,#4082,#4083);
#2657=SURFACE_SIDE_STYLE('',(#4084));
#2658=EDGE_LOOP('',(#4085,#4086,#4087,#4088));
#2659=AXIS2_PLACEMENT_3D('',#4089,#4090,#4091);
#2660=SURFACE_SIDE_STYLE('',(#4092));
#2661=EDGE_LOOP('',(#4093,#4094,#4095,#4096));
#2662=AXIS2_PLACEMENT_3D('',#4097,#4098,#4099);
#2663=SURFACE_SIDE_STYLE('',(#4100));
#2664=EDGE_LOOP('',(#4101,#4102,#4103,#4104));
#2665=AXIS2_PLACEMENT_3D('',#4105,#4106,#4107);
#2666=SURFACE_SIDE_STYLE('',(#4108));
#2667=EDGE_LOOP('',(#4109,#4110,#4111,#4112));
#2668=AXIS2_PLACEMENT_3D('',#4113,#4114,#4115);
#2669=SURFACE_SIDE_STYLE('',(#4116));
#2670=EDGE_LOOP('',(#4117,#4118,#4119,#4120,#4121,#4122,#4123,#4124,#4125,#4126,#4127,#4128,#4129,#4130,#4131,#4132,#4133,#4134,#4135,#4136));
#2671=AXIS2_PLACEMENT_3D('',#4137,#4138,#4139);
#2672=SURFACE_SIDE_STYLE('',(#4140));
#2673=EDGE_LOOP('',(#4141,#4142,#4143,#4144));
#2674=AXIS2_PLACEMENT_3D('',#4145,#4146,#4147);
#2675=SURFACE_SIDE_STYLE('',(#4148));
#2676=EDGE_LOOP('',(#4149,#4150,#4151,#4152));
#2677=AXIS2_PLACEMENT_3D('',#4153,#4154,#4155);
#2678=SURFACE_SIDE_STYLE('',(#4156));
#2679=EDGE_LOOP('',(#4157,#4158,#4159,#4160,#4161,#4162,#4163,#4164,#4165,#4166,#4167,#4168,#4169,#4170,#4171,#4172,#4173,#4174,#4175,#4176));
#2680=AXIS2_PLACEMENT_3D('',#4177,#4178,#4179);
#2681=SURFACE_SIDE_STYLE('',(#4180));
#2682=EDGE_LOOP('',(#4181,#4182,#4183,#4184));
#2683=AXIS2_PLACEMENT_3D('',#4185,#4186,#4187);
#2684=SURFACE_SIDE_STYLE('',(#4188));
#2685=EDGE_LOOP('',(#4189,#4190,#4191,#4192));
#2686=AXIS2_PLACEMENT_3D('',#4193,#4194,#4195);
#2687=SURFACE_SIDE_STYLE('',(#4196));
#2688=EDGE_LOOP('',(#4197,#4198,#4199,#4200));
#2689=AXIS2_PLACEMENT_3D('',#4201,#4202,#4203);
#2690=SURFACE_SIDE_STYLE('',(#4204));
#2691=EDGE_LOOP('',(#4205,#4206,#4207,#4208));
#2692=AXIS2_PLACEMENT_3D('',#4209,#4210,#4211);
#2693=SURFACE_SIDE_STYLE('',(#4212));
#2694=EDGE_LOOP('',(#4213,#4214,#4215,#4216));
#2695=AXIS2_PLACEMENT_3D('',#4217,#4218,#4219);
#2696=SURFACE_SIDE_STYLE('',(#4220));
#2697=EDGE_LOOP('',(#4221,#4222,#4223,#4224));
#2698=AXIS2_PLACEMENT_3D('',#4225,#4226,#4227);
#2699=SURFACE_SIDE_STYLE('',(#4228));
#2700=EDGE_LOOP('',(#4229,#4230,#4231,#4232));
#2701=AXIS2_PLACEMENT_3D('',#4233,#4234,#4235);
#2702=SURFACE_SIDE_STYLE('',(#4236));
#2703=EDGE_LOOP('',(#4237,#4238,#4239,#4240));
#2704=AXIS2_PLACEMENT_3D('',#4241,#4242,#4243);
#2705=SURFACE_SIDE_STYLE('',(#4244));
#2706=EDGE_LOOP('',(#4245,#4246,#4247,#4248));
#2707=AXIS2_PLACEMENT_3D('',#4249,#4250,#4251);
#2708=SURFACE_SIDE_STYLE('',(#4252));
#2709=EDGE_LOOP('',(#4253,#4254,#4255,#4256));
#2710=AXIS2_PLACEMENT_3D('',#4257,#4258,#4259);
#2711=SURFACE_SIDE_STYLE('',(#4260));
#2712=EDGE_LOOP('',(#4261,#4262,#4263,#4264));
#2713=AXIS2_PLACEMENT_3D('',#4265,#4266,#4267);
#2714=SURFACE_SIDE_STYLE('',(#4268));
#2715=EDGE_LOOP('',(#4269,#4270,#4271,#4272));
#2716=AXIS2_PLACEMENT_3D('',#4273,#4274,#4275);
#2717=SURFACE_SIDE_STYLE('',(#4276));
#2718=EDGE_LOOP('',(#4277,#4278,#4279));
#2719=AXIS2_PLACEMENT_3D('',#4280,#4281,#4282);
#2720=SURFACE_SIDE_STYLE('',(#4283));
#2721=EDGE_LOOP('',(#4284,#4285,#4286,#4287));
#2722=AXIS2_PLACEMENT_3D('',#4288,#4289,#4290);
#2723=SURFACE_SIDE_STYLE('',(#4291));
#2724=EDGE_LOOP('',(#4292,#4293,#4294));
#2725=AXIS2_PLACEMENT_3D('',#4295,#4296,#4297);
#2726=SURFACE_SIDE_STYLE('',(#4298));
#2727=EDGE_LOOP('',(#4299,#4300,#4301,#4302));
#2728=AXIS2_PLACEMENT_3D('',#4303,#4304,#4305);
#2729=SURFACE_SIDE_STYLE('',(#4306));
#2730=EDGE_LOOP('',(#4307,#4308,#4309,#4310));
#2731=AXIS2_PLACEMENT_3D('',#4311,#4312,#4313);
#2732=SURFACE_SIDE_STYLE('',(#4314));
#2733=EDGE_LOOP('',(#4315,#4316,#4317));
#2734=AXIS2_PLACEMENT_3D('',#4318,#4319,#4320);
#2735=SURFACE_SIDE_STYLE('',(#4321));
#2736=EDGE_LOOP('',(#4322,#4323,#4324,#4325));
#2737=AXIS2_PLACEMENT_3D('',#4326,#4327,#4328);
#2738=SURFACE_SIDE_STYLE('',(#4329));
#2739=EDGE_LOOP('',(#4330,#4331,#4332));
#2740=AXIS2_PLACEMENT_3D('',#4333,#4334,#4335);
#2741=SURFACE_SIDE_STYLE('',(#4336));
#2742=EDGE_LOOP('',(#4337,#4338,#4339,#4340));
#2743=AXIS2_PLACEMENT_3D('',#4341,#4342,#4343);
#2744=SURFACE_SIDE_STYLE('',(#4344));
#2745=EDGE_LOOP('',(#4345,#4346,#4347,#4348));
#2746=AXIS2_PLACEMENT_3D('',#4349,#4350,#4351);
#2747=SURFACE_SIDE_STYLE('',(#4352));
#2748=EDGE_LOOP('',(#4353,#4354,#4355,#4356));
#2749=AXIS2_PLACEMENT_3D('',#4357,#4358,#4359);
#2750=SURFACE_SIDE_STYLE('',(#4360));
#2751=EDGE_LOOP('',(#4361,#4362,#4363,#4364));
#2752=AXIS2_PLACEMENT_3D('',#4365,#4366,#4367);
#2753=SURFACE_SIDE_STYLE('',(#4368));
#2754=EDGE_LOOP('',(#4369,#4370,#4371,#4372,#4373,#4374,#4375,#4376,#4377,#4378));
#2755=EDGE_LOOP('',(#4379,#4380,#4381,#4382,#4383,#4384));
#2756=AXIS2_PLACEMENT_3D('',#4385,#4386,#4387);
#2757=SURFACE_SIDE_STYLE('',(#4388));
#2758=EDGE_LOOP('',(#4389,#4390,#4391,#4392,#4393,#4394,#4395,#4396,#4397,#4398));
#2759=EDGE_LOOP('',(#4399,#4400,#4401,#4402,#4403,#4404));
#2760=AXIS2_PLACEMENT_3D('',#4405,#4406,#4407);
#2761=SURFACE_SIDE_STYLE('',(#4408));
#2762=EDGE_LOOP('',(#4409,#4410,#4411,#4412));
#2763=AXIS2_PLACEMENT_3D('',#4413,#4414,#4415);
#2764=SURFACE_SIDE_STYLE('',(#4416));
#2765=EDGE_LOOP('',(#4417,#4418,#4419,#4420));
#2766=AXIS2_PLACEMENT_3D('',#4421,#4422,#4423);
#2767=SURFACE_SIDE_STYLE('',(#4424));
#2768=EDGE_LOOP('',(#4425,#4426,#4427,#4428));
#2769=AXIS2_PLACEMENT_3D('',#4429,#4430,#4431);
#2770=SURFACE_SIDE_STYLE('',(#4432));
#2771=EDGE_LOOP('',(#4433,#4434,#4435,#4436));
#2772=AXIS2_PLACEMENT_3D('',#4437,#4438,#4439);
#2773=SURFACE_SIDE_STYLE('',(#4440));
#2774=EDGE_LOOP('',(#4441,#4442,#4443,#4444));
#2775=AXIS2_PLACEMENT_3D('',#4445,#4446,#4447);
#2776=SURFACE_SIDE_STYLE('',(#4448));
#2777=EDGE_LOOP('',(#4449,#4450,#4451,#4452));
#2778=AXIS2_PLACEMENT_3D('',#4453,#4454,#4455);
#2779=SURFACE_SIDE_STYLE('',(#4456));
#2780=EDGE_LOOP('',(#4457,#4458,#4459,#4460));
#2781=AXIS2_PLACEMENT_3D('',#4461,#4462,#4463);
#2782=SURFACE_SIDE_STYLE('',(#4464));
#2783=EDGE_LOOP('',(#4465,#4466,#4467,#4468));
#2784=AXIS2_PLACEMENT_3D('',#4469,#4470,#4471);
#2785=SURFACE_SIDE_STYLE('',(#4472));
#2786=EDGE_LOOP('',(#4473,#4474,#4475,#4476));
#2787=AXIS2_PLACEMENT_3D('',#4477,#4478,#4479);
#2788=SURFACE_SIDE_STYLE('',(#4480));
#2789=EDGE_LOOP('',(#4481,#4482,#4483,#4484));
#2790=AXIS2_PLACEMENT_3D('',#4485,#4486,#4487);
#2791=SURFACE_SIDE_STYLE('',(#4488));
#2792=EDGE_LOOP('',(#4489,#4490,#4491,#4492,#4493));
#2793=AXIS2_PLACEMENT_3D('',#4494,#4495,#4496);
#2794=SURFACE_SIDE_STYLE('',(#4497));
#2795=EDGE_LOOP('',(#4498,#4499,#4500,#4501));
#2796=AXIS2_PLACEMENT_3D('',#4502,#4503,#4504);
#2797=SURFACE_SIDE_STYLE('',(#4505));
#2798=EDGE_LOOP('',(#4506,#4507,#4508,#4509));
#2799=AXIS2_PLACEMENT_3D('',#4510,#4511,#4512);
#2800=SURFACE_SIDE_STYLE('',(#4513));
#2801=EDGE_LOOP('',(#4514,#4515,#4516,#4517));
#2802=AXIS2_PLACEMENT_3D('',#4518,#4519,#4520);
#2803=SURFACE_SIDE_STYLE('',(#4521));
#2804=EDGE_LOOP('',(#4522,#4523,#4524,#4525));
#2805=AXIS2_PLACEMENT_3D('',#4526,#4527,#4528);
#2806=SURFACE_SIDE_STYLE('',(#4529));
#2807=EDGE_LOOP('',(#4530,#4531,#4532,#4533,#4534));
#2808=AXIS2_PLACEMENT_3D('',#4535,#4536,#4537);
#2809=SURFACE_SIDE_STYLE('',(#4538));
#2810=EDGE_LOOP('',(#4539,#4540,#4541,#4542,#4543,#4544,#4545,#4546));
#2811=AXIS2_PLACEMENT_3D('',#4547,#4548,#4549);
#2812=SURFACE_SIDE_STYLE('',(#4550));
#2813=EDGE_LOOP('',(#4551,#4552,#4553,#4554));
#2814=AXIS2_PLACEMENT_3D('',#4555,#4556,#4557);
#2815=SURFACE_SIDE_STYLE('',(#4558));
#2816=EDGE_LOOP('',(#4559,#4560,#4561,#4562,#4563,#4564,#4565,#4566,#4567,#4568));
#2817=AXIS2_PLACEMENT_3D('',#4569,#4570,#4571);
#2818=SURFACE_SIDE_STYLE('',(#4572));
#2819=EDGE_LOOP('',(#4573,#4574,#4575,#4576,#4577,#4578,#4579));
#2820=AXIS2_PLACEMENT_3D('',#4580,#4581,#4582);
#2821=SURFACE_SIDE_STYLE('',(#4583));
#2822=EDGE_LOOP('',(#4584,#4585,#4586,#4587,#4588,#4589,#4590));
#2823=AXIS2_PLACEMENT_3D('',#4591,#4592,#4593);
#2824=SURFACE_SIDE_STYLE('',(#4594));
#2825=EDGE_LOOP('',(#4595,#4596,#4597,#4598,#4599,#4600,#4601,#4602,#4603,#4604));
#2826=AXIS2_PLACEMENT_3D('',#4605,#4606,#4607);
#2827=SURFACE_SIDE_STYLE('',(#4608));
#2828=EDGE_LOOP('',(#4609,#4610,#4611,#4612,#4613));
#2829=AXIS2_PLACEMENT_3D('',#4614,#4615,#4616);
#2830=SURFACE_SIDE_STYLE('',(#4617));
#2831=EDGE_LOOP('',(#4618,#4619,#4620,#4621,#4622,#4623,#4624,#4625));
#2832=AXIS2_PLACEMENT_3D('',#4626,#4627,#4628);
#2833=SURFACE_SIDE_STYLE('',(#4629));
#2834=EDGE_LOOP('',(#4630,#4631,#4632,#4633));
#2835=AXIS2_PLACEMENT_3D('',#4634,#4635,#4636);
#2836=SURFACE_SIDE_STYLE('',(#4637));
#2837=EDGE_LOOP('',(#4638,#4639,#4640,#4641));
#2838=AXIS2_PLACEMENT_3D('',#4642,#4643,#4644);
#2839=SURFACE_SIDE_STYLE('',(#4645));
#2840=EDGE_LOOP('',(#4646,#4647,#4648,#4649));
#2841=AXIS2_PLACEMENT_3D('',#4650,#4651,#4652);
#2842=SURFACE_SIDE_STYLE('',(#4653));
#2843=EDGE_LOOP('',(#4654,#4655,#4656,#4657));
#2844=AXIS2_PLACEMENT_3D('',#4658,#4659,#4660);
#2845=SURFACE_SIDE_STYLE('',(#4661));
#2846=EDGE_LOOP('',(#4662,#4663,#4664,#4665));
#2847=AXIS2_PLACEMENT_3D('',#4666,#4667,#4668);
#2848=SURFACE_SIDE_STYLE('',(#4669));
#2849=EDGE_LOOP('',(#4670,#4671,#4672,#4673));
#2850=AXIS2_PLACEMENT_3D('',#4674,#4675,#4676);
#2851=SURFACE_SIDE_STYLE('',(#4677));
#2852=EDGE_LOOP('',(#4678,#4679,#4680,#4681,#4682));
#2853=AXIS2_PLACEMENT_3D('',#4683,#4684,#4685);
#2854=SURFACE_SIDE_STYLE('',(#4686));
#2855=EDGE_LOOP('',(#4687,#4688,#4689,#4690));
#2856=AXIS2_PLACEMENT_3D('',#4691,#4692,#4693);
#2857=SURFACE_SIDE_STYLE('',(#4694));
#2858=EDGE_LOOP('',(#4695,#4696,#4697,#4698));
#2859=AXIS2_PLACEMENT_3D('',#4699,#4700,#4701);
#2860=SURFACE_SIDE_STYLE('',(#4702));
#2861=EDGE_LOOP('',(#4703,#4704));
#2862=AXIS2_PLACEMENT_3D('',#4705,#4706,#4707);
#2863=SURFACE_SIDE_STYLE('',(#4708));
#2864=EDGE_LOOP('',(#4709,#4710,#4711,#4712));
#2865=AXIS2_PLACEMENT_3D('',#4713,#4714,#4715);
#2866=SURFACE_SIDE_STYLE('',(#4716));
#2867=EDGE_LOOP('',(#4717,#4718));
#2868=AXIS2_PLACEMENT_3D('',#4719,#4720,#4721);
#2869=SURFACE_SIDE_STYLE('',(#4722));
#2870=EDGE_LOOP('',(#4723,#4724,#4725,#4726));
#2871=AXIS2_PLACEMENT_3D('',#4727,#4728,#4729);
#2872=SURFACE_SIDE_STYLE('',(#4730));
#2873=EDGE_LOOP('',(#4731,#4732,#4733,#4734,#4735,#4736,#4737,#4738,#4739,#4740,#4741,#4742,#4743,#4744));
#2874=EDGE_LOOP('',(#4745,#4746,#4747,#4748));
#2875=EDGE_LOOP('',(#4749,#4750,#4751,#4752));
#2876=EDGE_LOOP('',(#4753,#4754,#4755,#4756));
#2877=AXIS2_PLACEMENT_3D('',#4757,#4758,#4759);
#2878=SURFACE_SIDE_STYLE('',(#4760));
#2879=EDGE_LOOP('',(#4761,#4762,#4763,#4764));
#2880=AXIS2_PLACEMENT_3D('',#4765,#4766,#4767);
#2881=SURFACE_SIDE_STYLE('',(#4768));
#2882=EDGE_LOOP('',(#4769,#4770,#4771,#4772,#4773,#4774,#4775,#4776,#4777,#4778,#4779,#4780,#4781,#4782,#4783,#4784,#4785,#4786,#4787,#4788,#4789,#4790,#4791,#4792,#4793,#4794,#4795,#4796,#4797,#4798,#4799,#4800,#4801,#4802,#4803,#4804,#4805,#4806,#4807,#4808,#4809,#4810,#4811,#4812,#4813,#4814));
#2883=EDGE_LOOP('',(#4815,#4816));
#2884=AXIS2_PLACEMENT_3D('',#4817,#4818,#4819);
#2885=SURFACE_SIDE_STYLE('',(#4820));
#2886=EDGE_LOOP('',(#4821,#4822,#4823,#4824,#4825,#4826));
#2887=AXIS2_PLACEMENT_3D('',#4827,#4828,#4829);
#2888=SURFACE_SIDE_STYLE('',(#4830));
#2889=EDGE_LOOP('',(#4831,#4832,#4833,#4834,#4835,#4836,#4837,#4838,#4839,#4840,#4841,#4842,#4843,#4844,#4845));
#2890=AXIS2_PLACEMENT_3D('',#4846,#4847,#4848);
#2891=SURFACE_SIDE_STYLE('',(#4849));
#2892=EDGE_LOOP('',(#4850,#4851,#4852,#4853));
#2893=AXIS2_PLACEMENT_3D('',#4854,#4855,#4856);
#2894=SURFACE_SIDE_STYLE('',(#4857));
#2895=EDGE_LOOP('',(#4858,#4859,#4860,#4861));
#2896=AXIS2_PLACEMENT_3D('',#4862,#4863,#4864);
#2897=SURFACE_SIDE_STYLE('',(#4865));
#2898=EDGE_LOOP('',(#4866,#4867,#4868,#4869));
#2899=AXIS2_PLACEMENT_3D('',#4870,#4871,#4872);
#2900=SURFACE_SIDE_STYLE('',(#4873));
#2901=EDGE_LOOP('',(#4874,#4875,#4876,#4877,#4878,#4879,#4880));
#2902=AXIS2_PLACEMENT_3D('',#4881,#4882,#4883);
#2903=SURFACE_SIDE_STYLE('',(#4884));
#2904=EDGE_LOOP('',(#4885,#4886,#4887,#4888,#4889,#4890));
#2905=AXIS2_PLACEMENT_3D('',#4891,#4892,#4893);
#2906=SURFACE_SIDE_STYLE('',(#4894));
#2907=EDGE_LOOP('',(#4895,#4896,#4897,#4898));
#2908=AXIS2_PLACEMENT_3D('',#4899,#4900,#4901);
#2909=SURFACE_SIDE_STYLE('',(#4902));
#2910=EDGE_LOOP('',(#4903,#4904,#4905,#4906,#4907,#4908,#4909));
#2911=AXIS2_PLACEMENT_3D('',#4910,#4911,#4912);
#2912=SURFACE_SIDE_STYLE('',(#4913));
#2913=EDGE_LOOP('',(#4914,#4915,#4916,#4917));
#2914=AXIS2_PLACEMENT_3D('',#4918,#4919,#4920);
#2915=SURFACE_SIDE_STYLE('',(#4921));
#2916=EDGE_LOOP('',(#4922,#4923,#4924,#4925,#4926,#4927));
#2917=AXIS2_PLACEMENT_3D('',#4928,#4929,#4930);
#2918=SURFACE_SIDE_STYLE('',(#4931));
#2919=EDGE_LOOP('',(#4932,#4933,#4934,#4935));
#2920=AXIS2_PLACEMENT_3D('',#4936,#4937,#4938);
#2921=SURFACE_SIDE_STYLE('',(#4939));
#2922=EDGE_LOOP('',(#4940,#4941,#4942,#4943,#4944,#4945));
#2923=AXIS2_PLACEMENT_3D('',#4946,#4947,#4948);
#2924=SURFACE_SIDE_STYLE('',(#4949));
#2925=EDGE_LOOP('',(#4950,#4951,#4952,#4953,#4954,#4955));
#2926=AXIS2_PLACEMENT_3D('',#4956,#4957,#4958);
#2927=SURFACE_SIDE_STYLE('',(#4959));
#2928=EDGE_LOOP('',(#4960,#4961,#4962,#4963,#4964,#4965));
#2929=AXIS2_PLACEMENT_3D('',#4966,#4967,#4968);
#2930=SURFACE_SIDE_STYLE('',(#4969));
#2931=EDGE_LOOP('',(#4970,#4971,#4972,#4973));
#2932=AXIS2_PLACEMENT_3D('',#4974,#4975,#4976);
#2933=SURFACE_SIDE_STYLE('',(#4977));
#2934=EDGE_LOOP('',(#4978,#4979,#4980,#4981));
#2935=AXIS2_PLACEMENT_3D('',#4982,#4983,#4984);
#2936=SURFACE_SIDE_STYLE('',(#4985));
#2937=EDGE_LOOP('',(#4986,#4987,#4988,#4989,#4990,#4991,#4992,#4993,#4994,#4995));
#2938=AXIS2_PLACEMENT_3D('',#4996,#4997,#4998);
#2939=SURFACE_SIDE_STYLE('',(#4999));
#2940=EDGE_LOOP('',(#5000,#5001,#5002,#5003));
#2941=AXIS2_PLACEMENT_3D('',#5004,#5005,#5006);
#2942=SURFACE_SIDE_STYLE('',(#5007));
#2943=EDGE_LOOP('',(#5008,#5009,#5010,#5011,#5012,#5013));
#2944=AXIS2_PLACEMENT_3D('',#5014,#5015,#5016);
#2945=SURFACE_SIDE_STYLE('',(#5017));
#2946=EDGE_LOOP('',(#5018,#5019,#5020,#5021,#5022,#5023));
#2947=AXIS2_PLACEMENT_3D('',#5024,#5025,#5026);
#2948=SURFACE_SIDE_STYLE('',(#5027));
#2949=EDGE_LOOP('',(#5028,#5029,#5030,#5031));
#2950=AXIS2_PLACEMENT_3D('',#5032,#5033,#5034);
#2951=SURFACE_SIDE_STYLE('',(#5035));
#2952=EDGE_LOOP('',(#5036,#5037,#5038,#5039,#5040,#5041));
#2953=AXIS2_PLACEMENT_3D('',#5042,#5043,#5044);
#2954=SURFACE_SIDE_STYLE('',(#5045));
#2955=EDGE_LOOP('',(#5046,#5047,#5048,#5049,#5050,#5051));
#2956=AXIS2_PLACEMENT_3D('',#5052,#5053,#5054);
#2957=SURFACE_SIDE_STYLE('',(#5055));
#2958=EDGE_LOOP('',(#5056,#5057,#5058,#5059));
#2959=AXIS2_PLACEMENT_3D('',#5060,#5061,#5062);
#2960=SURFACE_SIDE_STYLE('',(#5063));
#2961=EDGE_LOOP('',(#5064,#5065,#5066,#5067));
#2962=AXIS2_PLACEMENT_3D('',#5068,#5069,#5070);
#2963=SURFACE_SIDE_STYLE('',(#5071));
#2964=EDGE_LOOP('',(#5072,#5073,#5074,#5075,#5076,#5077,#5078,#5079,#5080,#5081,#5082,#5083,#5084,#5085,#5086,#5087));
#2965=AXIS2_PLACEMENT_3D('',#5088,#5089,#5090);
#2966=SURFACE_SIDE_STYLE('',(#5091));
#2967=EDGE_LOOP('',(#5092,#5093,#5094,#5095));
#2968=AXIS2_PLACEMENT_3D('',#5096,#5097,#5098);
#2969=SURFACE_SIDE_STYLE('',(#5099));
#2970=EDGE_LOOP('',(#5100,#5101,#5102,#5103,#5104,#5105,#5106,#5107,#5108,#5109));
#2971=AXIS2_PLACEMENT_3D('',#5110,#5111,#5112);
#2972=SURFACE_SIDE_STYLE('',(#5113));
#2973=EDGE_LOOP('',(#5114,#5115,#5116,#5117));
#2974=AXIS2_PLACEMENT_3D('',#5118,#5119,#5120);
#2975=SURFACE_SIDE_STYLE('',(#5121));
#2976=EDGE_LOOP('',(#5122,#5123,#5124,#5125,#5126,#5127));
#2977=AXIS2_PLACEMENT_3D('',#5128,#5129,#5130);
#2978=SURFACE_SIDE_STYLE('',(#5131));
#2979=EDGE_LOOP('',(#5132,#5133,#5134,#5135,#5136,#5137));
#2980=AXIS2_PLACEMENT_3D('',#5138,#5139,#5140);
#2981=SURFACE_SIDE_STYLE('',(#5141));
#2982=EDGE_LOOP('',(#5142,#5143,#5144,#5145));
#2983=AXIS2_PLACEMENT_3D('',#5146,#5147,#5148);
#2984=SURFACE_SIDE_STYLE('',(#5149));
#2985=EDGE_LOOP('',(#5150,#5151,#5152,#5153));
#2986=AXIS2_PLACEMENT_3D('',#5154,#5155,#5156);
#2987=SURFACE_SIDE_STYLE('',(#5157));
#2988=EDGE_LOOP('',(#5158,#5159,#5160,#5161));
#2989=AXIS2_PLACEMENT_3D('',#5162,#5163,#5164);
#2990=SURFACE_SIDE_STYLE('',(#5165));
#2991=EDGE_LOOP('',(#5166,#5167,#5168,#5169,#5170,#5171));
#2992=AXIS2_PLACEMENT_3D('',#5172,#5173,#5174);
#2993=SURFACE_SIDE_STYLE('',(#5175));
#2994=EDGE_LOOP('',(#5176,#5177,#5178,#5179));
#2995=AXIS2_PLACEMENT_3D('',#5180,#5181,#5182);
#2996=SURFACE_SIDE_STYLE('',(#5183));
#2997=EDGE_LOOP('',(#5184,#5185,#5186,#5187));
#2998=AXIS2_PLACEMENT_3D('',#5188,#5189,#5190);
#2999=SURFACE_SIDE_STYLE('',(#5191));
#3000=EDGE_LOOP('',(#5192,#5193,#5194,#5195));
#3001=AXIS2_PLACEMENT_3D('',#5196,#5197,#5198);
#3002=SURFACE_SIDE_STYLE('',(#5199));
#3003=EDGE_LOOP('',(#5200,#5201,#5202,#5203));
#3004=AXIS2_PLACEMENT_3D('',#5204,#5205,#5206);
#3005=SURFACE_SIDE_STYLE('',(#5207));
#3006=EDGE_LOOP('',(#5208,#5209,#5210,#5211));
#3007=AXIS2_PLACEMENT_3D('',#5212,#5213,#5214);
#3008=SURFACE_SIDE_STYLE('',(#5215));
#3009=EDGE_LOOP('',(#5216,#5217,#5218,#5219));
#3010=AXIS2_PLACEMENT_3D('',#5220,#5221,#5222);
#3011=SURFACE_SIDE_STYLE('',(#5223));
#3012=EDGE_LOOP('',(#5224,#5225,#5226,#5227));
#3013=AXIS2_PLACEMENT_3D('',#5228,#5229,#5230);
#3014=SURFACE_SIDE_STYLE('',(#5231));
#3015=EDGE_LOOP('',(#5232,#5233,#5234,#5235));
#3016=AXIS2_PLACEMENT_3D('',#5236,#5237,#5238);
#3017=SURFACE_SIDE_STYLE('',(#5239));
#3018=EDGE_LOOP('',(#5240,#5241,#5242,#5243,#5244,#5245,#5246,#5247,#5248,#5249,#5250,#5251,#5252,#5253,#5254,#5255));
#3019=AXIS2_PLACEMENT_3D('',#5256,#5257,#5258);
#3020=SURFACE_SIDE_STYLE('',(#5259));
#3021=EDGE_LOOP('',(#5260,#5261,#5262,#5263,#5264,#5265,#5266,#5267,#5268,#5269));
#3022=AXIS2_PLACEMENT_3D('',#5270,#5271,#5272);
#3023=SURFACE_SIDE_STYLE('',(#5273));
#3024=EDGE_LOOP('',(#5274,#5275,#5276,#5277));
#3025=AXIS2_PLACEMENT_3D('',#5278,#5279,#5280);
#3026=SURFACE_SIDE_STYLE('',(#5281));
#3027=EDGE_LOOP('',(#5282,#5283,#5284,#5285));
#3028=AXIS2_PLACEMENT_3D('',#5286,#5287,#5288);
#3029=SURFACE_SIDE_STYLE('',(#5289));
#3030=EDGE_LOOP('',(#5290,#5291,#5292,#5293,#5294));
#3031=AXIS2_PLACEMENT_3D('',#5295,#5296,#5297);
#3032=SURFACE_SIDE_STYLE('',(#5298));
#3033=EDGE_LOOP('',(#5299,#5300,#5301,#5302,#5303));
#3034=AXIS2_PLACEMENT_3D('',#5304,#5305,#5306);
#3035=SURFACE_SIDE_STYLE('',(#5307));
#3036=EDGE_LOOP('',(#5308,#5309,#5310,#5311,#5312,#5313,#5314,#5315,#5316,#5317,#5318,#5319,#5320,#5321,#5322,#5323,#5324,#5325,#5326,#5327,#5328,#5329,#5330,#5331,#5332,#5333,#5334,#5335,#5336,#5337,#5338,#5339,#5340,#5341,#5342));
#3037=EDGE_LOOP('',(#5343,#5344));
#3038=EDGE_LOOP('',(#5345,#5346));
#3039=EDGE_LOOP('',(#5347,#5348));
#3040=AXIS2_PLACEMENT_3D('',#5349,#5350,#5351);
#3041=SURFACE_SIDE_STYLE('',(#5352));
#3042=EDGE_LOOP('',(#5353,#5354,#5355,#5356));
#3043=AXIS2_PLACEMENT_3D('',#5357,#5358,#5359);
#3044=SURFACE_SIDE_STYLE('',(#5360));
#3045=EDGE_LOOP('',(#5361,#5362,#5363,#5364,#5365));
#3046=AXIS2_PLACEMENT_3D('',#5366,#5367,#5368);
#3047=SURFACE_SIDE_STYLE('',(#5369));
#3048=EDGE_LOOP('',(#5370,#5371,#5372,#5373));
#3049=AXIS2_PLACEMENT_3D('',#5374,#5375,#5376);
#3050=SURFACE_SIDE_STYLE('',(#5377));
#3051=EDGE_LOOP('',(#5378,#5379,#5380,#5381));
#3052=AXIS2_PLACEMENT_3D('',#5382,#5383,#5384);
#3053=SURFACE_SIDE_STYLE('',(#5385));
#3054=EDGE_LOOP('',(#5386,#5387,#5388,#5389));
#3055=AXIS2_PLACEMENT_3D('',#5390,#5391,#5392);
#3056=SURFACE_SIDE_STYLE('',(#5393));
#3057=EDGE_LOOP('',(#5394,#5395,#5396,#5397,#5398));
#3058=AXIS2_PLACEMENT_3D('',#5399,#5400,#5401);
#3059=SURFACE_SIDE_STYLE('',(#5402));
#3060=EDGE_LOOP('',(#5403,#5404,#5405,#5406));
#3061=AXIS2_PLACEMENT_3D('',#5407,#5408,#5409);
#3062=SURFACE_SIDE_STYLE('',(#5410));
#3063=EDGE_LOOP('',(#5411,#5412,#5413,#5414));
#3064=AXIS2_PLACEMENT_3D('',#5415,#5416,#5417);
#3065=SURFACE_SIDE_STYLE('',(#5418));
#3066=EDGE_LOOP('',(#5419,#5420,#5421,#5422));
#3067=AXIS2_PLACEMENT_3D('',#5423,#5424,#5425);
#3068=SURFACE_SIDE_STYLE('',(#5426));
#3069=EDGE_LOOP('',(#5427,#5428,#5429,#5430));
#3070=AXIS2_PLACEMENT_3D('',#5431,#5432,#5433);
#3071=SURFACE_SIDE_STYLE('',(#5434));
#3072=EDGE_LOOP('',(#5435,#5436,#5437,#5438));
#3073=AXIS2_PLACEMENT_3D('',#5439,#5440,#5441);
#3074=SURFACE_SIDE_STYLE('',(#5442));
#3075=EDGE_LOOP('',(#5443,#5444,#5445,#5446,#5447));
#3076=AXIS2_PLACEMENT_3D('',#5448,#5449,#5450);
#3077=SURFACE_SIDE_STYLE('',(#5451));
#3078=EDGE_LOOP('',(#5452,#5453,#5454,#5455));
#3079=AXIS2_PLACEMENT_3D('',#5456,#5457,#5458);
#3080=SURFACE_SIDE_STYLE('',(#5459));
#3081=EDGE_LOOP('',(#5460,#5461,#5462,#5463,#5464));
#3082=AXIS2_PLACEMENT_3D('',#5465,#5466,#5467);
#3083=SURFACE_SIDE_STYLE('',(#5468));
#3084=EDGE_LOOP('',(#5469,#5470,#5471,#5472));
#3085=AXIS2_PLACEMENT_3D('',#5473,#5474,#5475);
#3086=SURFACE_SIDE_STYLE('',(#5476));
#3087=EDGE_LOOP('',(#5477,#5478,#5479,#5480));
#3088=AXIS2_PLACEMENT_3D('',#5481,#5482,#5483);
#3089=SURFACE_SIDE_STYLE('',(#5484));
#3090=EDGE_LOOP('',(#5485,#5486,#5487,#5488,#5489));
#3091=AXIS2_PLACEMENT_3D('',#5490,#5491,#5492);
#3092=SURFACE_SIDE_STYLE('',(#5493));
#3093=EDGE_LOOP('',(#5494,#5495,#5496,#5497));
#3094=AXIS2_PLACEMENT_3D('',#5498,#5499,#5500);
#3095=SURFACE_SIDE_STYLE('',(#5501));
#3096=EDGE_LOOP('',(#5502,#5503,#5504,#5505,#5506));
#3097=AXIS2_PLACEMENT_3D('',#5507,#5508,#5509);
#3098=SURFACE_SIDE_STYLE('',(#5510));
#3099=EDGE_LOOP('',(#5511,#5512,#5513,#5514));
#3100=AXIS2_PLACEMENT_3D('',#5515,#5516,#5517);
#3101=SURFACE_SIDE_STYLE('',(#5518));
#3102=EDGE_LOOP('',(#5519,#5520,#5521,#5522));
#3103=AXIS2_PLACEMENT_3D('',#5523,#5524,#5525);
#3104=SURFACE_SIDE_STYLE('',(#5526));
#3105=EDGE_LOOP('',(#5527,#5528,#5529,#5530));
#3106=AXIS2_PLACEMENT_3D('',#5531,#5532,#5533);
#3107=SURFACE_SIDE_STYLE('',(#5534));
#3108=EDGE_LOOP('',(#5535,#5536,#5537,#5538));
#3109=AXIS2_PLACEMENT_3D('',#5539,#5540,#5541);
#3110=SURFACE_SIDE_STYLE('',(#5542));
#3111=EDGE_LOOP('',(#5543,#5544,#5545,#5546));
#3112=AXIS2_PLACEMENT_3D('',#5547,#5548,#5549);
#3113=SURFACE_SIDE_STYLE('',(#5550));
#3114=EDGE_LOOP('',(#5551,#5552,#5553,#5554,#5555,#5556));
#3115=AXIS2_PLACEMENT_3D('',#5557,#5558,#5559);
#3116=SURFACE_SIDE_STYLE('',(#5560));
#3117=EDGE_LOOP('',(#5561,#5562,#5563,#5564));
#3118=AXIS2_PLACEMENT_3D('',#5565,#5566,#5567);
#3119=SURFACE_SIDE_STYLE('',(#5568));
#3120=EDGE_LOOP('',(#5569,#5570,#5571,#5572));
#3121=AXIS2_PLACEMENT_3D('',#5573,#5574,#5575);
#3122=SURFACE_SIDE_STYLE('',(#5576));
#3123=EDGE_LOOP('',(#5577,#5578,#5579,#5580));
#3124=AXIS2_PLACEMENT_3D('',#5581,#5582,#5583);
#3125=SURFACE_SIDE_STYLE('',(#5584));
#3126=EDGE_LOOP('',(#5585,#5586,#5587,#5588));
#3127=AXIS2_PLACEMENT_3D('',#5589,#5590,#5591);
#3128=SURFACE_SIDE_STYLE('',(#5592));
#3129=EDGE_LOOP('',(#5593,#5594,#5595,#5596));
#3130=AXIS2_PLACEMENT_3D('',#5597,#5598,#5599);
#3131=SURFACE_SIDE_STYLE('',(#5600));
#3132=EDGE_LOOP('',(#5601,#5602,#5603));
#3133=AXIS2_PLACEMENT_3D('',#5604,#5605,#5606);
#3134=SURFACE_SIDE_STYLE('',(#5607));
#3135=EDGE_LOOP('',(#5608,#5609,#5610));
#3136=AXIS2_PLACEMENT_3D('',#5611,#5612,#5613);
#3137=SURFACE_SIDE_STYLE('',(#5614));
#3138=EDGE_LOOP('',(#5615,#5616,#5617,#5618));
#3139=AXIS2_PLACEMENT_3D('',#5619,#5620,#5621);
#3140=SURFACE_SIDE_STYLE('',(#5622));
#3141=EDGE_LOOP('',(#5623,#5624,#5625,#5626,#5627));
#3142=AXIS2_PLACEMENT_3D('',#5628,#5629,#5630);
#3143=SURFACE_SIDE_STYLE('',(#5631));
#3144=EDGE_LOOP('',(#5632,#5633,#5634,#5635));
#3145=AXIS2_PLACEMENT_3D('',#5636,#5637,#5638);
#3146=SURFACE_SIDE_STYLE('',(#5639));
#3147=EDGE_LOOP('',(#5640,#5641,#5642,#5643));
#3148=AXIS2_PLACEMENT_3D('',#5644,#5645,#5646);
#3149=SURFACE_SIDE_STYLE('',(#5647));
#3150=EDGE_LOOP('',(#5648,#5649,#5650,#5651));
#3151=AXIS2_PLACEMENT_3D('',#5652,#5653,#5654);
#3152=SURFACE_SIDE_STYLE('',(#5655));
#3153=EDGE_LOOP('',(#5656,#5657,#5658,#5659));
#3154=AXIS2_PLACEMENT_3D('',#5660,#5661,#5662);
#3155=SURFACE_SIDE_STYLE('',(#5663));
#3156=EDGE_LOOP('',(#5664,#5665,#5666,#5667));
#3157=AXIS2_PLACEMENT_3D('',#5668,#5669,#5670);
#3158=SURFACE_SIDE_STYLE('',(#5671));
#3159=EDGE_LOOP('',(#5672,#5673,#5674,#5675));
#3160=AXIS2_PLACEMENT_3D('',#5676,#5677,#5678);
#3161=SURFACE_SIDE_STYLE('',(#5679));
#3162=EDGE_LOOP('',(#5680,#5681,#5682,#5683));
#3163=AXIS2_PLACEMENT_3D('',#5684,#5685,#5686);
#3164=SURFACE_SIDE_STYLE('',(#5687));
#3165=EDGE_LOOP('',(#5688,#5689,#5690,#5691));
#3166=AXIS2_PLACEMENT_3D('',#5692,#5693,#5694);
#3167=SURFACE_SIDE_STYLE('',(#5695));
#3168=EDGE_LOOP('',(#5696,#5697,#5698,#5699));
#3169=AXIS2_PLACEMENT_3D('',#5700,#5701,#5702);
#3170=SURFACE_SIDE_STYLE('',(#5703));
#3171=EDGE_LOOP('',(#5704,#5705,#5706,#5707));
#3172=AXIS2_PLACEMENT_3D('',#5708,#5709,#5710);
#3173=SURFACE_SIDE_STYLE('',(#5711));
#3174=EDGE_LOOP('',(#5712,#5713,#5714,#5715));
#3175=AXIS2_PLACEMENT_3D('',#5716,#5717,#5718);
#3176=SURFACE_SIDE_STYLE('',(#5719));
#3177=EDGE_LOOP('',(#5720,#5721,#5722,#5723));
#3178=AXIS2_PLACEMENT_3D('',#5724,#5725,#5726);
#3179=SURFACE_SIDE_STYLE('',(#5727));
#3180=EDGE_LOOP('',(#5728,#5729,#5730,#5731));
#3181=AXIS2_PLACEMENT_3D('',#5732,#5733,#5734);
#3182=SURFACE_SIDE_STYLE('',(#5735));
#3183=EDGE_LOOP('',(#5736,#5737,#5738,#5739));
#3184=AXIS2_PLACEMENT_3D('',#5740,#5741,#5742);
#3185=SURFACE_SIDE_STYLE('',(#5743));
#3186=EDGE_LOOP('',(#5744,#5745,#5746,#5747));
#3187=AXIS2_PLACEMENT_3D('',#5748,#5749,#5750);
#3188=SURFACE_SIDE_STYLE('',(#5751));
#3189=EDGE_LOOP('',(#5752,#5753,#5754,#5755));
#3190=AXIS2_PLACEMENT_3D('',#5756,#5757,#5758);
#3191=SURFACE_SIDE_STYLE('',(#5759));
#3192=EDGE_LOOP('',(#5760,#5761,#5762,#5763));
#3193=AXIS2_PLACEMENT_3D('',#5764,#5765,#5766);
#3194=SURFACE_SIDE_STYLE('',(#5767));
#3195=EDGE_LOOP('',(#5768,#5769,#5770,#5771));
#3196=AXIS2_PLACEMENT_3D('',#5772,#5773,#5774);
#3197=SURFACE_SIDE_STYLE('',(#5775));
#3198=EDGE_LOOP('',(#5776,#5777,#5778,#5779));
#3199=AXIS2_PLACEMENT_3D('',#5780,#5781,#5782);
#3200=SURFACE_SIDE_STYLE('',(#5783));
#3201=EDGE_LOOP('',(#5784,#5785,#5786,#5787));
#3202=AXIS2_PLACEMENT_3D('',#5788,#5789,#5790);
#3203=SURFACE_SIDE_STYLE('',(#5791));
#3204=EDGE_LOOP('',(#5792,#5793,#5794,#5795));
#3205=AXIS2_PLACEMENT_3D('',#5796,#5797,#5798);
#3206=SURFACE_SIDE_STYLE('',(#5799));
#3207=EDGE_LOOP('',(#5800,#5801,#5802,#5803));
#3208=AXIS2_PLACEMENT_3D('',#5804,#5805,#5806);
#3209=SURFACE_SIDE_STYLE('',(#5807));
#3210=EDGE_LOOP('',(#5808,#5809,#5810,#5811));
#3211=AXIS2_PLACEMENT_3D('',#5812,#5813,#5814);
#3212=SURFACE_SIDE_STYLE('',(#5815));
#3213=EDGE_LOOP('',(#5816,#5817,#5818,#5819));
#3214=AXIS2_PLACEMENT_3D('',#5820,#5821,#5822);
#3215=SURFACE_SIDE_STYLE('',(#5823));
#3216=EDGE_LOOP('',(#5824,#5825,#5826,#5827));
#3217=AXIS2_PLACEMENT_3D('',#5828,#5829,#5830);
#3218=SURFACE_SIDE_STYLE('',(#5831));
#3219=EDGE_LOOP('',(#5832,#5833,#5834,#5835));
#3220=AXIS2_PLACEMENT_3D('',#5836,#5837,#5838);
#3221=SURFACE_SIDE_STYLE('',(#5839));
#3222=EDGE_LOOP('',(#5840,#5841,#5842,#5843));
#3223=AXIS2_PLACEMENT_3D('',#5844,#5845,#5846);
#3224=SURFACE_SIDE_STYLE('',(#5847));
#3225=EDGE_LOOP('',(#5848,#5849,#5850,#5851));
#3226=AXIS2_PLACEMENT_3D('',#5852,#5853,#5854);
#3227=SURFACE_SIDE_STYLE('',(#5855));
#3228=EDGE_LOOP('',(#5856,#5857,#5858,#5859));
#3229=AXIS2_PLACEMENT_3D('',#5860,#5861,#5862);
#3230=SURFACE_SIDE_STYLE('',(#5863));
#3231=EDGE_LOOP('',(#5864,#5865,#5866,#5867));
#3232=AXIS2_PLACEMENT_3D('',#5868,#5869,#5870);
#3233=SURFACE_SIDE_STYLE('',(#5871));
#3234=EDGE_LOOP('',(#5872,#5873,#5874,#5875));
#3235=AXIS2_PLACEMENT_3D('',#5876,#5877,#5878);
#3236=SURFACE_SIDE_STYLE('',(#5879));
#3237=EDGE_LOOP('',(#5880,#5881,#5882,#5883));
#3238=AXIS2_PLACEMENT_3D('',#5884,#5885,#5886);
#3239=SURFACE_SIDE_STYLE('',(#5887));
#3240=EDGE_LOOP('',(#5888,#5889,#5890,#5891));
#3241=AXIS2_PLACEMENT_3D('',#5892,#5893,#5894);
#3242=SURFACE_SIDE_STYLE('',(#5895));
#3243=EDGE_LOOP('',(#5896,#5897,#5898,#5899));
#3244=AXIS2_PLACEMENT_3D('',#5900,#5901,#5902);
#3245=SURFACE_SIDE_STYLE('',(#5903));
#3246=EDGE_LOOP('',(#5904,#5905,#5906,#5907));
#3247=AXIS2_PLACEMENT_3D('',#5908,#5909,#5910);
#3248=SURFACE_SIDE_STYLE('',(#5911));
#3249=EDGE_LOOP('',(#5912,#5913,#5914));
#3250=AXIS2_PLACEMENT_3D('',#5915,#5916,#5917);
#3251=SURFACE_SIDE_STYLE('',(#5918));
#3252=EDGE_LOOP('',(#5919,#5920,#5921));
#3253=AXIS2_PLACEMENT_3D('',#5922,#5923,#5924);
#3254=SURFACE_SIDE_STYLE('',(#5925));
#3255=EDGE_LOOP('',(#5926,#5927,#5928,#5929));
#3256=AXIS2_PLACEMENT_3D('',#5930,#5931,#5932);
#3257=SURFACE_SIDE_STYLE('',(#5933));
#3258=EDGE_LOOP('',(#5934,#5935,#5936,#5937));
#3259=AXIS2_PLACEMENT_3D('',#5938,#5939,#5940);
#3260=SURFACE_SIDE_STYLE('',(#5941));
#3261=EDGE_LOOP('',(#5942,#5943,#5944,#5945,#5946));
#3262=AXIS2_PLACEMENT_3D('',#5947,#5948,#5949);
#3263=SURFACE_SIDE_STYLE('',(#5950));
#3264=EDGE_LOOP('',(#5951,#5952,#5953,#5954));
#3265=AXIS2_PLACEMENT_3D('',#5955,#5956,#5957);
#3266=SURFACE_SIDE_STYLE('',(#5958));
#3267=EDGE_LOOP('',(#5959,#5960,#5961,#5962,#5963));
#3268=AXIS2_PLACEMENT_3D('',#5964,#5965,#5966);
#3269=SURFACE_SIDE_STYLE('',(#5967));
#3270=EDGE_LOOP('',(#5968,#5969,#5970,#5971));
#3271=AXIS2_PLACEMENT_3D('',#5972,#5973,#5974);
#3272=SURFACE_SIDE_STYLE('',(#5975));
#3273=EDGE_LOOP('',(#5976,#5977,#5978,#5979));
#3274=AXIS2_PLACEMENT_3D('',#5980,#5981,#5982);
#3275=SURFACE_SIDE_STYLE('',(#5983));
#3276=EDGE_LOOP('',(#5984,#5985,#5986,#5987));
#3277=AXIS2_PLACEMENT_3D('',#5988,#5989,#5990);
#3278=SURFACE_SIDE_STYLE('',(#5991));
#3279=EDGE_LOOP('',(#5992,#5993,#5994,#5995));
#3280=AXIS2_PLACEMENT_3D('',#5996,#5997,#5998);
#3281=SURFACE_SIDE_STYLE('',(#5999));
#3282=EDGE_LOOP('',(#6000,#6001,#6002,#6003));
#3283=AXIS2_PLACEMENT_3D('',#6004,#6005,#6006);
#3284=SURFACE_SIDE_STYLE('',(#6007));
#3285=EDGE_LOOP('',(#6008,#6009,#6010,#6011));
#3286=AXIS2_PLACEMENT_3D('',#6012,#6013,#6014);
#3287=SURFACE_SIDE_STYLE('',(#6015));
#3288=EDGE_LOOP('',(#6016,#6017,#6018,#6019));
#3289=AXIS2_PLACEMENT_3D('',#6020,#6021,#6022);
#3290=SURFACE_SIDE_STYLE('',(#6023));
#3291=EDGE_LOOP('',(#6024,#6025,#6026,#6027));
#3292=AXIS2_PLACEMENT_3D('',#6028,#6029,#6030);
#3293=SURFACE_SIDE_STYLE('',(#6031));
#3294=EDGE_LOOP('',(#6032,#6033,#6034,#6035));
#3295=AXIS2_PLACEMENT_3D('',#6036,#6037,#6038);
#3296=SURFACE_SIDE_STYLE('',(#6039));
#3297=EDGE_LOOP('',(#6040,#6041,#6042,#6043));
#3298=AXIS2_PLACEMENT_3D('',#6044,#6045,#6046);
#3299=SURFACE_SIDE_STYLE('',(#6047));
#3300=EDGE_LOOP('',(#6048,#6049,#6050,#6051));
#3301=AXIS2_PLACEMENT_3D('',#6052,#6053,#6054);
#3302=SURFACE_SIDE_STYLE('',(#6055));
#3303=EDGE_LOOP('',(#6056,#6057,#6058,#6059));
#3304=AXIS2_PLACEMENT_3D('',#6060,#6061,#6062);
#3305=SURFACE_SIDE_STYLE('',(#6063));
#3306=EDGE_LOOP('',(#6064,#6065,#6066,#6067));
#3307=AXIS2_PLACEMENT_3D('',#6068,#6069,#6070);
#3308=SURFACE_SIDE_STYLE('',(#6071));
#3309=EDGE_LOOP('',(#6072,#6073,#6074,#6075));
#3310=AXIS2_PLACEMENT_3D('',#6076,#6077,#6078);
#3311=SURFACE_SIDE_STYLE('',(#6079));
#3312=EDGE_LOOP('',(#6080,#6081,#6082,#6083));
#3313=AXIS2_PLACEMENT_3D('',#6084,#6085,#6086);
#3314=SURFACE_SIDE_STYLE('',(#6087));
#3315=EDGE_LOOP('',(#6088,#6089,#6090,#6091));
#3316=AXIS2_PLACEMENT_3D('',#6092,#6093,#6094);
#3317=SURFACE_SIDE_STYLE('',(#6095));
#3318=EDGE_LOOP('',(#6096,#6097,#6098));
#3319=AXIS2_PLACEMENT_3D('',#6099,#6100,#6101);
#3320=SURFACE_SIDE_STYLE('',(#6102));
#3321=EDGE_LOOP('',(#6103,#6104,#6105));
#3322=AXIS2_PLACEMENT_3D('',#6106,#6107,#6108);
#3323=SURFACE_SIDE_STYLE('',(#6109));
#3324=EDGE_LOOP('',(#6110,#6111,#6112,#6113));
#3325=AXIS2_PLACEMENT_3D('',#6114,#6115,#6116);
#3326=SURFACE_SIDE_STYLE('',(#6117));
#3327=EDGE_LOOP('',(#6118,#6119,#6120,#6121));
#3328=AXIS2_PLACEMENT_3D('',#6122,#6123,#6124);
#3329=SURFACE_SIDE_STYLE('',(#6125));
#3330=EDGE_LOOP('',(#6126,#6127,#6128,#6129));
#3331=AXIS2_PLACEMENT_3D('',#6130,#6131,#6132);
#3332=SURFACE_SIDE_STYLE('',(#6133));
#3333=EDGE_LOOP('',(#6134,#6135,#6136,#6137));
#3334=AXIS2_PLACEMENT_3D('',#6138,#6139,#6140);
#3335=SURFACE_SIDE_STYLE('',(#6141));
#3336=EDGE_LOOP('',(#6142,#6143,#6144,#6145));
#3337=AXIS2_PLACEMENT_3D('',#6146,#6147,#6148);
#3338=SURFACE_SIDE_STYLE('',(#6149));
#3339=EDGE_LOOP('',(#6150,#6151,#6152));
#3340=AXIS2_PLACEMENT_3D('',#6153,#6154,#6155);
#3341=SURFACE_SIDE_STYLE('',(#6156));
#3342=EDGE_LOOP('',(#6157,#6158,#6159));
#3343=AXIS2_PLACEMENT_3D('',#6160,#6161,#6162);
#3344=SURFACE_SIDE_STYLE('',(#6163));
#3345=EDGE_LOOP('',(#6164,#6165,#6166,#6167,#6168));
#3346=AXIS2_PLACEMENT_3D('',#6169,#6170,#6171);
#3347=SURFACE_SIDE_STYLE('',(#6172));
#3348=EDGE_LOOP('',(#6173,#6174,#6175,#6176,#6177));
#3349=AXIS2_PLACEMENT_3D('',#6178,#6179,#6180);
#3350=SURFACE_SIDE_STYLE('',(#6181));
#3351=EDGE_LOOP('',(#6182,#6183,#6184,#6185));
#3352=AXIS2_PLACEMENT_3D('',#6186,#6187,#6188);
#3353=SURFACE_SIDE_STYLE('',(#6189));
#3354=EDGE_LOOP('',(#6190,#6191,#6192,#6193));
#3355=AXIS2_PLACEMENT_3D('',#6194,#6195,#6196);
#3356=SURFACE_SIDE_STYLE('',(#6197));
#3357=EDGE_LOOP('',(#6198,#6199,#6200,#6201));
#3358=AXIS2_PLACEMENT_3D('',#6202,#6203,#6204);
#3359=SURFACE_SIDE_STYLE('',(#6205));
#3360=EDGE_LOOP('',(#6206,#6207,#6208,#6209,#6210,#6211,#6212,#6213,#6214,#6215,#6216,#6217,#6218,#6219,#6220,#6221,#6222,#6223,#6224,#6225,#6226,#6227,#6228,#6229,#6230,#6231,#6232,#6233));
#3361=AXIS2_PLACEMENT_3D('',#6234,#6235,#6236);
#3362=SURFACE_SIDE_STYLE('',(#6237));
#3363=EDGE_LOOP('',(#6238,#6239,#6240,#6241,#6242,#6243,#6244,#6245,#6246,#6247,#6248,#6249,#6250,#6251,#6252,#6253,#6254,#6255,#6256,#6257,#6258,#6259,#6260,#6261,#6262,#6263,#6264,#6265));
#3364=AXIS2_PLACEMENT_3D('',#6266,#6267,#6268);
#3365=SURFACE_SIDE_STYLE('',(#6269));
#3366=EDGE_LOOP('',(#6270,#6271,#6272,#6273,#6274,#6275,#6276,#6277,#6278,#6279,#6280,#6281,#6282,#6283,#6284,#6285));
#3367=AXIS2_PLACEMENT_3D('',#6286,#6287,#6288);
#3368=SURFACE_SIDE_STYLE('',(#6289));
#3369=EDGE_LOOP('',(#6290,#6291,#6292,#6293,#6294,#6295,#6296,#6297,#6298,#6299,#6300,#6301,#6302,#6303,#6304,#6305,#6306,#6307,#6308,#6309,#6310,#6311));
#3370=AXIS2_PLACEMENT_3D('',#6312,#6313,#6314);
#3371=SURFACE_SIDE_STYLE('',(#6315));
#3372=EDGE_LOOP('',(#6316,#6317,#6318,#6319,#6320,#6321,#6322,#6323,#6324,#6325,#6326,#6327,#6328,#6329,#6330,#6331,#6332,#6333,#6334,#6335,#6336,#6337));
#3373=AXIS2_PLACEMENT_3D('',#6338,#6339,#6340);
#3374=SURFACE_SIDE_STYLE('',(#6341));
#3375=EDGE_LOOP('',(#6342,#6343,#6344,#6345));
#3376=AXIS2_PLACEMENT_3D('',#6346,#6347,#6348);
#3377=SURFACE_SIDE_STYLE('',(#6349));
#3378=EDGE_LOOP('',(#6350,#6351));
#3379=EDGE_LOOP('',(#6352,#6353));
#3380=AXIS2_PLACEMENT_3D('',#6354,#6355,#6356);
#3381=SURFACE_SIDE_STYLE('',(#6357));
#3382=EDGE_LOOP('',(#6358,#6359,#6360,#6361));
#3383=AXIS2_PLACEMENT_3D('',#6362,#6363,#6364);
#3384=SURFACE_SIDE_STYLE('',(#6365));
#3385=EDGE_LOOP('',(#6366,#6367,#6368,#6369));
#3386=AXIS2_PLACEMENT_3D('',#6370,#6371,#6372);
#3387=SURFACE_SIDE_STYLE('',(#6373));
#3388=EDGE_LOOP('',(#6374,#6375));
#3389=EDGE_LOOP('',(#6376,#6377));
#3390=AXIS2_PLACEMENT_3D('',#6378,#6379,#6380);
#3391=SURFACE_SIDE_STYLE('',(#6381));
#3392=EDGE_LOOP('',(#6382,#6383,#6384,#6385));
#3393=AXIS2_PLACEMENT_3D('',#6386,#6387,#6388);
#3394=SURFACE_SIDE_STYLE('',(#6389));
#3395=EDGE_LOOP('',(#6390,#6391));
#3396=EDGE_LOOP('',(#6392,#6393,#6394,#6395,#6396,#6397));
#3397=AXIS2_PLACEMENT_3D('',#6398,#6399,#6400);
#3398=SURFACE_SIDE_STYLE('',(#6401));
#3399=EDGE_LOOP('',(#6402,#6403,#6404,#6405));
#3400=AXIS2_PLACEMENT_3D('',#6406,#6407,#6408);
#3401=SURFACE_SIDE_STYLE('',(#6409));
#3402=EDGE_LOOP('',(#6410,#6411));
#3403=EDGE_LOOP('',(#6412,#6413,#6414,#6415,#6416,#6417));
#3404=AXIS2_PLACEMENT_3D('',#6418,#6419,#6420);
#3405=SURFACE_SIDE_STYLE('',(#6421));
#3406=EDGE_LOOP('',(#6422,#6423,#6424,#6425));
#3407=AXIS2_PLACEMENT_3D('',#6426,#6427,#6428);
#3408=SURFACE_SIDE_STYLE('',(#6429));
#3409=EDGE_LOOP('',(#6430,#6431,#6432,#6433));
#3410=AXIS2_PLACEMENT_3D('',#6434,#6435,#6436);
#3411=SURFACE_SIDE_STYLE('',(#6437));
#3412=EDGE_LOOP('',(#6438,#6439,#6440,#6441));
#3413=AXIS2_PLACEMENT_3D('',#6442,#6443,#6444);
#3414=SURFACE_SIDE_STYLE('',(#6445));
#3415=EDGE_LOOP('',(#6446,#6447,#6448,#6449));
#3416=AXIS2_PLACEMENT_3D('',#6450,#6451,#6452);
#3417=SURFACE_SIDE_STYLE('',(#6453));
#3418=EDGE_LOOP('',(#6454,#6455,#6456,#6457));
#3419=AXIS2_PLACEMENT_3D('',#6458,#6459,#6460);
#3420=SURFACE_SIDE_STYLE('',(#6461));
#3421=EDGE_LOOP('',(#6462,#6463,#6464,#6465));
#3422=AXIS2_PLACEMENT_3D('',#6466,#6467,#6468);
#3423=SURFACE_SIDE_STYLE('',(#6469));
#3424=EDGE_LOOP('',(#6470,#6471,#6472,#6473));
#3425=AXIS2_PLACEMENT_3D('',#6474,#6475,#6476);
#3426=SURFACE_SIDE_STYLE('',(#6477));
#3427=EDGE_LOOP('',(#6478,#6479,#6480,#6481));
#3428=AXIS2_PLACEMENT_3D('',#6482,#6483,#6484);
#3429=SURFACE_SIDE_STYLE('',(#6485));
#3430=EDGE_LOOP('',(#6486,#6487,#6488,#6489));
#3431=AXIS2_PLACEMENT_3D('',#6490,#6491,#6492);
#3432=SURFACE_SIDE_STYLE('',(#6493));
#3433=EDGE_LOOP('',(#6494,#6495,#6496,#6497));
#3434=AXIS2_PLACEMENT_3D('',#6498,#6499,#6500);
#3435=SURFACE_SIDE_STYLE('',(#6501));
#3436=EDGE_LOOP('',(#6502,#6503,#6504,#6505));
#3437=AXIS2_PLACEMENT_3D('',#6506,#6507,#6508);
#3438=SURFACE_SIDE_STYLE('',(#6509));
#3439=EDGE_LOOP('',(#6510,#6511,#6512,#6513));
#3440=AXIS2_PLACEMENT_3D('',#6514,#6515,#6516);
#3441=SURFACE_SIDE_STYLE('',(#6517));
#3442=EDGE_LOOP('',(#6518,#6519,#6520,#6521));
#3443=AXIS2_PLACEMENT_3D('',#6522,#6523,#6524);
#3444=SURFACE_SIDE_STYLE('',(#6525));
#3445=EDGE_LOOP('',(#6526,#6527,#6528,#6529));
#3446=AXIS2_PLACEMENT_3D('',#6530,#6531,#6532);
#3447=SURFACE_SIDE_STYLE('',(#6533));
#3448=EDGE_LOOP('',(#6534,#6535,#6536,#6537));
#3449=AXIS2_PLACEMENT_3D('',#6538,#6539,#6540);
#3450=SURFACE_SIDE_STYLE('',(#6541));
#3451=EDGE_LOOP('',(#6542,#6543,#6544,#6545,#6546));
#3452=AXIS2_PLACEMENT_3D('',#6547,#6548,#6549);
#3453=SURFACE_SIDE_STYLE('',(#6550));
#3454=EDGE_LOOP('',(#6551,#6552,#6553,#6554,#6555,#6556));
#3455=AXIS2_PLACEMENT_3D('',#6557,#6558,#6559);
#3456=SURFACE_SIDE_STYLE('',(#6560));
#3457=EDGE_LOOP('',(#6561,#6562,#6563,#6564));
#3458=AXIS2_PLACEMENT_3D('',#6565,#6566,#6567);
#3459=SURFACE_SIDE_STYLE('',(#6568));
#3460=EDGE_LOOP('',(#6569,#6570,#6571,#6572,#6573,#6574));
#3461=AXIS2_PLACEMENT_3D('',#6575,#6576,#6577);
#3462=SURFACE_SIDE_STYLE('',(#6578));
#3463=EDGE_LOOP('',(#6579,#6580,#6581,#6582,#6583,#6584));
#3464=AXIS2_PLACEMENT_3D('',#6585,#6586,#6587);
#3465=SURFACE_SIDE_STYLE('',(#6588));
#3466=EDGE_LOOP('',(#6589,#6590,#6591,#6592,#6593,#6594));
#3467=AXIS2_PLACEMENT_3D('',#6595,#6596,#6597);
#3468=SURFACE_SIDE_STYLE('',(#6598));
#3469=EDGE_LOOP('',(#6599,#6600,#6601,#6602));
#3470=AXIS2_PLACEMENT_3D('',#6603,#6604,#6605);
#3471=SURFACE_SIDE_STYLE('',(#6606));
#3472=EDGE_LOOP('',(#6607,#6608,#6609,#6610,#6611,#6612,#6613));
#3473=AXIS2_PLACEMENT_3D('',#6614,#6615,#6616);
#3474=SURFACE_SIDE_STYLE('',(#6617));
#3475=EDGE_LOOP('',(#6618,#6619,#6620,#6621,#6622));
#3476=AXIS2_PLACEMENT_3D('',#6623,#6624,#6625);
#3477=SURFACE_SIDE_STYLE('',(#6626));
#3478=EDGE_LOOP('',(#6627,#6628,#6629,#6630));
#3479=AXIS2_PLACEMENT_3D('',#6631,#6632,#6633);
#3480=SURFACE_SIDE_STYLE('',(#6634));
#3481=EDGE_LOOP('',(#6635,#6636,#6637,#6638,#6639,#6640));
#3482=AXIS2_PLACEMENT_3D('',#6641,#6642,#6643);
#3483=SURFACE_SIDE_STYLE('',(#6644));
#3484=EDGE_LOOP('',(#6645,#6646,#6647,#6648,#6649,#6650,#6651));
#3485=AXIS2_PLACEMENT_3D('',#6652,#6653,#6654);
#3486=SURFACE_SIDE_STYLE('',(#6655));
#3487=EDGE_LOOP('',(#6656,#6657,#6658,#6659));
#3488=AXIS2_PLACEMENT_3D('',#6660,#6661,#6662);
#3489=SURFACE_SIDE_STYLE('',(#6663));
#3490=EDGE_LOOP('',(#6664,#6665,#6666,#6667,#6668,#6669,#6670,#6671,#6672));
#3491=AXIS2_PLACEMENT_3D('',#6673,#6674,#6675);
#3492=SURFACE_SIDE_STYLE('',(#6676));
#3493=EDGE_LOOP('',(#6677,#6678,#6679,#6680,#6681,#6682));
#3494=AXIS2_PLACEMENT_3D('',#6683,#6684,#6685);
#3495=SURFACE_SIDE_STYLE('',(#6686));
#3496=EDGE_LOOP('',(#6687,#6688));
#3497=AXIS2_PLACEMENT_3D('',#6689,#6690,#6691);
#3498=SURFACE_SIDE_STYLE('',(#6692));
#3499=EDGE_LOOP('',(#6693,#6694,#6695,#6696));
#3500=AXIS2_PLACEMENT_3D('',#6697,#6698,#6699);
#3501=SURFACE_SIDE_STYLE('',(#6700));
#3502=EDGE_LOOP('',(#6701,#6702,#6703,#6704,#6705,#6706,#6707,#6708,#6709,#6710,#6711));
#3503=AXIS2_PLACEMENT_3D('',#6712,#6713,#6714);
#3504=SURFACE_SIDE_STYLE('',(#6715));
#3505=EDGE_LOOP('',(#6716,#6717,#6718,#6719));
#3506=AXIS2_PLACEMENT_3D('',#6720,#6721,#6722);
#3507=SURFACE_SIDE_STYLE('',(#6723));
#3508=EDGE_LOOP('',(#6724,#6725,#6726,#6727));
#3509=AXIS2_PLACEMENT_3D('',#6728,#6729,#6730);
#3510=SURFACE_SIDE_STYLE('',(#6731));
#3511=EDGE_LOOP('',(#6732,#6733,#6734,#6735,#6736,#6737));
#3512=AXIS2_PLACEMENT_3D('',#6738,#6739,#6740);
#3513=SURFACE_SIDE_STYLE('',(#6741));
#3514=EDGE_LOOP('',(#6742,#6743,#6744,#6745));
#3515=AXIS2_PLACEMENT_3D('',#6746,#6747,#6748);
#3516=SURFACE_SIDE_STYLE('',(#6749));
#3517=EDGE_LOOP('',(#6750,#6751,#6752,#6753));
#3518=AXIS2_PLACEMENT_3D('',#6754,#6755,#6756);
#3519=SURFACE_SIDE_STYLE('',(#6757));
#3520=EDGE_LOOP('',(#6758,#6759,#6760,#6761,#6762,#6763,#6764));
#3521=AXIS2_PLACEMENT_3D('',#6765,#6766,#6767);
#3522=SURFACE_SIDE_STYLE('',(#6768));
#3523=EDGE_LOOP('',(#6769,#6770,#6771,#6772,#6773,#6774,#6775));
#3524=AXIS2_PLACEMENT_3D('',#6776,#6777,#6778);
#3525=SURFACE_SIDE_STYLE('',(#6779));
#3526=EDGE_LOOP('',(#6780,#6781,#6782,#6783));
#3527=AXIS2_PLACEMENT_3D('',#6784,#6785,#6786);
#3528=SURFACE_SIDE_STYLE('',(#6787));
#3529=EDGE_LOOP('',(#6788,#6789,#6790,#6791));
#3530=AXIS2_PLACEMENT_3D('',#6792,#6793,#6794);
#3531=SURFACE_SIDE_STYLE('',(#6795));
#3532=EDGE_LOOP('',(#6796,#6797,#6798,#6799,#6800,#6801));
#3533=AXIS2_PLACEMENT_3D('',#6802,#6803,#6804);
#3534=SURFACE_SIDE_STYLE('',(#6805));
#3535=EDGE_LOOP('',(#6806,#6807,#6808,#6809));
#3536=AXIS2_PLACEMENT_3D('',#6810,#6811,#6812);
#3537=SURFACE_SIDE_STYLE('',(#6813));
#3538=EDGE_LOOP('',(#6814,#6815,#6816,#6817));
#3539=AXIS2_PLACEMENT_3D('',#6818,#6819,#6820);
#3540=SURFACE_SIDE_STYLE('',(#6821));
#3541=EDGE_LOOP('',(#6822,#6823,#6824,#6825));
#3542=AXIS2_PLACEMENT_3D('',#6826,#6827,#6828);
#3543=SURFACE_SIDE_STYLE('',(#6829));
#3544=EDGE_LOOP('',(#6830,#6831,#6832,#6833));
#3545=AXIS2_PLACEMENT_3D('',#6834,#6835,#6836);
#3546=SURFACE_SIDE_STYLE('',(#6837));
#3547=EDGE_LOOP('',(#6838,#6839,#6840,#6841,#6842,#6843,#6844,#6845));
#3548=AXIS2_PLACEMENT_3D('',#6846,#6847,#6848);
#3549=SURFACE_SIDE_STYLE('',(#6849));
#3550=EDGE_LOOP('',(#6850,#6851,#6852,#6853,#6854,#6855,#6856,#6857,#6858));
#3551=AXIS2_PLACEMENT_3D('',#6859,#6860,#6861);
#3552=SURFACE_SIDE_STYLE('',(#6862));
#3553=EDGE_LOOP('',(#6863,#6864,#6865,#6866,#6867,#6868));
#3554=AXIS2_PLACEMENT_3D('',#6869,#6870,#6871);
#3555=SURFACE_SIDE_STYLE('',(#6872));
#3556=EDGE_LOOP('',(#6873,#6874,#6875,#6876));
#3557=AXIS2_PLACEMENT_3D('',#6877,#6878,#6879);
#3558=SURFACE_SIDE_STYLE('',(#6880));
#3559=EDGE_LOOP('',(#6881,#6882,#6883,#6884,#6885,#6886,#6887));
#3560=AXIS2_PLACEMENT_3D('',#6888,#6889,#6890);
#3561=SURFACE_SIDE_STYLE('',(#6891));
#3562=EDGE_LOOP('',(#6892,#6893,#6894,#6895));
#3563=AXIS2_PLACEMENT_3D('',#6896,#6897,#6898);
#3564=SURFACE_SIDE_STYLE('',(#6899));
#3565=EDGE_LOOP('',(#6900,#6901));
#3566=EDGE_LOOP('',(#6902,#6903));
#3567=AXIS2_PLACEMENT_3D('',#6904,#6905,#6906);
#3568=SURFACE_SIDE_STYLE('',(#6907));
#3569=EDGE_LOOP('',(#6908,#6909,#6910,#6911,#6912,#6913,#6914,#6915,#6916,#6917));
#3570=AXIS2_PLACEMENT_3D('',#6918,#6919,#6920);
#3571=SURFACE_SIDE_STYLE('',(#6921));
#3572=EDGE_LOOP('',(#6922,#6923,#6924,#6925));
#3573=AXIS2_PLACEMENT_3D('',#6926,#6927,#6928);
#3574=SURFACE_SIDE_STYLE('',(#6929));
#3575=EDGE_LOOP('',(#6930,#6931,#6932,#6933,#6934,#6935,#6936,#6937,#6938));
#3576=AXIS2_PLACEMENT_3D('',#6939,#6940,#6941);
#3577=SURFACE_SIDE_STYLE('',(#6942));
#3578=EDGE_LOOP('',(#6943,#6944,#6945,#6946));
#3579=AXIS2_PLACEMENT_3D('',#6947,#6948,#6949);
#3580=SURFACE_SIDE_STYLE('',(#6950));
#3581=EDGE_LOOP('',(#6951,#6952,#6953,#6954));
#3582=AXIS2_PLACEMENT_3D('',#6955,#6956,#6957);
#3583=SURFACE_SIDE_STYLE('',(#6958));
#3584=EDGE_LOOP('',(#6959,#6960,#6961,#6962));
#3585=AXIS2_PLACEMENT_3D('',#6963,#6964,#6965);
#3586=SURFACE_SIDE_STYLE('',(#6966));
#3587=EDGE_LOOP('',(#6967,#6968,#6969,#6970));
#3588=AXIS2_PLACEMENT_3D('',#6971,#6972,#6973);
#3589=SURFACE_SIDE_STYLE('',(#6974));
#3590=EDGE_LOOP('',(#6975,#6976,#6977,#6978));
#3591=AXIS2_PLACEMENT_3D('',#6979,#6980,#6981);
#3592=SURFACE_SIDE_STYLE('',(#6982));
#3593=EDGE_LOOP('',(#6983,#6984,#6985));
#3594=AXIS2_PLACEMENT_3D('',#6986,#6987,#6988);
#3595=SURFACE_SIDE_STYLE('',(#6989));
#3596=EDGE_LOOP('',(#6990,#6991,#6992));
#3597=AXIS2_PLACEMENT_3D('',#6993,#6994,#6995);
#3598=SURFACE_SIDE_STYLE('',(#6996));
#3599=EDGE_LOOP('',(#6997,#6998,#6999,#7000));
#3600=AXIS2_PLACEMENT_3D('',#7001,#7002,#7003);
#3601=SURFACE_SIDE_STYLE('',(#7004));
#3602=EDGE_LOOP('',(#7005,#7006,#7007,#7008));
#3603=AXIS2_PLACEMENT_3D('',#7009,#7010,#7011);
#3604=SURFACE_SIDE_STYLE('',(#7012));
#3605=EDGE_LOOP('',(#7013,#7014,#7015,#7016));
#3606=AXIS2_PLACEMENT_3D('',#7017,#7018,#7019);
#3607=SURFACE_SIDE_STYLE('',(#7020));
#3608=EDGE_LOOP('',(#7021,#7022,#7023,#7024));
#3609=AXIS2_PLACEMENT_3D('',#7025,#7026,#7027);
#3610=SURFACE_SIDE_STYLE('',(#7028));
#3611=EDGE_LOOP('',(#7029,#7030,#7031,#7032));
#3612=AXIS2_PLACEMENT_3D('',#7033,#7034,#7035);
#3613=SURFACE_SIDE_STYLE('',(#7036));
#3614=EDGE_LOOP('',(#7037,#7038,#7039,#7040));
#3615=AXIS2_PLACEMENT_3D('',#7041,#7042,#7043);
#3616=SURFACE_SIDE_STYLE('',(#7044));
#3617=EDGE_LOOP('',(#7045,#7046,#7047,#7048));
#3618=AXIS2_PLACEMENT_3D('',#7049,#7050,#7051);
#3619=SURFACE_SIDE_STYLE('',(#7052));
#3620=EDGE_LOOP('',(#7053,#7054,#7055,#7056));
#3621=AXIS2_PLACEMENT_3D('',#7057,#7058,#7059);
#3622=SURFACE_SIDE_STYLE('',(#7060));
#3623=EDGE_LOOP('',(#7061,#7062,#7063,#7064));
#3624=AXIS2_PLACEMENT_3D('',#7065,#7066,#7067);
#3625=SURFACE_SIDE_STYLE('',(#7068));
#3626=EDGE_LOOP('',(#7069,#7070,#7071,#7072));
#3627=AXIS2_PLACEMENT_3D('',#7073,#7074,#7075);
#3628=SURFACE_SIDE_STYLE('',(#7076));
#3629=EDGE_LOOP('',(#7077,#7078,#7079,#7080));
#3630=AXIS2_PLACEMENT_3D('',#7081,#7082,#7083);
#3631=SURFACE_SIDE_STYLE('',(#7084));
#3632=EDGE_LOOP('',(#7085,#7086,#7087,#7088));
#3633=AXIS2_PLACEMENT_3D('',#7089,#7090,#7091);
#3634=SURFACE_SIDE_STYLE('',(#7092));
#3635=EDGE_LOOP('',(#7093,#7094,#7095,#7096));
#3636=AXIS2_PLACEMENT_3D('',#7097,#7098,#7099);
#3637=SURFACE_SIDE_STYLE('',(#7100));
#3638=EDGE_LOOP('',(#7101,#7102,#7103,#7104));
#3639=AXIS2_PLACEMENT_3D('',#7105,#7106,#7107);
#3640=SURFACE_SIDE_STYLE('',(#7108));
#3641=EDGE_LOOP('',(#7109,#7110,#7111,#7112));
#3642=AXIS2_PLACEMENT_3D('',#7113,#7114,#7115);
#3643=SURFACE_SIDE_STYLE('',(#7116));
#3644=EDGE_LOOP('',(#7117,#7118,#7119,#7120));
#3645=AXIS2_PLACEMENT_3D('',#7121,#7122,#7123);
#3646=SURFACE_SIDE_STYLE('',(#7124));
#3647=EDGE_LOOP('',(#7125,#7126,#7127,#7128));
#3648=AXIS2_PLACEMENT_3D('',#7129,#7130,#7131);
#3649=SURFACE_SIDE_STYLE('',(#7132));
#3650=EDGE_LOOP('',(#7133,#7134,#7135));
#3651=AXIS2_PLACEMENT_3D('',#7136,#7137,#7138);
#3652=SURFACE_SIDE_STYLE('',(#7139));
#3653=EDGE_LOOP('',(#7140,#7141,#7142));
#3654=AXIS2_PLACEMENT_3D('',#7143,#7144,#7145);
#3655=SURFACE_SIDE_STYLE('',(#7146));
#3656=EDGE_LOOP('',(#7147,#7148,#7149,#7150));
#3657=AXIS2_PLACEMENT_3D('',#7151,#7152,#7153);
#3658=SURFACE_SIDE_STYLE('',(#7154));
#3659=EDGE_LOOP('',(#7155,#7156,#7157,#7158));
#3660=AXIS2_PLACEMENT_3D('',#7159,#7160,#7161);
#3661=SURFACE_SIDE_STYLE('',(#7162));
#3662=EDGE_LOOP('',(#7163,#7164,#7165,#7166,#7167,#7168,#7169,#7170,#7171,#7172));
#3663=EDGE_LOOP('',(#7173,#7174,#7175,#7176,#7177,#7178));
#3664=AXIS2_PLACEMENT_3D('',#7179,#7180,#7181);
#3665=SURFACE_SIDE_STYLE('',(#7182));
#3666=EDGE_LOOP('',(#7183,#7184,#7185,#7186,#7187,#7188,#7189,#7190,#7191,#7192));
#3667=EDGE_LOOP('',(#7193,#7194,#7195,#7196,#7197,#7198));
#3668=AXIS2_PLACEMENT_3D('',#7199,#7200,#7201);
#3669=SURFACE_SIDE_STYLE('',(#7202));
#3670=EDGE_LOOP('',(#7203,#7204,#7205,#7206));
#3671=AXIS2_PLACEMENT_3D('',#7207,#7208,#7209);
#3672=SURFACE_SIDE_STYLE('',(#7210));
#3673=EDGE_LOOP('',(#7211,#7212,#7213,#7214,#7215,#7216,#7217,#7218,#7219,#7220,#7221,#7222,#7223,#7224,#7225,#7226,#7227,#7228,#7229,#7230));
#3674=AXIS2_PLACEMENT_3D('',#7231,#7232,#7233);
#3675=SURFACE_SIDE_STYLE('',(#7234));
#3676=EDGE_LOOP('',(#7235,#7236,#7237,#7238,#7239,#7240,#7241,#7242,#7243,#7244,#7245,#7246,#7247,#7248,#7249,#7250,#7251,#7252,#7253,#7254));
#3677=AXIS2_PLACEMENT_3D('',#7255,#7256,#7257);
#3678=SURFACE_SIDE_STYLE('',(#7258));
#3679=EDGE_LOOP('',(#7259,#7260,#7261,#7262));
#3680=AXIS2_PLACEMENT_3D('',#7263,#7264,#7265);
#3681=SURFACE_SIDE_STYLE('',(#7266));
#3682=EDGE_LOOP('',(#7267,#7268,#7269,#7270));
#3683=AXIS2_PLACEMENT_3D('',#7271,#7272,#7273);
#3684=SURFACE_SIDE_STYLE('',(#7274));
#3685=EDGE_LOOP('',(#7275,#7276,#7277,#7278));
#3686=AXIS2_PLACEMENT_3D('',#7279,#7280,#7281);
#3687=SURFACE_SIDE_STYLE('',(#7282));
#3688=EDGE_LOOP('',(#7283,#7284,#7285,#7286));
#3689=AXIS2_PLACEMENT_3D('',#7287,#7288,#7289);
#3690=SURFACE_SIDE_STYLE('',(#7290));
#3691=EDGE_LOOP('',(#7291,#7292,#7293,#7294,#7295,#7296,#7297,#7298,#7299,#7300));
#3692=EDGE_LOOP('',(#7301,#7302,#7303,#7304,#7305,#7306));
#3693=AXIS2_PLACEMENT_3D('',#7307,#7308,#7309);
#3694=SURFACE_SIDE_STYLE('',(#7310));
#3695=EDGE_LOOP('',(#7311,#7312,#7313,#7314,#7315,#7316,#7317,#7318,#7319,#7320));
#3696=EDGE_LOOP('',(#7321,#7322,#7323,#7324,#7325,#7326));
#3697=AXIS2_PLACEMENT_3D('',#7327,#7328,#7329);
#3698=SURFACE_SIDE_STYLE('',(#7330));
#3699=EDGE_LOOP('',(#7331,#7332,#7333,#7334));
#3700=AXIS2_PLACEMENT_3D('',#7335,#7336,#7337);
#3701=SURFACE_SIDE_STYLE('',(#7338));
#3702=EDGE_LOOP('',(#7339,#7340,#7341,#7342));
#3703=AXIS2_PLACEMENT_3D('',#7343,#7344,#7345);
#3704=SURFACE_SIDE_STYLE('',(#7346));
#3705=EDGE_LOOP('',(#7347,#7348,#7349,#7350));
#3706=AXIS2_PLACEMENT_3D('',#7351,#7352,#7353);
#3707=SURFACE_SIDE_STYLE('',(#7354));
#3708=EDGE_LOOP('',(#7355,#7356,#7357,#7358));
#3709=AXIS2_PLACEMENT_3D('',#7359,#7360,#7361);
#3710=SURFACE_SIDE_STYLE('',(#7362));
#3711=EDGE_LOOP('',(#7363,#7364,#7365,#7366));
#3712=AXIS2_PLACEMENT_3D('',#7367,#7368,#7369);
#3713=SURFACE_SIDE_STYLE('',(#7370));
#3714=EDGE_LOOP('',(#7371,#7372,#7373));
#3715=AXIS2_PLACEMENT_3D('',#7374,#7375,#7376);
#3716=SURFACE_SIDE_STYLE('',(#7377));
#3717=EDGE_LOOP('',(#7378,#7379,#7380,#7381));
#3718=AXIS2_PLACEMENT_3D('',#7382,#7383,#7384);
#3719=SURFACE_SIDE_STYLE('',(#7385));
#3720=EDGE_LOOP('',(#7386,#7387,#7388));
#3721=AXIS2_PLACEMENT_3D('',#7389,#7390,#7391);
#3722=SURFACE_SIDE_STYLE('',(#7392));
#3723=EDGE_LOOP('',(#7393,#7394,#7395,#7396));
#3724=AXIS2_PLACEMENT_3D('',#7397,#7398,#7399);
#3725=SURFACE_SIDE_STYLE('',(#7400));
#3726=EDGE_LOOP('',(#7401,#7402,#7403,#7404));
#3727=AXIS2_PLACEMENT_3D('',#7405,#7406,#7407);
#3728=SURFACE_SIDE_STYLE('',(#7408));
#3729=EDGE_LOOP('',(#7409,#7410,#7411));
#3730=AXIS2_PLACEMENT_3D('',#7412,#7413,#7414);
#3731=SURFACE_SIDE_STYLE('',(#7415));
#3732=EDGE_LOOP('',(#7416,#7417,#7418,#7419));
#3733=AXIS2_PLACEMENT_3D('',#7420,#7421,#7422);
#3734=SURFACE_SIDE_STYLE('',(#7423));
#3735=EDGE_LOOP('',(#7424,#7425,#7426));
#3736=AXIS2_PLACEMENT_3D('',#7427,#7428,#7429);
#3737=SURFACE_SIDE_STYLE('',(#7430));
#3738=EDGE_LOOP('',(#7431,#7432,#7433,#7434));
#3739=AXIS2_PLACEMENT_3D('',#7435,#7436,#7437);
#3740=SURFACE_SIDE_STYLE('',(#7438));
#3741=EDGE_LOOP('',(#7439,#7440,#7441,#7442));
#3742=AXIS2_PLACEMENT_3D('',#7443,#7444,#7445);
#3743=SURFACE_SIDE_STYLE('',(#7446));
#3744=EDGE_LOOP('',(#7447,#7448,#7449,#7450));
#3745=AXIS2_PLACEMENT_3D('',#7451,#7452,#7453);
#3746=SURFACE_SIDE_STYLE('',(#7454));
#3747=EDGE_LOOP('',(#7455,#7456,#7457,#7458));
#3748=AXIS2_PLACEMENT_3D('',#7459,#7460,#7461);
#3749=SURFACE_SIDE_STYLE('',(#7462));
#3750=EDGE_LOOP('',(#7463,#7464,#7465,#7466));
#3751=AXIS2_PLACEMENT_3D('',#7467,#7468,#7469);
#3752=SURFACE_SIDE_STYLE('',(#7470));
#3753=EDGE_LOOP('',(#7471,#7472,#7473,#7474));
#3754=AXIS2_PLACEMENT_3D('',#7475,#7476,#7477);
#3755=SURFACE_SIDE_STYLE('',(#7478));
#3756=EDGE_LOOP('',(#7479,#7480,#7481,#7482));
#3757=AXIS2_PLACEMENT_3D('',#7483,#7484,#7485);
#3758=SURFACE_SIDE_STYLE('',(#7486));
#3759=EDGE_LOOP('',(#7487,#7488,#7489,#7490));
#3760=AXIS2_PLACEMENT_3D('',#7491,#7492,#7493);
#3761=SURFACE_SIDE_STYLE('',(#7494));
#3762=EDGE_LOOP('',(#7495,#7496,#7497,#7498));
#3763=AXIS2_PLACEMENT_3D('',#7499,#7500,#7501);
#3764=SURFACE_SIDE_STYLE('',(#7502));
#3765=EDGE_LOOP('',(#7503,#7504,#7505,#7506));
#3766=AXIS2_PLACEMENT_3D('',#7507,#7508,#7509);
#3767=SURFACE_SIDE_STYLE('',(#7510));
#3768=EDGE_LOOP('',(#7511,#7512,#7513,#7514));
#3769=AXIS2_PLACEMENT_3D('',#7515,#7516,#7517);
#3770=SURFACE_SIDE_STYLE('',(#7518));
#3771=EDGE_LOOP('',(#7519,#7520,#7521,#7522));
#3772=AXIS2_PLACEMENT_3D('',#7523,#7524,#7525);
#3773=SURFACE_SIDE_STYLE('',(#7526));
#3774=EDGE_LOOP('',(#7527,#7528,#7529,#7530,#7531,#7532,#7533,#7534,#7535,#7536,#7537,#7538,#7539,#7540,#7541,#7542,#7543,#7544,#7545,#7546));
#3775=AXIS2_PLACEMENT_3D('',#7547,#7548,#7549);
#3776=SURFACE_SIDE_STYLE('',(#7550));
#3777=EDGE_LOOP('',(#7551,#7552,#7553,#7554,#7555,#7556,#7557,#7558,#7559,#7560,#7561,#7562,#7563,#7564,#7565,#7566,#7567,#7568,#7569,#7570));
#3778=AXIS2_PLACEMENT_3D('',#7571,#7572,#7573);
#3779=SURFACE_SIDE_STYLE('',(#7574));
#3780=EDGE_LOOP('',(#7575,#7576,#7577,#7578));
#3781=AXIS2_PLACEMENT_3D('',#7579,#7580,#7581);
#3782=SURFACE_SIDE_STYLE('',(#7582));
#3783=EDGE_LOOP('',(#7583,#7584,#7585,#7586));
#3784=AXIS2_PLACEMENT_3D('',#7587,#7588,#7589);
#3785=SURFACE_SIDE_STYLE('',(#7590));
#3786=EDGE_LOOP('',(#7591,#7592,#7593,#7594));
#3787=AXIS2_PLACEMENT_3D('',#7595,#7596,#7597);
#3788=SURFACE_SIDE_STYLE('',(#7598));
#3789=EDGE_LOOP('',(#7599,#7600,#7601,#7602));
#3790=AXIS2_PLACEMENT_3D('',#7603,#7604,#7605);
#3791=SURFACE_SIDE_STYLE('',(#7606));
#3792=EDGE_LOOP('',(#7607,#7608,#7609,#7610));
#3793=AXIS2_PLACEMENT_3D('',#7611,#7612,#7613);
#3794=SURFACE_SIDE_STYLE('',(#7614));
#3795=EDGE_LOOP('',(#7615,#7616,#7617,#7618,#7619,#7620));
#3796=AXIS2_PLACEMENT_3D('',#7621,#7622,#7623);
#3797=SURFACE_SIDE_STYLE('',(#7624));
#3798=EDGE_LOOP('',(#7625,#7626,#7627,#7628));
#3799=AXIS2_PLACEMENT_3D('',#7629,#7630,#7631);
#3800=SURFACE_SIDE_STYLE('',(#7632));
#3801=EDGE_LOOP('',(#7633,#7634,#7635,#7636));
#3802=AXIS2_PLACEMENT_3D('',#7637,#7638,#7639);
#3803=SURFACE_SIDE_STYLE('',(#7640));
#3804=EDGE_LOOP('',(#7641,#7642,#7643,#7644));
#3805=AXIS2_PLACEMENT_3D('',#7645,#7646,#7647);
#3806=SURFACE_SIDE_STYLE('',(#7648));
#3807=EDGE_LOOP('',(#7649,#7650,#7651,#7652,#7653,#7654));
#3808=AXIS2_PLACEMENT_3D('',#7655,#7656,#7657);
#3809=SURFACE_SIDE_STYLE('',(#7658));
#3810=EDGE_LOOP('',(#7659,#7660,#7661,#7662));
#3811=AXIS2_PLACEMENT_3D('',#7663,#7664,#7665);
#3812=SURFACE_SIDE_STYLE('',(#7666));
#3814=SURFACE_STYLE_FILL_AREA(#7667);
#3815=ORIENTED_EDGE('',*,*,#7668,.F.);
#3816=ORIENTED_EDGE('',*,*,#7669,.T.);
#3817=ORIENTED_EDGE('',*,*,#7670,.T.);
#3818=CARTESIAN_POINT('',(-2.5,-11.9,0.575000000000001));
#3819=DIRECTION('',(0.0,-1.0,0.0));
#3820=DIRECTION('',(0.0,0.0,1.0));
#3821=SURFACE_STYLE_FILL_AREA(#7671);
#3822=ORIENTED_EDGE('',*,*,#7672,.F.);
#3823=ORIENTED_EDGE('',*,*,#7673,.F.);
#3824=ORIENTED_EDGE('',*,*,#7674,.T.);
#3825=ORIENTED_EDGE('',*,*,#7675,.T.);
#3826=CARTESIAN_POINT('',(-2.5,-11.9,0.575000000000001));
#3827=DIRECTION('',(0.0,-1.0,0.0));
#3828=DIRECTION('',(0.0,0.0,1.0));
#3829=SURFACE_STYLE_FILL_AREA(#7676);
#3830=ORIENTED_EDGE('',*,*,#7677,.F.);
#3831=ORIENTED_EDGE('',*,*,#7675,.F.);
#3832=ORIENTED_EDGE('',*,*,#7678,.T.);
#3833=CARTESIAN_POINT('',(-2.5,-8.7,0.575000000000001));
#3834=DIRECTION('',(0.0,1.0,0.0));
#3835=DIRECTION('',(0.0,0.0,1.0));
#3836=SURFACE_STYLE_FILL_AREA(#7679);
#3837=ORIENTED_EDGE('',*,*,#7680,.F.);
#3838=ORIENTED_EDGE('',*,*,#7681,.T.);
#3839=ORIENTED_EDGE('',*,*,#7682,.T.);
#3840=CARTESIAN_POINT('',(-2.5,-8.7,0.575000000000002));
#3841=DIRECTION('',(0.0,3.46944695195361E-15,-1.0));
#3842=DIRECTION('',(0.0,1.0,3.46944695195361E-15));
#3843=SURFACE_STYLE_FILL_AREA(#7683);
#3844=ORIENTED_EDGE('',*,*,#7684,.F.);
#3845=ORIENTED_EDGE('',*,*,#7682,.F.);
#3846=ORIENTED_EDGE('',*,*,#7685,.F.);
#3847=ORIENTED_EDGE('',*,*,#7686,.T.);
#3848=CARTESIAN_POINT('',(-2.5,-11.9,0.575000000000001));
#3849=DIRECTION('',(0.0,-1.0,0.0));
#3850=DIRECTION('',(0.0,0.0,1.0));
#3851=SURFACE_STYLE_FILL_AREA(#7687);
#3852=ORIENTED_EDGE('',*,*,#7688,.F.);
#3853=ORIENTED_EDGE('',*,*,#7689,.T.);
#3854=ORIENTED_EDGE('',*,*,#7690,.F.);
#3855=CARTESIAN_POINT('',(-2.5,-11.9,0.575000000000002));
#3856=DIRECTION('',(0.0,-3.46944695195361E-15,-1.0));
#3857=DIRECTION('',(0.0,-1.0,3.46944695195361E-15));
#3858=SURFACE_STYLE_FILL_AREA(#7691);
#3859=ORIENTED_EDGE('',*,*,#7692,.F.);
#3860=ORIENTED_EDGE('',*,*,#7693,.T.);
#3861=ORIENTED_EDGE('',*,*,#7694,.T.);
#3862=CARTESIAN_POINT('',(-1.0842021724855E-16,-11.9,0.575000000000001));
#3863=DIRECTION('',(0.0,-1.0,0.0));
#3864=DIRECTION('',(0.0,0.0,1.0));
#3865=SURFACE_STYLE_FILL_AREA(#7695);
#3866=ORIENTED_EDGE('',*,*,#7696,.F.);
#3867=ORIENTED_EDGE('',*,*,#7697,.F.);
#3868=ORIENTED_EDGE('',*,*,#7698,.T.);
#3869=CARTESIAN_POINT('',(-1.0842021724855E-16,-8.7,0.575000000000001));
#3870=DIRECTION('',(0.0,1.0,0.0));
#3871=DIRECTION('',(0.0,0.0,1.0));
#3872=SURFACE_STYLE_FILL_AREA(#7699);
#3873=ORIENTED_EDGE('',*,*,#7700,.F.);
#3874=ORIENTED_EDGE('',*,*,#7701,.F.);
#3875=ORIENTED_EDGE('',*,*,#7702,.F.);
#3876=ORIENTED_EDGE('',*,*,#7703,.T.);
#3877=CARTESIAN_POINT('',(-1.0842021724855E-16,-11.9,0.575000000000001));
#3878=DIRECTION('',(0.0,-1.0,0.0));
#3879=DIRECTION('',(0.0,0.0,1.0));
#3880=SURFACE_STYLE_FILL_AREA(#7704);
#3881=ORIENTED_EDGE('',*,*,#7705,.F.);
#3882=ORIENTED_EDGE('',*,*,#7706,.T.);
#3883=ORIENTED_EDGE('',*,*,#7701,.T.);
#3884=CARTESIAN_POINT('',(-1.0842021724855E-16,-8.7,0.575000000000002));
#3885=DIRECTION('',(0.0,3.46944695195361E-15,-1.0));
#3886=DIRECTION('',(0.0,1.0,3.46944695195361E-15));
#3887=SURFACE_STYLE_FILL_AREA(#7707);
#3888=ORIENTED_EDGE('',*,*,#7708,.F.);
#3889=ORIENTED_EDGE('',*,*,#7709,.T.);
#3890=ORIENTED_EDGE('',*,*,#7710,.F.);
#3891=CARTESIAN_POINT('',(-1.0842021724855E-16,-11.9,0.575000000000002));
#3892=DIRECTION('',(0.0,-3.46944695195361E-15,-1.0));
#3893=DIRECTION('',(0.0,-1.0,3.46944695195361E-15));
#3894=SURFACE_STYLE_FILL_AREA(#7711);
#3895=ORIENTED_EDGE('',*,*,#7712,.F.);
#3896=ORIENTED_EDGE('',*,*,#7713,.F.);
#3897=ORIENTED_EDGE('',*,*,#7714,.T.);
#3898=ORIENTED_EDGE('',*,*,#7697,.T.);
#3899=CARTESIAN_POINT('',(-1.0842021724855E-16,-11.9,0.575000000000001));
#3900=DIRECTION('',(0.0,-1.0,0.0));
#3901=DIRECTION('',(0.0,0.0,1.0));
#3902=SURFACE_STYLE_FILL_AREA(#7715);
#3903=ORIENTED_EDGE('',*,*,#7716,.F.);
#3904=ORIENTED_EDGE('',*,*,#7717,.F.);
#3905=ORIENTED_EDGE('',*,*,#7718,.F.);
#3906=ORIENTED_EDGE('',*,*,#7719,.T.);
#3907=CARTESIAN_POINT('',(3.401808598757E-15,-1.83376943704188E-15,-27.7407678754955));
#3908=DIRECTION('',(1.11022302462516E-16,-1.54074395550979E-32,-1.0));
#3909=DIRECTION('',(-1.38777878078145E-16,-1.0,3.1278983578679E-48));
#3910=SURFACE_STYLE_FILL_AREA(#7720);
#3911=ORIENTED_EDGE('',*,*,#7721,.F.);
#3912=ORIENTED_EDGE('',*,*,#7722,.T.);
#3913=ORIENTED_EDGE('',*,*,#7723,.F.);
#3914=ORIENTED_EDGE('',*,*,#7724,.F.);
#3915=CARTESIAN_POINT('',(2.81086722862702,0.900000000000007,25.3795043291106));
#3916=DIRECTION('',(6.30808536718839E-15,5.98473721185058E-17,1.0));
#3917=DIRECTION('',(1.0,-2.36553201269565E-15,-6.30808536718839E-15));
#3918=SURFACE_STYLE_FILL_AREA(#7725);
#3919=ORIENTED_EDGE('',*,*,#7726,.F.);
#3920=ORIENTED_EDGE('',*,*,#7727,.T.);
#3921=ORIENTED_EDGE('',*,*,#7728,.F.);
#3922=ORIENTED_EDGE('',*,*,#7729,.F.);
#3923=CARTESIAN_POINT('',(2.81086722862701,-2.49999999999999,25.3795043291106));
#3924=DIRECTION('',(6.30808536718839E-15,5.98473721185058E-17,1.0));
#3925=DIRECTION('',(1.0,-2.36553201269565E-15,-6.30808536718839E-15));
#3926=SURFACE_STYLE_FILL_AREA(#7730);
#3927=ORIENTED_EDGE('',*,*,#7731,.F.);
#3928=ORIENTED_EDGE('',*,*,#7732,.T.);
#3929=ORIENTED_EDGE('',*,*,#7733,.F.);
#3930=CARTESIAN_POINT('',(2.5,-11.9,0.575000000000002));
#3931=DIRECTION('',(0.0,-3.46944695195361E-15,-1.0));
#3932=DIRECTION('',(0.0,-1.0,3.46944695195361E-15));
#3933=SURFACE_STYLE_FILL_AREA(#7734);
#3934=ORIENTED_EDGE('',*,*,#7735,.F.);
#3935=ORIENTED_EDGE('',*,*,#7736,.F.);
#3936=ORIENTED_EDGE('',*,*,#7737,.F.);
#3937=ORIENTED_EDGE('',*,*,#7738,.T.);
#3938=CARTESIAN_POINT('',(2.5,-11.9,0.575000000000001));
#3939=DIRECTION('',(0.0,-1.0,0.0));
#3940=DIRECTION('',(0.0,0.0,1.0));
#3941=SURFACE_STYLE_FILL_AREA(#7739);
#3942=ORIENTED_EDGE('',*,*,#7740,.F.);
#3943=ORIENTED_EDGE('',*,*,#7741,.T.);
#3944=ORIENTED_EDGE('',*,*,#7736,.T.);
#3945=CARTESIAN_POINT('',(2.5,-8.7,0.575000000000002));
#3946=DIRECTION('',(0.0,3.46944695195361E-15,-1.0));
#3947=DIRECTION('',(0.0,1.0,3.46944695195361E-15));
#3948=SURFACE_STYLE_FILL_AREA(#7742);
#3949=ORIENTED_EDGE('',*,*,#7743,.F.);
#3950=ORIENTED_EDGE('',*,*,#7744,.F.);
#3951=ORIENTED_EDGE('',*,*,#7745,.T.);
#3952=CARTESIAN_POINT('',(2.5,-8.7,0.575000000000001));
#3953=DIRECTION('',(0.0,1.0,0.0));
#3954=DIRECTION('',(0.0,0.0,1.0));
#3955=SURFACE_STYLE_FILL_AREA(#7746);
#3956=ORIENTED_EDGE('',*,*,#7747,.F.);
#3957=ORIENTED_EDGE('',*,*,#7748,.F.);
#3958=ORIENTED_EDGE('',*,*,#7749,.T.);
#3959=ORIENTED_EDGE('',*,*,#7744,.T.);
#3960=CARTESIAN_POINT('',(2.5,-11.9,0.575000000000001));
#3961=DIRECTION('',(0.0,-1.0,0.0));
#3962=DIRECTION('',(0.0,0.0,1.0));
#3963=SURFACE_STYLE_FILL_AREA(#7750);
#3964=ORIENTED_EDGE('',*,*,#7751,.F.);
#3965=ORIENTED_EDGE('',*,*,#7752,.T.);
#3966=ORIENTED_EDGE('',*,*,#7753,.T.);
#3967=CARTESIAN_POINT('',(2.5,-11.9,0.575000000000001));
#3968=DIRECTION('',(0.0,-1.0,0.0));
#3969=DIRECTION('',(0.0,0.0,1.0));
#3970=SURFACE_STYLE_FILL_AREA(#7754);
#3971=ORIENTED_EDGE('',*,*,#7755,.F.);
#3972=ORIENTED_EDGE('',*,*,#7756,.T.);
#3973=ORIENTED_EDGE('',*,*,#7757,.F.);
#3974=ORIENTED_EDGE('',*,*,#7758,.F.);
#3975=CARTESIAN_POINT('',(0.0,-2.34187669256869E-17,-0.2));
#3976=DIRECTION('',(2.75551125489187E-33,-7.32569035463179E-17,1.0));
#3977=DIRECTION('',(-2.77555756156289E-17,1.0,7.32569035463179E-17));
#3978=SURFACE_STYLE_FILL_AREA(#7759);
#3979=ORIENTED_EDGE('',*,*,#7760,.T.);
#3980=ORIENTED_EDGE('',*,*,#7761,.T.);
#3981=ORIENTED_EDGE('',*,*,#7757,.T.);
#3982=ORIENTED_EDGE('',*,*,#7762,.F.);
#3983=CARTESIAN_POINT('',(0.0,0.0,0.7));
#3984=DIRECTION('',(2.75551125489187E-33,-7.32569035463179E-17,1.0));
#3985=DIRECTION('',(2.77555756156289E-17,-1.0,-7.32569035463179E-17));
#3986=SURFACE_STYLE_FILL_AREA(#7763);
#3987=ORIENTED_EDGE('',*,*,#7764,.F.);
#3988=ORIENTED_EDGE('',*,*,#7765,.T.);
#3989=ORIENTED_EDGE('',*,*,#7766,.T.);
#3990=ORIENTED_EDGE('',*,*,#7767,.F.);
#3991=CARTESIAN_POINT('',(0.0,8.06646416329215E-17,3.8));
#3992=DIRECTION('',(-7.22223729145213E-34,-2.00457353256915E-50,-1.0));
#3993=DIRECTION('',(2.77555756156289E-17,-1.0,0.0));
#3994=SURFACE_STYLE_FILL_AREA(#7768);
#3995=ORIENTED_EDGE('',*,*,#7769,.F.);
#3996=ORIENTED_EDGE('',*,*,#7770,.T.);
#3997=ORIENTED_EDGE('',*,*,#7771,.T.);
#3998=ORIENTED_EDGE('',*,*,#7772,.F.);
#3999=CARTESIAN_POINT('',(0.0,0.0,0.0));
#4000=DIRECTION('',(0.0,0.0,-1.0));
#4001=DIRECTION('',(1.0,0.0,0.0));
#4002=SURFACE_STYLE_FILL_AREA(#7773);
#4003=ORIENTED_EDGE('',*,*,#7774,.F.);
#4004=ORIENTED_EDGE('',*,*,#7775,.T.);
#4005=ORIENTED_EDGE('',*,*,#7776,.T.);
#4006=ORIENTED_EDGE('',*,*,#7777,.F.);
#4007=CARTESIAN_POINT('',(5.88418203051333E-16,-3.1719107222814E-16,-2.4));
#4008=DIRECTION('',(1.11022302462516E-16,-1.54074395550979E-32,-1.0));
#4009=DIRECTION('',(-1.38777878078145E-16,-1.0,3.64921475084588E-48));
#4010=SURFACE_STYLE_FILL_AREA(#7778);
#4011=ORIENTED_EDGE('',*,*,#7779,.F.);
#4012=ORIENTED_EDGE('',*,*,#7780,.T.);
#4013=ORIENTED_EDGE('',*,*,#7781,.F.);
#4014=ORIENTED_EDGE('',*,*,#7782,.F.);
#4015=CARTESIAN_POINT('',(0.336186352862554,-8.97563716935928,2.34999999999999));
#4016=DIRECTION('',(-0.87880482805254,0.477181385001076,6.71491545787194E-17));
#4017=DIRECTION('',(-0.477181385001076,-0.87880482805254,-8.67361737988404E-16));
#4018=SURFACE_STYLE_FILL_AREA(#7783);
#4019=ORIENTED_EDGE('',*,*,#7784,.T.);
#4020=ORIENTED_EDGE('',*,*,#7785,.T.);
#4021=ORIENTED_EDGE('',*,*,#7786,.F.);
#4022=ORIENTED_EDGE('',*,*,#7787,.F.);
#4023=CARTESIAN_POINT('',(-0.336186352862565,-8.97563716935929,2.35));
#4024=DIRECTION('',(0.878804828052541,0.477181385001075,-4.5362220747155E-16));
#4025=DIRECTION('',(0.477181385001075,-0.878804828052541,0.0));
#4026=SURFACE_STYLE_FILL_AREA(#7788);
#4027=ORIENTED_EDGE('',*,*,#7789,.T.);
#4028=ORIENTED_EDGE('',*,*,#7790,.T.);
#4029=ORIENTED_EDGE('',*,*,#7791,.F.);
#4030=ORIENTED_EDGE('',*,*,#7792,.F.);
#4031=CARTESIAN_POINT('',(-2.80986722862702,-2.5,25.3805043291106));
#4032=DIRECTION('',(-6.30808536718839E-15,5.98473721185175E-17,1.0));
#4033=DIRECTION('',(1.0,0.0,6.30808536718839E-15));
#4034=SURFACE_STYLE_FILL_AREA(#7793);
#4035=ORIENTED_EDGE('',*,*,#7794,.T.);
#4036=ORIENTED_EDGE('',*,*,#7795,.T.);
#4037=ORIENTED_EDGE('',*,*,#7796,.F.);
#4038=ORIENTED_EDGE('',*,*,#7797,.F.);
#4039=CARTESIAN_POINT('',(-2.80986722862702,0.9,25.3805043291106));
#4040=DIRECTION('',(-6.30808536718839E-15,5.9847372118518E-17,1.0));
#4041=DIRECTION('',(1.0,-1.97127667724637E-16,6.30808536718839E-15));
#4042=SURFACE_STYLE_FILL_AREA(#7798);
#4043=ORIENTED_EDGE('',*,*,#7799,.F.);
#4044=ORIENTED_EDGE('',*,*,#7800,.T.);
#4045=ORIENTED_EDGE('',*,*,#7801,.T.);
#4046=ORIENTED_EDGE('',*,*,#7802,.T.);
#4047=ORIENTED_EDGE('',*,*,#7803,.F.);
#4048=CARTESIAN_POINT('',(0.0,0.0,3.6));
#4049=DIRECTION('',(0.0,0.0,1.0));
#4050=DIRECTION('',(-1.0,0.0,0.0));
#4051=SURFACE_STYLE_FILL_AREA(#7804);
#4052=ORIENTED_EDGE('',*,*,#7805,.F.);
#4053=ORIENTED_EDGE('',*,*,#7806,.T.);
#4054=ORIENTED_EDGE('',*,*,#7807,.F.);
#4055=ORIENTED_EDGE('',*,*,#7802,.F.);
#4056=ORIENTED_EDGE('',*,*,#7808,.F.);
#4057=CARTESIAN_POINT('',(-5.77315972805081E-17,3.11206335016288E-17,3.42));
#4058=DIRECTION('',(1.11022302462516E-16,-5.98473721185169E-17,-1.0));
#4059=DIRECTION('',(1.38777878078145E-16,1.0,-5.98473721185169E-17));
#4060=SURFACE_STYLE_FILL_AREA(#7809);
#4061=ORIENTED_EDGE('',*,*,#7810,.T.);
#4062=ORIENTED_EDGE('',*,*,#7811,.T.);
#4063=ORIENTED_EDGE('',*,*,#7812,.F.);
#4064=ORIENTED_EDGE('',*,*,#7813,.F.);
#4065=CARTESIAN_POINT('',(-3.45,-3.75,3.25));
#4066=DIRECTION('',(0.0,-0.0,-1.0));
#4067=DIRECTION('',(1.0,0.0,0.0));
#4068=SURFACE_STYLE_FILL_AREA(#7814);
#4069=ORIENTED_EDGE('',*,*,#7815,.F.);
#4070=ORIENTED_EDGE('',*,*,#7816,.T.);
#4071=ORIENTED_EDGE('',*,*,#7817,.F.);
#4072=ORIENTED_EDGE('',*,*,#7818,.F.);
#4073=CARTESIAN_POINT('',(3.45,-3.75,3.25));
#4074=DIRECTION('',(-0.0,-0.0,-1.0));
#4075=DIRECTION('',(-1.0,0.0,0.0));
#4076=SURFACE_STYLE_FILL_AREA(#7819);
#4077=ORIENTED_EDGE('',*,*,#7820,.T.);
#4078=ORIENTED_EDGE('',*,*,#7821,.F.);
#4079=ORIENTED_EDGE('',*,*,#7822,.F.);
#4080=ORIENTED_EDGE('',*,*,#7823,.F.);
#4081=CARTESIAN_POINT('',(-7.0,6.7,0.35));
#4082=DIRECTION('',(-0.0,0.0,1.0));
#4083=DIRECTION('',(1.0,-0.0,0.0));
#4084=SURFACE_STYLE_FILL_AREA(#7824);
#4085=ORIENTED_EDGE('',*,*,#7825,.F.);
#4086=ORIENTED_EDGE('',*,*,#7826,.F.);
#4087=ORIENTED_EDGE('',*,*,#7827,.T.);
#4088=ORIENTED_EDGE('',*,*,#7828,.F.);
#4089=CARTESIAN_POINT('',(5.075,-0.400000000000001,-0.600000000000002));
#4090=DIRECTION('',(1.0,0.0,0.0));
#4091=DIRECTION('',(0.0,1.0,0.0));
#4092=SURFACE_STYLE_FILL_AREA(#7829);
#4093=ORIENTED_EDGE('',*,*,#7830,.F.);
#4094=ORIENTED_EDGE('',*,*,#7831,.F.);
#4095=ORIENTED_EDGE('',*,*,#7832,.T.);
#4096=ORIENTED_EDGE('',*,*,#7833,.T.);
#4097=CARTESIAN_POINT('',(-7.0,6.7,0.35));
#4098=DIRECTION('',(-0.0,0.0,1.0));
#4099=DIRECTION('',(1.0,-0.0,0.0));
#4100=SURFACE_STYLE_FILL_AREA(#7834);
#4101=ORIENTED_EDGE('',*,*,#7835,.F.);
#4102=ORIENTED_EDGE('',*,*,#7825,.T.);
#4103=ORIENTED_EDGE('',*,*,#7836,.F.);
#4104=ORIENTED_EDGE('',*,*,#7837,.T.);
#4105=CARTESIAN_POINT('',(6.4,-1.2,0.5));
#4106=DIRECTION('',(5.72935663497788E-16,1.0,0.0));
#4107=DIRECTION('',(1.0,-5.72935663497788E-16,0.0));
#4108=SURFACE_STYLE_FILL_AREA(#7838);
#4109=ORIENTED_EDGE('',*,*,#7839,.F.);
#4110=ORIENTED_EDGE('',*,*,#7840,.T.);
#4111=ORIENTED_EDGE('',*,*,#7841,.F.);
#4112=ORIENTED_EDGE('',*,*,#7827,.F.);
#4113=CARTESIAN_POINT('',(6.4,-0.4,0.5));
#4114=DIRECTION('',(-3.61400724161834E-16,-1.0,0.0));
#4115=DIRECTION('',(-1.0,3.61400724161834E-16,0.0));
#4116=SURFACE_STYLE_FILL_AREA(#7842);
#4117=ORIENTED_EDGE('',*,*,#7843,.T.);
#4118=ORIENTED_EDGE('',*,*,#7844,.F.);
#4119=ORIENTED_EDGE('',*,*,#7845,.T.);
#4120=ORIENTED_EDGE('',*,*,#7846,.T.);
#4121=ORIENTED_EDGE('',*,*,#7847,.T.);
#4122=ORIENTED_EDGE('',*,*,#7848,.T.);
#4123=ORIENTED_EDGE('',*,*,#7849,.T.);
#4124=ORIENTED_EDGE('',*,*,#7850,.T.);
#4125=ORIENTED_EDGE('',*,*,#7851,.T.);
#4126=ORIENTED_EDGE('',*,*,#7852,.F.);
#4127=ORIENTED_EDGE('',*,*,#7853,.F.);
#4128=ORIENTED_EDGE('',*,*,#7854,.T.);
#4129=ORIENTED_EDGE('',*,*,#7855,.T.);
#4130=ORIENTED_EDGE('',*,*,#7856,.T.);
#4131=ORIENTED_EDGE('',*,*,#7857,.T.);
#4132=ORIENTED_EDGE('',*,*,#7858,.T.);
#4133=ORIENTED_EDGE('',*,*,#7859,.T.);
#4134=ORIENTED_EDGE('',*,*,#7860,.T.);
#4135=ORIENTED_EDGE('',*,*,#7861,.T.);
#4136=ORIENTED_EDGE('',*,*,#7862,.T.);
#4137=CARTESIAN_POINT('',(3.25,-10.7,0.5));
#4138=DIRECTION('',(-1.0,0.0,0.0));
#4139=DIRECTION('',(0.0,0.0,1.0));
#4140=SURFACE_STYLE_FILL_AREA(#7863);
#4141=ORIENTED_EDGE('',*,*,#7864,.T.);
#4142=ORIENTED_EDGE('',*,*,#7862,.F.);
#4143=ORIENTED_EDGE('',*,*,#7865,.T.);
#4144=ORIENTED_EDGE('',*,*,#7866,.F.);
#4145=CARTESIAN_POINT('',(-7.0,6.7,0.35));
#4146=DIRECTION('',(-0.0,0.0,1.0));
#4147=DIRECTION('',(1.0,-0.0,0.0));
#4148=SURFACE_STYLE_FILL_AREA(#7867);
#4149=ORIENTED_EDGE('',*,*,#7844,.T.);
#4150=ORIENTED_EDGE('',*,*,#7868,.F.);
#4151=ORIENTED_EDGE('',*,*,#7869,.T.);
#4152=ORIENTED_EDGE('',*,*,#7870,.T.);
#4153=CARTESIAN_POINT('',(-7.0,6.7,0.5));
#4154=DIRECTION('',(-0.0,0.0,1.0));
#4155=DIRECTION('',(1.0,-0.0,0.0));
#4156=SURFACE_STYLE_FILL_AREA(#7871);
#4157=ORIENTED_EDGE('',*,*,#7872,.T.);
#4158=ORIENTED_EDGE('',*,*,#7866,.T.);
#4159=ORIENTED_EDGE('',*,*,#7873,.T.);
#4160=ORIENTED_EDGE('',*,*,#7874,.F.);
#4161=ORIENTED_EDGE('',*,*,#7875,.T.);
#4162=ORIENTED_EDGE('',*,*,#7876,.F.);
#4163=ORIENTED_EDGE('',*,*,#7877,.T.);
#4164=ORIENTED_EDGE('',*,*,#7878,.F.);
#4165=ORIENTED_EDGE('',*,*,#7879,.T.);
#4166=ORIENTED_EDGE('',*,*,#7880,.T.);
#4167=ORIENTED_EDGE('',*,*,#7881,.T.);
#4168=ORIENTED_EDGE('',*,*,#7882,.F.);
#4169=ORIENTED_EDGE('',*,*,#7883,.T.);
#4170=ORIENTED_EDGE('',*,*,#7884,.F.);
#4171=ORIENTED_EDGE('',*,*,#7885,.T.);
#4172=ORIENTED_EDGE('',*,*,#7886,.F.);
#4173=ORIENTED_EDGE('',*,*,#7887,.T.);
#4174=ORIENTED_EDGE('',*,*,#7888,.F.);
#4175=ORIENTED_EDGE('',*,*,#7889,.T.);
#4176=ORIENTED_EDGE('',*,*,#7869,.F.);
#4177=CARTESIAN_POINT('',(1.75,-10.7,0.5));
#4178=DIRECTION('',(1.0,4.89639690799905E-16,-0.0));
#4179=DIRECTION('',(-4.89639690799905E-16,1.0,0.0));
#4180=SURFACE_STYLE_FILL_AREA(#7890);
#4181=ORIENTED_EDGE('',*,*,#7857,.F.);
#4182=ORIENTED_EDGE('',*,*,#7891,.F.);
#4183=ORIENTED_EDGE('',*,*,#7877,.F.);
#4184=ORIENTED_EDGE('',*,*,#7892,.F.);
#4185=CARTESIAN_POINT('',(3.25,-7.17522744202504,1.7));
#4186=DIRECTION('',(-1.0,0.0,-0.0));
#4187=DIRECTION('',(0.0,0.0,-1.0));
#4188=SURFACE_STYLE_FILL_AREA(#7893);
#4189=ORIENTED_EDGE('',*,*,#7876,.T.);
#4190=ORIENTED_EDGE('',*,*,#7894,.T.);
#4191=ORIENTED_EDGE('',*,*,#7858,.F.);
#4192=ORIENTED_EDGE('',*,*,#7892,.T.);
#4193=CARTESIAN_POINT('',(3.25,-6.3,1.85));
#4194=DIRECTION('',(-0.0,0.0,1.0));
#4195=DIRECTION('',(1.0,-0.0,0.0));
#4196=SURFACE_STYLE_FILL_AREA(#7895);
#4197=ORIENTED_EDGE('',*,*,#7859,.F.);
#4198=ORIENTED_EDGE('',*,*,#7894,.F.);
#4199=ORIENTED_EDGE('',*,*,#7875,.F.);
#4200=ORIENTED_EDGE('',*,*,#7896,.F.);
#4201=CARTESIAN_POINT('',(3.25,-6.42477255797496,1.7));
#4202=DIRECTION('',(-1.0,0.0,-0.0));
#4203=DIRECTION('',(0.0,0.0,-1.0));
#4204=SURFACE_STYLE_FILL_AREA(#7897);
#4205=ORIENTED_EDGE('',*,*,#7860,.F.);
#4206=ORIENTED_EDGE('',*,*,#7896,.T.);
#4207=ORIENTED_EDGE('',*,*,#7874,.T.);
#4208=ORIENTED_EDGE('',*,*,#7898,.T.);
#4209=CARTESIAN_POINT('',(3.25,-6.3,1.85));
#4210=DIRECTION('',(-0.0,0.98328200498446,0.182089260182308));
#4211=DIRECTION('',(1.0,0.0,0.0));
#4212=SURFACE_STYLE_FILL_AREA(#7899);
#4213=ORIENTED_EDGE('',*,*,#7846,.F.);
#4214=ORIENTED_EDGE('',*,*,#7900,.T.);
#4215=ORIENTED_EDGE('',*,*,#7888,.T.);
#4216=ORIENTED_EDGE('',*,*,#7901,.T.);
#4217=CARTESIAN_POINT('',(3.25,-6.17522744202505,2.0));
#4218=DIRECTION('',(0.0,-0.98328200498446,-0.182089260182309));
#4219=DIRECTION('',(0.0,0.182089260182309,-0.98328200498446));
#4220=SURFACE_STYLE_FILL_AREA(#7902);
#4221=ORIENTED_EDGE('',*,*,#7847,.F.);
#4222=ORIENTED_EDGE('',*,*,#7901,.F.);
#4223=ORIENTED_EDGE('',*,*,#7887,.F.);
#4224=ORIENTED_EDGE('',*,*,#7903,.F.);
#4225=CARTESIAN_POINT('',(3.25,-6.42477255797496,1.7));
#4226=DIRECTION('',(1.0,-0.0,0.0));
#4227=DIRECTION('',(0.0,0.0,1.0));
#4228=SURFACE_STYLE_FILL_AREA(#7904);
#4229=ORIENTED_EDGE('',*,*,#7886,.T.);
#4230=ORIENTED_EDGE('',*,*,#7905,.T.);
#4231=ORIENTED_EDGE('',*,*,#7848,.F.);
#4232=ORIENTED_EDGE('',*,*,#7903,.T.);
#4233=CARTESIAN_POINT('',(3.25,-6.17522744202505,2.0));
#4234=DIRECTION('',(0.0,1.73535498421966E-16,-1.0));
#4235=DIRECTION('',(-1.0,0.0,0.0));
#4236=SURFACE_STYLE_FILL_AREA(#7906);
#4237=ORIENTED_EDGE('',*,*,#7849,.F.);
#4238=ORIENTED_EDGE('',*,*,#7905,.F.);
#4239=ORIENTED_EDGE('',*,*,#7885,.F.);
#4240=ORIENTED_EDGE('',*,*,#7907,.F.);
#4241=CARTESIAN_POINT('',(3.25,-7.17522744202504,1.7));
#4242=DIRECTION('',(1.0,-0.0,0.0));
#4243=DIRECTION('',(0.0,0.0,1.0));
#4244=SURFACE_STYLE_FILL_AREA(#7908);
#4245=ORIENTED_EDGE('',*,*,#7884,.T.);
#4246=ORIENTED_EDGE('',*,*,#7909,.T.);
#4247=ORIENTED_EDGE('',*,*,#7850,.F.);
#4248=ORIENTED_EDGE('',*,*,#7907,.T.);
#4249=CARTESIAN_POINT('',(3.25,-7.42477255797495,2.0));
#4250=DIRECTION('',(0.0,0.98328200498446,-0.182089260182309));
#4251=DIRECTION('',(-1.0,0.0,0.0));
#4252=SURFACE_STYLE_FILL_AREA(#7910);
#4253=ORIENTED_EDGE('',*,*,#7878,.T.);
#4254=ORIENTED_EDGE('',*,*,#7891,.T.);
#4255=ORIENTED_EDGE('',*,*,#7856,.F.);
#4256=ORIENTED_EDGE('',*,*,#7911,.T.);
#4257=CARTESIAN_POINT('',(3.25,-7.3,1.85));
#4258=DIRECTION('',(0.0,-0.98328200498446,0.182089260182308));
#4259=DIRECTION('',(-1.0,0.0,0.0));
#4260=SURFACE_STYLE_FILL_AREA(#7912);
#4261=ORIENTED_EDGE('',*,*,#7845,.F.);
#4262=ORIENTED_EDGE('',*,*,#7870,.F.);
#4263=ORIENTED_EDGE('',*,*,#7889,.F.);
#4264=ORIENTED_EDGE('',*,*,#7900,.F.);
#4265=CARTESIAN_POINT('',(3.25,-5.77267710627231,0.65));
#4266=DIRECTION('',(1.0,-0.0,0.0));
#4267=DIRECTION('',(0.0,0.0,1.0));
#4268=SURFACE_STYLE_FILL_AREA(#7913);
#4269=ORIENTED_EDGE('',*,*,#7851,.F.);
#4270=ORIENTED_EDGE('',*,*,#7909,.F.);
#4271=ORIENTED_EDGE('',*,*,#7883,.F.);
#4272=ORIENTED_EDGE('',*,*,#7914,.F.);
#4273=CARTESIAN_POINT('',(-7.0,-7.82732289372769,0.65));
#4274=DIRECTION('',(1.0,-0.0,0.0));
#4275=DIRECTION('',(0.0,0.0,1.0));
#4276=SURFACE_STYLE_FILL_AREA(#7915);
#4277=ORIENTED_EDGE('',*,*,#7751,.T.);
#4278=ORIENTED_EDGE('',*,*,#7916,.T.);
#4279=ORIENTED_EDGE('',*,*,#7748,.T.);
#4280=CARTESIAN_POINT('',(2.5,-11.9,0.575000000000001));
#4281=DIRECTION('',(0.0,-1.0,0.0));
#4282=DIRECTION('',(0.0,0.0,1.0));
#4283=SURFACE_STYLE_FILL_AREA(#7917);
#4284=ORIENTED_EDGE('',*,*,#7747,.T.);
#4285=ORIENTED_EDGE('',*,*,#7918,.T.);
#4286=ORIENTED_EDGE('',*,*,#7919,.F.);
#4287=ORIENTED_EDGE('',*,*,#7752,.F.);
#4288=CARTESIAN_POINT('',(2.5,-11.9,0.575000000000001));
#4289=DIRECTION('',(0.0,-1.0,0.0));
#4290=DIRECTION('',(0.0,0.0,1.0));
#4291=SURFACE_STYLE_FILL_AREA(#7920);
#4292=ORIENTED_EDGE('',*,*,#7743,.T.);
#4293=ORIENTED_EDGE('',*,*,#7921,.T.);
#4294=ORIENTED_EDGE('',*,*,#7918,.F.);
#4295=CARTESIAN_POINT('',(2.5,-8.7,0.575000000000001));
#4296=DIRECTION('',(0.0,1.0,0.0));
#4297=DIRECTION('',(0.0,0.0,1.0));
#4298=SURFACE_STYLE_FILL_AREA(#7922);
#4299=ORIENTED_EDGE('',*,*,#7861,.F.);
#4300=ORIENTED_EDGE('',*,*,#7898,.F.);
#4301=ORIENTED_EDGE('',*,*,#7873,.F.);
#4302=ORIENTED_EDGE('',*,*,#7865,.F.);
#4303=CARTESIAN_POINT('',(-7.0,-5.77267710627231,0.65));
#4304=DIRECTION('',(1.0,-0.0,0.0));
#4305=DIRECTION('',(0.0,0.0,1.0));
#4306=SURFACE_STYLE_FILL_AREA(#7923);
#4307=ORIENTED_EDGE('',*,*,#7855,.F.);
#4308=ORIENTED_EDGE('',*,*,#7924,.F.);
#4309=ORIENTED_EDGE('',*,*,#7879,.F.);
#4310=ORIENTED_EDGE('',*,*,#7911,.F.);
#4311=CARTESIAN_POINT('',(3.25,-7.82732289372769,0.65));
#4312=DIRECTION('',(1.0,-0.0,0.0));
#4313=DIRECTION('',(0.0,0.0,1.0));
#4314=SURFACE_STYLE_FILL_AREA(#7925);
#4315=ORIENTED_EDGE('',*,*,#7740,.T.);
#4316=ORIENTED_EDGE('',*,*,#7926,.T.);
#4317=ORIENTED_EDGE('',*,*,#7927,.T.);
#4318=CARTESIAN_POINT('',(2.5,-8.7,0.575000000000002));
#4319=DIRECTION('',(0.0,3.46944695195361E-15,-1.0));
#4320=DIRECTION('',(0.0,1.0,3.46944695195361E-15));
#4321=SURFACE_STYLE_FILL_AREA(#7928);
#4322=ORIENTED_EDGE('',*,*,#7735,.T.);
#4323=ORIENTED_EDGE('',*,*,#7733,.T.);
#4324=ORIENTED_EDGE('',*,*,#7929,.T.);
#4325=ORIENTED_EDGE('',*,*,#7926,.F.);
#4326=CARTESIAN_POINT('',(2.5,-11.9,0.575000000000001));
#4327=DIRECTION('',(0.0,-1.0,0.0));
#4328=DIRECTION('',(0.0,0.0,1.0));
#4329=SURFACE_STYLE_FILL_AREA(#7930);
#4330=ORIENTED_EDGE('',*,*,#7731,.T.);
#4331=ORIENTED_EDGE('',*,*,#7738,.F.);
#4332=ORIENTED_EDGE('',*,*,#7931,.T.);
#4333=CARTESIAN_POINT('',(2.5,-11.9,0.575000000000002));
#4334=DIRECTION('',(0.0,-3.46944695195361E-15,-1.0));
#4335=DIRECTION('',(0.0,-1.0,3.46944695195361E-15));
#4336=SURFACE_STYLE_FILL_AREA(#7932);
#4337=ORIENTED_EDGE('',*,*,#7933,.T.);
#4338=ORIENTED_EDGE('',*,*,#7934,.T.);
#4339=ORIENTED_EDGE('',*,*,#7935,.T.);
#4340=ORIENTED_EDGE('',*,*,#7881,.F.);
#4341=CARTESIAN_POINT('',(1.75,-8.8,0.349));
#4342=DIRECTION('',(0.0,1.0,0.0));
#4343=DIRECTION('',(1.0,0.0,-0.0));
#4344=SURFACE_STYLE_FILL_AREA(#7936);
#4345=ORIENTED_EDGE('',*,*,#7937,.T.);
#4346=ORIENTED_EDGE('',*,*,#7853,.T.);
#4347=ORIENTED_EDGE('',*,*,#7938,.T.);
#4348=ORIENTED_EDGE('',*,*,#7939,.F.);
#4349=CARTESIAN_POINT('',(2.9,-8.8,0.349));
#4350=DIRECTION('',(0.0,1.0,0.0));
#4351=DIRECTION('',(1.0,0.0,-0.0));
#4352=SURFACE_STYLE_FILL_AREA(#7940);
#4353=ORIENTED_EDGE('',*,*,#7941,.F.);
#4354=ORIENTED_EDGE('',*,*,#7942,.T.);
#4355=ORIENTED_EDGE('',*,*,#7939,.T.);
#4356=ORIENTED_EDGE('',*,*,#7943,.F.);
#4357=CARTESIAN_POINT('',(2.9,-10.7,0.5));
#4358=DIRECTION('',(-1.0,-1.11200222819026E-16,0.0));
#4359=DIRECTION('',(-1.11200222819026E-16,1.0,0.0));
#4360=SURFACE_STYLE_FILL_AREA(#7944);
#4361=ORIENTED_EDGE('',*,*,#7945,.F.);
#4362=ORIENTED_EDGE('',*,*,#7946,.F.);
#4363=ORIENTED_EDGE('',*,*,#7934,.F.);
#4364=ORIENTED_EDGE('',*,*,#7947,.T.);
#4365=CARTESIAN_POINT('',(2.1,-10.7,0.5));
#4366=DIRECTION('',(1.0,3.33600668457078E-16,-0.0));
#4367=DIRECTION('',(-3.33600668457078E-16,1.0,0.0));
#4368=SURFACE_STYLE_FILL_AREA(#7948);
#4369=ORIENTED_EDGE('',*,*,#7949,.F.);
#4370=ORIENTED_EDGE('',*,*,#7950,.F.);
#4371=ORIENTED_EDGE('',*,*,#7951,.F.);
#4372=ORIENTED_EDGE('',*,*,#7947,.F.);
#4373=ORIENTED_EDGE('',*,*,#7933,.F.);
#4374=ORIENTED_EDGE('',*,*,#7880,.F.);
#4375=ORIENTED_EDGE('',*,*,#7924,.T.);
#4376=ORIENTED_EDGE('',*,*,#7854,.F.);
#4377=ORIENTED_EDGE('',*,*,#7937,.F.);
#4378=ORIENTED_EDGE('',*,*,#7942,.F.);
#4379=ORIENTED_EDGE('',*,*,#7931,.F.);
#4380=ORIENTED_EDGE('',*,*,#7737,.T.);
#4381=ORIENTED_EDGE('',*,*,#7741,.F.);
#4382=ORIENTED_EDGE('',*,*,#7927,.F.);
#4383=ORIENTED_EDGE('',*,*,#7929,.F.);
#4384=ORIENTED_EDGE('',*,*,#7732,.F.);
#4385=CARTESIAN_POINT('',(-7.0,6.7,0.35));
#4386=DIRECTION('',(-0.0,0.0,1.0));
#4387=DIRECTION('',(1.0,-0.0,0.0));
#4388=SURFACE_STYLE_FILL_AREA(#7952);
#4389=ORIENTED_EDGE('',*,*,#7953,.T.);
#4390=ORIENTED_EDGE('',*,*,#7954,.T.);
#4391=ORIENTED_EDGE('',*,*,#7943,.T.);
#4392=ORIENTED_EDGE('',*,*,#7938,.F.);
#4393=ORIENTED_EDGE('',*,*,#7852,.T.);
#4394=ORIENTED_EDGE('',*,*,#7914,.T.);
#4395=ORIENTED_EDGE('',*,*,#7882,.T.);
#4396=ORIENTED_EDGE('',*,*,#7935,.F.);
#4397=ORIENTED_EDGE('',*,*,#7946,.T.);
#4398=ORIENTED_EDGE('',*,*,#7955,.T.);
#4399=ORIENTED_EDGE('',*,*,#7745,.F.);
#4400=ORIENTED_EDGE('',*,*,#7749,.F.);
#4401=ORIENTED_EDGE('',*,*,#7916,.F.);
#4402=ORIENTED_EDGE('',*,*,#7753,.F.);
#4403=ORIENTED_EDGE('',*,*,#7919,.T.);
#4404=ORIENTED_EDGE('',*,*,#7921,.F.);
#4405=CARTESIAN_POINT('',(-7.0,6.7,0.5));
#4406=DIRECTION('',(-0.0,0.0,1.0));
#4407=DIRECTION('',(1.0,-0.0,0.0));
#4408=SURFACE_STYLE_FILL_AREA(#7956);
#4409=ORIENTED_EDGE('',*,*,#7949,.T.);
#4410=ORIENTED_EDGE('',*,*,#7941,.T.);
#4411=ORIENTED_EDGE('',*,*,#7954,.F.);
#4412=ORIENTED_EDGE('',*,*,#7957,.F.);
#4413=CARTESIAN_POINT('',(2.71213203435597,-12.412132034356,-0.600000000000002));
#4414=DIRECTION('',(0.707106781186549,-0.707106781186546,0.0));
#4415=DIRECTION('',(0.0,0.0,-1.0));
#4416=SURFACE_STYLE_FILL_AREA(#7958);
#4417=ORIENTED_EDGE('',*,*,#7951,.T.);
#4418=ORIENTED_EDGE('',*,*,#7959,.T.);
#4419=ORIENTED_EDGE('',*,*,#7955,.F.);
#4420=ORIENTED_EDGE('',*,*,#7945,.T.);
#4421=CARTESIAN_POINT('',(2.1,-12.2242640687119,-0.600000000000002));
#4422=DIRECTION('',(-0.707106781186548,-0.707106781186547,0.0));
#4423=DIRECTION('',(-0.707106781186547,0.707106781186548,0.0));
#4424=SURFACE_STYLE_FILL_AREA(#7960);
#4425=ORIENTED_EDGE('',*,*,#7950,.T.);
#4426=ORIENTED_EDGE('',*,*,#7957,.T.);
#4427=ORIENTED_EDGE('',*,*,#7953,.F.);
#4428=ORIENTED_EDGE('',*,*,#7959,.F.);
#4429=CARTESIAN_POINT('',(2.5,-12.2,-0.600000000000002));
#4430=DIRECTION('',(0.0,0.0,-1.0));
#4431=DIRECTION('',(1.0,0.0,0.0));
#4432=SURFACE_STYLE_FILL_AREA(#7961);
#4433=ORIENTED_EDGE('',*,*,#7962,.F.);
#4434=ORIENTED_EDGE('',*,*,#7963,.F.);
#4435=ORIENTED_EDGE('',*,*,#7964,.T.);
#4436=ORIENTED_EDGE('',*,*,#7965,.F.);
#4437=CARTESIAN_POINT('',(-6.4,-1.2,0.5));
#4438=DIRECTION('',(-0.0,1.0,0.0));
#4439=DIRECTION('',(1.0,0.0,0.0));
#4440=SURFACE_STYLE_FILL_AREA(#7966);
#4441=ORIENTED_EDGE('',*,*,#7967,.T.);
#4442=ORIENTED_EDGE('',*,*,#7968,.F.);
#4443=ORIENTED_EDGE('',*,*,#7969,.T.);
#4444=ORIENTED_EDGE('',*,*,#7970,.F.);
#4445=CARTESIAN_POINT('',(-6.4,-0.4,0.5));
#4446=DIRECTION('',(0.0,-1.0,0.0));
#4447=DIRECTION('',(0.0,0.0,-1.0));
#4448=SURFACE_STYLE_FILL_AREA(#7971);
#4449=ORIENTED_EDGE('',*,*,#7972,.F.);
#4450=ORIENTED_EDGE('',*,*,#7973,.F.);
#4451=ORIENTED_EDGE('',*,*,#7974,.T.);
#4452=ORIENTED_EDGE('',*,*,#7975,.T.);
#4453=CARTESIAN_POINT('',(-7.0,6.7,0.35));
#4454=DIRECTION('',(-0.0,0.0,1.0));
#4455=DIRECTION('',(1.0,-0.0,0.0));
#4456=SURFACE_STYLE_FILL_AREA(#7976);
#4457=ORIENTED_EDGE('',*,*,#7965,.T.);
#4458=ORIENTED_EDGE('',*,*,#7977,.F.);
#4459=ORIENTED_EDGE('',*,*,#7970,.T.);
#4460=ORIENTED_EDGE('',*,*,#7978,.T.);
#4461=CARTESIAN_POINT('',(-7.0,6.7,0.5));
#4462=DIRECTION('',(-0.0,0.0,1.0));
#4463=DIRECTION('',(1.0,-0.0,0.0));
#4464=SURFACE_STYLE_FILL_AREA(#7979);
#4465=ORIENTED_EDGE('',*,*,#7980,.F.);
#4466=ORIENTED_EDGE('',*,*,#7962,.T.);
#4467=ORIENTED_EDGE('',*,*,#7978,.F.);
#4468=ORIENTED_EDGE('',*,*,#7969,.F.);
#4469=CARTESIAN_POINT('',(-5.075,-0.400000000000002,-0.600000000000002));
#4470=DIRECTION('',(-1.0,0.0,0.0));
#4471=DIRECTION('',(0.0,0.0,1.0));
#4472=SURFACE_STYLE_FILL_AREA(#7981);
#4473=ORIENTED_EDGE('',*,*,#7982,.T.);
#4474=ORIENTED_EDGE('',*,*,#7983,.F.);
#4475=ORIENTED_EDGE('',*,*,#7984,.F.);
#4476=ORIENTED_EDGE('',*,*,#7985,.F.);
#4477=CARTESIAN_POINT('',(-3.85,-0.330000000000001,3.401));
#4478=DIRECTION('',(0.707106781186547,-0.707106781186548,0.0));
#4479=DIRECTION('',(0.0,0.0,-1.0));
#4480=SURFACE_STYLE_FILL_AREA(#7986);
#4481=ORIENTED_EDGE('',*,*,#7984,.T.);
#4482=ORIENTED_EDGE('',*,*,#7987,.F.);
#4483=ORIENTED_EDGE('',*,*,#7988,.F.);
#4484=ORIENTED_EDGE('',*,*,#7989,.F.);
#4485=CARTESIAN_POINT('',(-3.85,0.0200000000000001,3.401));
#4486=DIRECTION('',(1.0,0.0,0.0));
#4487=DIRECTION('',(0.0,1.0,0.0));
#4488=SURFACE_STYLE_FILL_AREA(#7990);
#4489=ORIENTED_EDGE('',*,*,#7988,.T.);
#4490=ORIENTED_EDGE('',*,*,#7991,.F.);
#4491=ORIENTED_EDGE('',*,*,#7992,.F.);
#4492=ORIENTED_EDGE('',*,*,#7993,.F.);
#4493=ORIENTED_EDGE('',*,*,#7994,.F.);
#4494=CARTESIAN_POINT('',(-4.05,0.22,3.401));
#4495=DIRECTION('',(0.707106781186547,0.707106781186548,0.0));
#4496=DIRECTION('',(0.0,0.0,-1.0));
#4497=SURFACE_STYLE_FILL_AREA(#7995);
#4498=ORIENTED_EDGE('',*,*,#7993,.T.);
#4499=ORIENTED_EDGE('',*,*,#7996,.T.);
#4500=ORIENTED_EDGE('',*,*,#7997,.F.);
#4501=ORIENTED_EDGE('',*,*,#7998,.F.);
#4502=CARTESIAN_POINT('',(5.301387818866,0.22,2.9));
#4503=DIRECTION('',(0.0,-1.0,-9.03501810404587E-17));
#4504=DIRECTION('',(0.0,9.03501810404587E-17,-1.0));
#4505=SURFACE_STYLE_FILL_AREA(#7999);
#4506=ORIENTED_EDGE('',*,*,#7994,.T.);
#4507=ORIENTED_EDGE('',*,*,#7998,.T.);
#4508=ORIENTED_EDGE('',*,*,#8000,.F.);
#4509=ORIENTED_EDGE('',*,*,#8001,.F.);
#4510=CARTESIAN_POINT('',(5.301387818866,0.22,3.2));
#4511=DIRECTION('',(0.0,-0.707106781186548,-0.707106781186547));
#4512=DIRECTION('',(0.0,0.707106781186547,-0.707106781186548));
#4513=SURFACE_STYLE_FILL_AREA(#8002);
#4514=ORIENTED_EDGE('',*,*,#7989,.T.);
#4515=ORIENTED_EDGE('',*,*,#8001,.T.);
#4516=ORIENTED_EDGE('',*,*,#8003,.F.);
#4517=ORIENTED_EDGE('',*,*,#8004,.F.);
#4518=CARTESIAN_POINT('',(5.301387818866,0.02,3.4));
#4519=DIRECTION('',(0.0,0.0,-1.0));
#4520=DIRECTION('',(0.0,-1.0,0.0));
#4521=SURFACE_STYLE_FILL_AREA(#8005);
#4522=ORIENTED_EDGE('',*,*,#7985,.T.);
#4523=ORIENTED_EDGE('',*,*,#8004,.T.);
#4524=ORIENTED_EDGE('',*,*,#8006,.F.);
#4525=ORIENTED_EDGE('',*,*,#8007,.F.);
#4526=CARTESIAN_POINT('',(5.301387818866,-0.33,3.4));
#4527=DIRECTION('',(0.0,0.707106781186548,-0.707106781186547));
#4528=DIRECTION('',(-1.0,0.0,0.0));
#4529=SURFACE_STYLE_FILL_AREA(#8008);
#4530=ORIENTED_EDGE('',*,*,#7982,.F.);
#4531=ORIENTED_EDGE('',*,*,#8007,.T.);
#4532=ORIENTED_EDGE('',*,*,#8009,.F.);
#4533=ORIENTED_EDGE('',*,*,#8010,.F.);
#4534=ORIENTED_EDGE('',*,*,#8011,.F.);
#4535=CARTESIAN_POINT('',(5.301387818866,-0.53,3.2));
#4536=DIRECTION('',(0.0,1.0,0.0));
#4537=DIRECTION('',(1.0,0.0,-0.0));
#4538=SURFACE_STYLE_FILL_AREA(#8012);
#4539=ORIENTED_EDGE('',*,*,#8013,.F.);
#4540=ORIENTED_EDGE('',*,*,#8014,.T.);
#4541=ORIENTED_EDGE('',*,*,#8009,.T.);
#4542=ORIENTED_EDGE('',*,*,#8006,.T.);
#4543=ORIENTED_EDGE('',*,*,#8003,.T.);
#4544=ORIENTED_EDGE('',*,*,#8000,.T.);
#4545=ORIENTED_EDGE('',*,*,#7997,.T.);
#4546=ORIENTED_EDGE('',*,*,#8015,.F.);
#4547=CARTESIAN_POINT('',(-4.4,1.5,0.7));
#4548=DIRECTION('',(1.0,0.0,-0.0));
#4549=DIRECTION('',(-0.0,1.0,0.0));
#4550=SURFACE_STYLE_FILL_AREA(#8016);
#4551=ORIENTED_EDGE('',*,*,#8017,.F.);
#4552=ORIENTED_EDGE('',*,*,#8018,.T.);
#4553=ORIENTED_EDGE('',*,*,#8019,.T.);
#4554=ORIENTED_EDGE('',*,*,#7992,.T.);
#4555=CARTESIAN_POINT('',(-4.05,0.22,3.401));
#4556=DIRECTION('',(1.23813211055443E-16,-1.0,0.0));
#4557=DIRECTION('',(0.0,0.0,-1.0));
#4558=SURFACE_STYLE_FILL_AREA(#8020);
#4559=ORIENTED_EDGE('',*,*,#8021,.T.);
#4560=ORIENTED_EDGE('',*,*,#8022,.T.);
#4561=ORIENTED_EDGE('',*,*,#8017,.T.);
#4562=ORIENTED_EDGE('',*,*,#7991,.T.);
#4563=ORIENTED_EDGE('',*,*,#7987,.T.);
#4564=ORIENTED_EDGE('',*,*,#7983,.T.);
#4565=ORIENTED_EDGE('',*,*,#8011,.T.);
#4566=ORIENTED_EDGE('',*,*,#8023,.T.);
#4567=ORIENTED_EDGE('',*,*,#8024,.T.);
#4568=ORIENTED_EDGE('',*,*,#8025,.T.);
#4569=CARTESIAN_POINT('',(4.40105,-0.53,1.9));
#4570=DIRECTION('',(0.0,0.0,1.0));
#4571=DIRECTION('',(1.0,0.0,0.0));
#4572=SURFACE_STYLE_FILL_AREA(#8026);
#4573=ORIENTED_EDGE('',*,*,#8027,.T.);
#4574=ORIENTED_EDGE('',*,*,#8028,.T.);
#4575=ORIENTED_EDGE('',*,*,#8015,.T.);
#4576=ORIENTED_EDGE('',*,*,#7996,.F.);
#4577=ORIENTED_EDGE('',*,*,#8019,.F.);
#4578=ORIENTED_EDGE('',*,*,#8029,.T.);
#4579=ORIENTED_EDGE('',*,*,#8030,.T.);
#4580=CARTESIAN_POINT('',(-4.4,-3.0,2.9));
#4581=DIRECTION('',(-0.0,0.0,1.0));
#4582=DIRECTION('',(1.0,-0.0,0.0));
#4583=SURFACE_STYLE_FILL_AREA(#8031);
#4584=ORIENTED_EDGE('',*,*,#8032,.T.);
#4585=ORIENTED_EDGE('',*,*,#8033,.T.);
#4586=ORIENTED_EDGE('',*,*,#8034,.F.);
#4587=ORIENTED_EDGE('',*,*,#8035,.F.);
#4588=ORIENTED_EDGE('',*,*,#8036,.T.);
#4589=ORIENTED_EDGE('',*,*,#8037,.T.);
#4590=ORIENTED_EDGE('',*,*,#8038,.T.);
#4591=CARTESIAN_POINT('',(-4.4,-3.0,2.9));
#4592=DIRECTION('',(-0.0,0.0,1.0));
#4593=DIRECTION('',(1.0,-0.0,0.0));
#4594=SURFACE_STYLE_FILL_AREA(#8039);
#4595=ORIENTED_EDGE('',*,*,#8040,.T.);
#4596=ORIENTED_EDGE('',*,*,#8041,.T.);
#4597=ORIENTED_EDGE('',*,*,#8042,.F.);
#4598=ORIENTED_EDGE('',*,*,#8043,.T.);
#4599=ORIENTED_EDGE('',*,*,#8044,.T.);
#4600=ORIENTED_EDGE('',*,*,#8045,.T.);
#4601=ORIENTED_EDGE('',*,*,#8046,.T.);
#4602=ORIENTED_EDGE('',*,*,#8047,.T.);
#4603=ORIENTED_EDGE('',*,*,#8048,.T.);
#4604=ORIENTED_EDGE('',*,*,#8049,.T.);
#4605=CARTESIAN_POINT('',(4.40105,-0.53,1.9));
#4606=DIRECTION('',(0.0,0.0,1.0));
#4607=DIRECTION('',(1.0,0.0,0.0));
#4608=SURFACE_STYLE_FILL_AREA(#8050);
#4609=ORIENTED_EDGE('',*,*,#8051,.T.);
#4610=ORIENTED_EDGE('',*,*,#8043,.F.);
#4611=ORIENTED_EDGE('',*,*,#8052,.T.);
#4612=ORIENTED_EDGE('',*,*,#8053,.T.);
#4613=ORIENTED_EDGE('',*,*,#8054,.T.);
#4614=CARTESIAN_POINT('',(5.301387818866,-0.53,3.2));
#4615=DIRECTION('',(0.0,1.0,0.0));
#4616=DIRECTION('',(1.0,0.0,-0.0));
#4617=SURFACE_STYLE_FILL_AREA(#8055);
#4618=ORIENTED_EDGE('',*,*,#8056,.F.);
#4619=ORIENTED_EDGE('',*,*,#8057,.F.);
#4620=ORIENTED_EDGE('',*,*,#8036,.F.);
#4621=ORIENTED_EDGE('',*,*,#8058,.F.);
#4622=ORIENTED_EDGE('',*,*,#8059,.F.);
#4623=ORIENTED_EDGE('',*,*,#8060,.F.);
#4624=ORIENTED_EDGE('',*,*,#8061,.F.);
#4625=ORIENTED_EDGE('',*,*,#8053,.F.);
#4626=CARTESIAN_POINT('',(4.4,1.5,0.7));
#4627=DIRECTION('',(-1.0,0.0,0.0));
#4628=DIRECTION('',(0.0,0.0,1.0));
#4629=SURFACE_STYLE_FILL_AREA(#8062);
#4630=ORIENTED_EDGE('',*,*,#8034,.T.);
#4631=ORIENTED_EDGE('',*,*,#8063,.T.);
#4632=ORIENTED_EDGE('',*,*,#8047,.F.);
#4633=ORIENTED_EDGE('',*,*,#8064,.F.);
#4634=CARTESIAN_POINT('',(-4.05,0.22,3.401));
#4635=DIRECTION('',(1.23813211055443E-16,-1.0,0.0));
#4636=DIRECTION('',(0.0,0.0,-1.0));
#4637=SURFACE_STYLE_FILL_AREA(#8065);
#4638=ORIENTED_EDGE('',*,*,#8066,.F.);
#4639=ORIENTED_EDGE('',*,*,#8067,.F.);
#4640=ORIENTED_EDGE('',*,*,#8058,.T.);
#4641=ORIENTED_EDGE('',*,*,#8035,.T.);
#4642=CARTESIAN_POINT('',(5.301387818866,0.22,2.9));
#4643=DIRECTION('',(0.0,-1.0,-9.03501810404587E-17));
#4644=DIRECTION('',(0.0,9.03501810404587E-17,-1.0));
#4645=SURFACE_STYLE_FILL_AREA(#8068);
#4646=ORIENTED_EDGE('',*,*,#8069,.T.);
#4647=ORIENTED_EDGE('',*,*,#8070,.F.);
#4648=ORIENTED_EDGE('',*,*,#8059,.T.);
#4649=ORIENTED_EDGE('',*,*,#8067,.T.);
#4650=CARTESIAN_POINT('',(5.301387818866,0.22,3.2));
#4651=DIRECTION('',(0.0,-0.707106781186548,-0.707106781186547));
#4652=DIRECTION('',(0.0,0.707106781186547,-0.707106781186548));
#4653=SURFACE_STYLE_FILL_AREA(#8071);
#4654=ORIENTED_EDGE('',*,*,#8072,.T.);
#4655=ORIENTED_EDGE('',*,*,#8073,.F.);
#4656=ORIENTED_EDGE('',*,*,#8060,.T.);
#4657=ORIENTED_EDGE('',*,*,#8070,.T.);
#4658=CARTESIAN_POINT('',(5.301387818866,0.02,3.4));
#4659=DIRECTION('',(0.0,0.0,-1.0));
#4660=DIRECTION('',(0.0,-1.0,0.0));
#4661=SURFACE_STYLE_FILL_AREA(#8074);
#4662=ORIENTED_EDGE('',*,*,#8075,.T.);
#4663=ORIENTED_EDGE('',*,*,#8054,.F.);
#4664=ORIENTED_EDGE('',*,*,#8061,.T.);
#4665=ORIENTED_EDGE('',*,*,#8073,.T.);
#4666=CARTESIAN_POINT('',(5.301387818866,-0.33,3.4));
#4667=DIRECTION('',(0.0,0.707106781186548,-0.707106781186547));
#4668=DIRECTION('',(-1.0,0.0,0.0));
#4669=SURFACE_STYLE_FILL_AREA(#8076);
#4670=ORIENTED_EDGE('',*,*,#8077,.T.);
#4671=ORIENTED_EDGE('',*,*,#8044,.F.);
#4672=ORIENTED_EDGE('',*,*,#8051,.F.);
#4673=ORIENTED_EDGE('',*,*,#8075,.F.);
#4674=CARTESIAN_POINT('',(4.05,-0.53,3.401));
#4675=DIRECTION('',(-0.707106781186546,-0.707106781186549,0.0));
#4676=DIRECTION('',(-0.707106781186549,0.707106781186546,0.0));
#4677=SURFACE_STYLE_FILL_AREA(#8078);
#4678=ORIENTED_EDGE('',*,*,#8066,.T.);
#4679=ORIENTED_EDGE('',*,*,#8064,.T.);
#4680=ORIENTED_EDGE('',*,*,#8046,.F.);
#4681=ORIENTED_EDGE('',*,*,#8079,.F.);
#4682=ORIENTED_EDGE('',*,*,#8069,.F.);
#4683=CARTESIAN_POINT('',(3.85,0.020000000000001,3.401));
#4684=DIRECTION('',(-0.707106781186546,0.707106781186549,0.0));
#4685=DIRECTION('',(0.0,0.0,1.0));
#4686=SURFACE_STYLE_FILL_AREA(#8080);
#4687=ORIENTED_EDGE('',*,*,#8079,.T.);
#4688=ORIENTED_EDGE('',*,*,#8045,.F.);
#4689=ORIENTED_EDGE('',*,*,#8077,.F.);
#4690=ORIENTED_EDGE('',*,*,#8072,.F.);
#4691=CARTESIAN_POINT('',(3.85,0.020000000000001,3.401));
#4692=DIRECTION('',(-1.0,0.0,0.0));
#4693=DIRECTION('',(0.0,0.0,1.0));
#4694=SURFACE_STYLE_FILL_AREA(#8081);
#4695=ORIENTED_EDGE('',*,*,#7816,.F.);
#4696=ORIENTED_EDGE('',*,*,#8082,.F.);
#4697=ORIENTED_EDGE('',*,*,#7818,.T.);
#4698=ORIENTED_EDGE('',*,*,#8083,.F.);
#4699=CARTESIAN_POINT('',(3.45,-3.75,3.25));
#4700=DIRECTION('',(-0.0,-0.0,-1.0));
#4701=DIRECTION('',(-1.0,0.0,0.0));
#4702=SURFACE_STYLE_FILL_AREA(#8084);
#4703=ORIENTED_EDGE('',*,*,#8082,.T.);
#4704=ORIENTED_EDGE('',*,*,#7815,.T.);
#4705=CARTESIAN_POINT('',(3.45,-3.75,3.25));
#4706=DIRECTION('',(0.0,0.0,1.0));
#4707=DIRECTION('',(1.0,0.0,0.0));
#4708=SURFACE_STYLE_FILL_AREA(#8085);
#4709=ORIENTED_EDGE('',*,*,#7811,.F.);
#4710=ORIENTED_EDGE('',*,*,#8086,.T.);
#4711=ORIENTED_EDGE('',*,*,#7813,.T.);
#4712=ORIENTED_EDGE('',*,*,#8087,.F.);
#4713=CARTESIAN_POINT('',(-3.45,-3.75,3.25));
#4714=DIRECTION('',(0.0,-0.0,-1.0));
#4715=DIRECTION('',(1.0,0.0,0.0));
#4716=SURFACE_STYLE_FILL_AREA(#8088);
#4717=ORIENTED_EDGE('',*,*,#7810,.F.);
#4718=ORIENTED_EDGE('',*,*,#8086,.F.);
#4719=CARTESIAN_POINT('',(-3.45,-3.75,3.25));
#4720=DIRECTION('',(0.0,0.0,1.0));
#4721=DIRECTION('',(1.0,0.0,0.0));
#4722=SURFACE_STYLE_FILL_AREA(#8089);
#4723=ORIENTED_EDGE('',*,*,#8090,.T.);
#4724=ORIENTED_EDGE('',*,*,#8091,.T.);
#4725=ORIENTED_EDGE('',*,*,#8092,.T.);
#4726=ORIENTED_EDGE('',*,*,#8093,.T.);
#4727=CARTESIAN_POINT('',(-4.4,-3.0,2.75));
#4728=DIRECTION('',(-0.0,0.0,1.0));
#4729=DIRECTION('',(1.0,-0.0,0.0));
#4730=SURFACE_STYLE_FILL_AREA(#8094);
#4731=ORIENTED_EDGE('',*,*,#8095,.F.);
#4732=ORIENTED_EDGE('',*,*,#8093,.F.);
#4733=ORIENTED_EDGE('',*,*,#8096,.T.);
#4734=ORIENTED_EDGE('',*,*,#8097,.T.);
#4735=ORIENTED_EDGE('',*,*,#8098,.T.);
#4736=ORIENTED_EDGE('',*,*,#8099,.T.);
#4737=ORIENTED_EDGE('',*,*,#8100,.F.);
#4738=ORIENTED_EDGE('',*,*,#8101,.T.);
#4739=ORIENTED_EDGE('',*,*,#8102,.T.);
#4740=ORIENTED_EDGE('',*,*,#8103,.F.);
#4741=ORIENTED_EDGE('',*,*,#8104,.F.);
#4742=ORIENTED_EDGE('',*,*,#8105,.F.);
#4743=ORIENTED_EDGE('',*,*,#8106,.T.);
#4744=ORIENTED_EDGE('',*,*,#8107,.T.);
#4745=ORIENTED_EDGE('',*,*,#8108,.F.);
#4746=ORIENTED_EDGE('',*,*,#8109,.T.);
#4747=ORIENTED_EDGE('',*,*,#8110,.F.);
#4748=ORIENTED_EDGE('',*,*,#8111,.F.);
#4749=ORIENTED_EDGE('',*,*,#8112,.F.);
#4750=ORIENTED_EDGE('',*,*,#8113,.T.);
#4751=ORIENTED_EDGE('',*,*,#8114,.F.);
#4752=ORIENTED_EDGE('',*,*,#8115,.F.);
#4753=ORIENTED_EDGE('',*,*,#7872,.F.);
#4754=ORIENTED_EDGE('',*,*,#7868,.T.);
#4755=ORIENTED_EDGE('',*,*,#7843,.F.);
#4756=ORIENTED_EDGE('',*,*,#7864,.F.);
#4757=CARTESIAN_POINT('',(-3.9,-4.8,0.7));
#4758=DIRECTION('',(-0.0,1.0,0.0));
#4759=DIRECTION('',(1.0,0.0,0.0));
#4760=SURFACE_STYLE_FILL_AREA(#8116);
#4761=ORIENTED_EDGE('',*,*,#8117,.T.);
#4762=ORIENTED_EDGE('',*,*,#8118,.T.);
#4763=ORIENTED_EDGE('',*,*,#8119,.T.);
#4764=ORIENTED_EDGE('',*,*,#8105,.T.);
#4765=CARTESIAN_POINT('',(-4.4,-3.0,2.75));
#4766=DIRECTION('',(-0.0,0.0,1.0));
#4767=DIRECTION('',(1.0,-0.0,0.0));
#4768=SURFACE_STYLE_FILL_AREA(#8120);
#4769=ORIENTED_EDGE('',*,*,#8121,.F.);
#4770=ORIENTED_EDGE('',*,*,#8122,.T.);
#4771=ORIENTED_EDGE('',*,*,#8123,.F.);
#4772=ORIENTED_EDGE('',*,*,#8124,.F.);
#4773=ORIENTED_EDGE('',*,*,#8125,.F.);
#4774=ORIENTED_EDGE('',*,*,#8126,.F.);
#4775=ORIENTED_EDGE('',*,*,#8127,.F.);
#4776=ORIENTED_EDGE('',*,*,#8128,.F.);
#4777=ORIENTED_EDGE('',*,*,#8129,.F.);
#4778=ORIENTED_EDGE('',*,*,#8130,.T.);
#4779=ORIENTED_EDGE('',*,*,#8131,.F.);
#4780=ORIENTED_EDGE('',*,*,#8132,.T.);
#4781=ORIENTED_EDGE('',*,*,#8133,.F.);
#4782=ORIENTED_EDGE('',*,*,#8134,.T.);
#4783=ORIENTED_EDGE('',*,*,#8135,.T.);
#4784=ORIENTED_EDGE('',*,*,#8136,.T.);
#4785=ORIENTED_EDGE('',*,*,#8137,.T.);
#4786=ORIENTED_EDGE('',*,*,#8138,.T.);
#4787=ORIENTED_EDGE('',*,*,#8139,.F.);
#4788=ORIENTED_EDGE('',*,*,#8140,.T.);
#4789=ORIENTED_EDGE('',*,*,#8141,.F.);
#4790=ORIENTED_EDGE('',*,*,#8142,.T.);
#4791=ORIENTED_EDGE('',*,*,#8143,.F.);
#4792=ORIENTED_EDGE('',*,*,#8144,.F.);
#4793=ORIENTED_EDGE('',*,*,#8145,.F.);
#4794=ORIENTED_EDGE('',*,*,#8099,.F.);
#4795=ORIENTED_EDGE('',*,*,#8146,.F.);
#4796=ORIENTED_EDGE('',*,*,#8147,.F.);
#4797=ORIENTED_EDGE('',*,*,#8148,.F.);
#4798=ORIENTED_EDGE('',*,*,#8149,.T.);
#4799=ORIENTED_EDGE('',*,*,#8150,.F.);
#4800=ORIENTED_EDGE('',*,*,#8151,.F.);
#4801=ORIENTED_EDGE('',*,*,#7789,.F.);
#4802=ORIENTED_EDGE('',*,*,#8152,.F.);
#4803=ORIENTED_EDGE('',*,*,#8153,.T.);
#4804=ORIENTED_EDGE('',*,*,#8154,.F.);
#4805=ORIENTED_EDGE('',*,*,#8155,.T.);
#4806=ORIENTED_EDGE('',*,*,#8156,.T.);
#4807=ORIENTED_EDGE('',*,*,#8157,.T.);
#4808=ORIENTED_EDGE('',*,*,#8158,.T.);
#4809=ORIENTED_EDGE('',*,*,#8159,.T.);
#4810=ORIENTED_EDGE('',*,*,#8160,.F.);
#4811=ORIENTED_EDGE('',*,*,#8161,.T.);
#4812=ORIENTED_EDGE('',*,*,#8162,.F.);
#4813=ORIENTED_EDGE('',*,*,#8163,.F.);
#4814=ORIENTED_EDGE('',*,*,#7794,.F.);
#4815=ORIENTED_EDGE('',*,*,#7760,.F.);
#4816=ORIENTED_EDGE('',*,*,#8164,.F.);
#4817=CARTESIAN_POINT('',(0.0,0.0,0.0));
#4818=DIRECTION('',(-0.0,-0.0,-1.0));
#4819=DIRECTION('',(0.0,-1.0,0.0));
#4820=SURFACE_STYLE_FILL_AREA(#8165);
#4821=ORIENTED_EDGE('',*,*,#8166,.F.);
#4822=ORIENTED_EDGE('',*,*,#8167,.F.);
#4823=ORIENTED_EDGE('',*,*,#8168,.T.);
#4824=ORIENTED_EDGE('',*,*,#8169,.T.);
#4825=ORIENTED_EDGE('',*,*,#8170,.T.);
#4826=ORIENTED_EDGE('',*,*,#8171,.F.);
#4827=CARTESIAN_POINT('',(0.0,0.0,0.7));
#4828=DIRECTION('',(-0.0,-0.0,-1.0));
#4829=DIRECTION('',(0.0,-1.0,0.0));
#4830=SURFACE_STYLE_FILL_AREA(#8172);
#4831=ORIENTED_EDGE('',*,*,#8173,.T.);
#4832=ORIENTED_EDGE('',*,*,#8174,.F.);
#4833=ORIENTED_EDGE('',*,*,#8175,.T.);
#4834=ORIENTED_EDGE('',*,*,#8176,.T.);
#4835=ORIENTED_EDGE('',*,*,#8177,.T.);
#4836=ORIENTED_EDGE('',*,*,#8178,.F.);
#4837=ORIENTED_EDGE('',*,*,#8179,.F.);
#4838=ORIENTED_EDGE('',*,*,#8180,.F.);
#4839=ORIENTED_EDGE('',*,*,#8181,.F.);
#4840=ORIENTED_EDGE('',*,*,#7719,.F.);
#4841=ORIENTED_EDGE('',*,*,#8182,.F.);
#4842=ORIENTED_EDGE('',*,*,#8183,.F.);
#4843=ORIENTED_EDGE('',*,*,#8184,.F.);
#4844=ORIENTED_EDGE('',*,*,#8185,.T.);
#4845=ORIENTED_EDGE('',*,*,#8186,.T.);
#4846=CARTESIAN_POINT('',(-4.4,-3.0,2.9));
#4847=DIRECTION('',(-0.0,0.0,1.0));
#4848=DIRECTION('',(1.0,-0.0,0.0));
#4849=SURFACE_STYLE_FILL_AREA(#8187);
#4850=ORIENTED_EDGE('',*,*,#8188,.T.);
#4851=ORIENTED_EDGE('',*,*,#8129,.T.);
#4852=ORIENTED_EDGE('',*,*,#8189,.F.);
#4853=ORIENTED_EDGE('',*,*,#8186,.F.);
#4854=CARTESIAN_POINT('',(4.4,1.5,0.7));
#4855=DIRECTION('',(-1.0,0.0,0.0));
#4856=DIRECTION('',(0.0,0.0,1.0));
#4857=SURFACE_STYLE_FILL_AREA(#8190);
#4858=ORIENTED_EDGE('',*,*,#8191,.T.);
#4859=ORIENTED_EDGE('',*,*,#8176,.F.);
#4860=ORIENTED_EDGE('',*,*,#8192,.T.);
#4861=ORIENTED_EDGE('',*,*,#8123,.T.);
#4862=CARTESIAN_POINT('',(-4.4,1.5,0.7));
#4863=DIRECTION('',(1.0,0.0,-0.0));
#4864=DIRECTION('',(-0.0,1.0,0.0));
#4865=SURFACE_STYLE_FILL_AREA(#8193);
#4866=ORIENTED_EDGE('',*,*,#8194,.F.);
#4867=ORIENTED_EDGE('',*,*,#8139,.T.);
#4868=ORIENTED_EDGE('',*,*,#8195,.F.);
#4869=ORIENTED_EDGE('',*,*,#8196,.F.);
#4870=CARTESIAN_POINT('',(4.4,1.5,0.7));
#4871=DIRECTION('',(-1.0,0.0,0.0));
#4872=DIRECTION('',(0.0,0.0,1.0));
#4873=SURFACE_STYLE_FILL_AREA(#8197);
#4874=ORIENTED_EDGE('',*,*,#8198,.F.);
#4875=ORIENTED_EDGE('',*,*,#8199,.T.);
#4876=ORIENTED_EDGE('',*,*,#8200,.T.);
#4877=ORIENTED_EDGE('',*,*,#8201,.F.);
#4878=ORIENTED_EDGE('',*,*,#8133,.T.);
#4879=ORIENTED_EDGE('',*,*,#8202,.F.);
#4880=ORIENTED_EDGE('',*,*,#8203,.T.);
#4881=CARTESIAN_POINT('',(4.4,1.5,0.7));
#4882=DIRECTION('',(-1.0,0.0,0.0));
#4883=DIRECTION('',(0.0,0.0,1.0));
#4884=SURFACE_STYLE_FILL_AREA(#8204);
#4885=ORIENTED_EDGE('',*,*,#8205,.T.);
#4886=ORIENTED_EDGE('',*,*,#8206,.T.);
#4887=ORIENTED_EDGE('',*,*,#8207,.T.);
#4888=ORIENTED_EDGE('',*,*,#8208,.F.);
#4889=ORIENTED_EDGE('',*,*,#8209,.T.);
#4890=ORIENTED_EDGE('',*,*,#8199,.F.);
#4891=CARTESIAN_POINT('',(-4.4,-3.0,1.0));
#4892=DIRECTION('',(-0.0,0.0,1.0));
#4893=DIRECTION('',(1.0,-0.0,0.0));
#4894=SURFACE_STYLE_FILL_AREA(#8210);
#4895=ORIENTED_EDGE('',*,*,#8207,.F.);
#4896=ORIENTED_EDGE('',*,*,#8211,.T.);
#4897=ORIENTED_EDGE('',*,*,#8212,.F.);
#4898=ORIENTED_EDGE('',*,*,#8213,.F.);
#4899=CARTESIAN_POINT('',(4.9,-1.8,0.500000000000001));
#4900=DIRECTION('',(9.29268737383862E-17,-0.707106781186547,0.707106781186548));
#4901=DIRECTION('',(-1.0,-1.31418445149758E-16,0.0));
#4902=SURFACE_STYLE_FILL_AREA(#8214);
#4903=ORIENTED_EDGE('',*,*,#8215,.T.);
#4904=ORIENTED_EDGE('',*,*,#8212,.T.);
#4905=ORIENTED_EDGE('',*,*,#8216,.T.);
#4906=ORIENTED_EDGE('',*,*,#8195,.T.);
#4907=ORIENTED_EDGE('',*,*,#8138,.F.);
#4908=ORIENTED_EDGE('',*,*,#8217,.F.);
#4909=ORIENTED_EDGE('',*,*,#8218,.T.);
#4910=CARTESIAN_POINT('',(4.9,-1.8,-6.96400069832394));
#4911=DIRECTION('',(-1.31418445149758E-16,1.0,0.0));
#4912=DIRECTION('',(1.0,1.31418445149758E-16,-0.0));
#4913=SURFACE_STYLE_FILL_AREA(#8219);
#4914=ORIENTED_EDGE('',*,*,#8220,.F.);
#4915=ORIENTED_EDGE('',*,*,#8148,.T.);
#4916=ORIENTED_EDGE('',*,*,#8221,.F.);
#4917=ORIENTED_EDGE('',*,*,#8222,.T.);
#4918=CARTESIAN_POINT('',(-4.4,1.5,0.7));
#4919=DIRECTION('',(1.0,0.0,-0.0));
#4920=DIRECTION('',(-0.0,1.0,0.0));
#4921=SURFACE_STYLE_FILL_AREA(#8223);
#4922=ORIENTED_EDGE('',*,*,#8224,.F.);
#4923=ORIENTED_EDGE('',*,*,#8225,.T.);
#4924=ORIENTED_EDGE('',*,*,#8226,.T.);
#4925=ORIENTED_EDGE('',*,*,#8227,.T.);
#4926=ORIENTED_EDGE('',*,*,#8096,.F.);
#4927=ORIENTED_EDGE('',*,*,#8092,.F.);
#4928=CARTESIAN_POINT('',(-4.4,1.5,0.7));
#4929=DIRECTION('',(1.0,0.0,-0.0));
#4930=DIRECTION('',(-0.0,1.0,0.0));
#4931=SURFACE_STYLE_FILL_AREA(#8228);
#4932=ORIENTED_EDGE('',*,*,#8229,.F.);
#4933=ORIENTED_EDGE('',*,*,#8230,.T.);
#4934=ORIENTED_EDGE('',*,*,#8231,.T.);
#4935=ORIENTED_EDGE('',*,*,#8143,.T.);
#4936=CARTESIAN_POINT('',(4.4,1.5,0.7));
#4937=DIRECTION('',(-1.0,0.0,0.0));
#4938=DIRECTION('',(0.0,0.0,1.0));
#4939=SURFACE_STYLE_FILL_AREA(#8232);
#4940=ORIENTED_EDGE('',*,*,#8147,.T.);
#4941=ORIENTED_EDGE('',*,*,#8233,.F.);
#4942=ORIENTED_EDGE('',*,*,#8234,.T.);
#4943=ORIENTED_EDGE('',*,*,#8235,.T.);
#4944=ORIENTED_EDGE('',*,*,#8236,.F.);
#4945=ORIENTED_EDGE('',*,*,#8221,.T.);
#4946=CARTESIAN_POINT('',(-4.4,-5.0,0.7));
#4947=DIRECTION('',(-0.0,1.0,0.0));
#4948=DIRECTION('',(1.0,0.0,0.0));
#4949=SURFACE_STYLE_FILL_AREA(#8237);
#4950=ORIENTED_EDGE('',*,*,#8097,.F.);
#4951=ORIENTED_EDGE('',*,*,#8227,.F.);
#4952=ORIENTED_EDGE('',*,*,#8238,.T.);
#4953=ORIENTED_EDGE('',*,*,#8239,.T.);
#4954=ORIENTED_EDGE('',*,*,#8234,.F.);
#4955=ORIENTED_EDGE('',*,*,#8240,.F.);
#4956=CARTESIAN_POINT('',(0.0,0.0,1.1));
#4957=DIRECTION('',(-0.0,-0.0,-1.0));
#4958=DIRECTION('',(0.0,-1.0,0.0));
#4959=SURFACE_STYLE_FILL_AREA(#8241);
#4960=ORIENTED_EDGE('',*,*,#8144,.T.);
#4961=ORIENTED_EDGE('',*,*,#8231,.F.);
#4962=ORIENTED_EDGE('',*,*,#8242,.T.);
#4963=ORIENTED_EDGE('',*,*,#8243,.T.);
#4964=ORIENTED_EDGE('',*,*,#8244,.T.);
#4965=ORIENTED_EDGE('',*,*,#8245,.T.);
#4966=CARTESIAN_POINT('',(4.4,-5.0,0.7));
#4967=DIRECTION('',(0.0,1.0,0.0));
#4968=DIRECTION('',(1.0,-0.0,0.0));
#4969=SURFACE_STYLE_FILL_AREA(#8246);
#4970=ORIENTED_EDGE('',*,*,#8101,.F.);
#4971=ORIENTED_EDGE('',*,*,#8247,.F.);
#4972=ORIENTED_EDGE('',*,*,#8244,.F.);
#4973=ORIENTED_EDGE('',*,*,#8248,.T.);
#4974=CARTESIAN_POINT('',(0.0,0.0,1.1));
#4975=DIRECTION('',(-0.0,-0.0,-1.0));
#4976=DIRECTION('',(0.0,-1.0,0.0));
#4977=SURFACE_STYLE_FILL_AREA(#8249);
#4978=ORIENTED_EDGE('',*,*,#8250,.F.);
#4979=ORIENTED_EDGE('',*,*,#8117,.F.);
#4980=ORIENTED_EDGE('',*,*,#8104,.T.);
#4981=ORIENTED_EDGE('',*,*,#8251,.T.);
#4982=CARTESIAN_POINT('',(4.4,1.5,0.7));
#4983=DIRECTION('',(-1.0,0.0,0.0));
#4984=DIRECTION('',(0.0,0.0,1.0));
#4985=SURFACE_STYLE_FILL_AREA(#8252);
#4986=ORIENTED_EDGE('',*,*,#8253,.F.);
#4987=ORIENTED_EDGE('',*,*,#8160,.T.);
#4988=ORIENTED_EDGE('',*,*,#8254,.F.);
#4989=ORIENTED_EDGE('',*,*,#8255,.T.);
#4990=ORIENTED_EDGE('',*,*,#8256,.T.);
#4991=ORIENTED_EDGE('',*,*,#8257,.T.);
#4992=ORIENTED_EDGE('',*,*,#8258,.F.);
#4993=ORIENTED_EDGE('',*,*,#8154,.T.);
#4994=ORIENTED_EDGE('',*,*,#8259,.F.);
#4995=ORIENTED_EDGE('',*,*,#8260,.T.);
#4996=CARTESIAN_POINT('',(-4.4,1.5,0.7));
#4997=DIRECTION('',(1.0,0.0,-0.0));
#4998=DIRECTION('',(-0.0,1.0,0.0));
#4999=SURFACE_STYLE_FILL_AREA(#8261);
#5000=ORIENTED_EDGE('',*,*,#7975,.F.);
#5001=ORIENTED_EDGE('',*,*,#8262,.F.);
#5002=ORIENTED_EDGE('',*,*,#8263,.F.);
#5003=ORIENTED_EDGE('',*,*,#8264,.F.);
#5004=CARTESIAN_POINT('',(-4.9,-0.1,0.35));
#5005=DIRECTION('',(0.0,-1.0,0.0));
#5006=DIRECTION('',(0.0,0.0,-1.0));
#5007=SURFACE_STYLE_FILL_AREA(#8265);
#5008=ORIENTED_EDGE('',*,*,#8264,.T.);
#5009=ORIENTED_EDGE('',*,*,#8266,.F.);
#5010=ORIENTED_EDGE('',*,*,#8267,.F.);
#5011=ORIENTED_EDGE('',*,*,#7822,.T.);
#5012=ORIENTED_EDGE('',*,*,#8268,.F.);
#5013=ORIENTED_EDGE('',*,*,#7972,.T.);
#5014=CARTESIAN_POINT('',(-3.25,-1.5,-0.599999999999999));
#5015=DIRECTION('',(0.7452413135251,0.0,0.666794859469825));
#5016=DIRECTION('',(0.0,-1.0,0.0));
#5017=SURFACE_STYLE_FILL_AREA(#8269);
#5018=ORIENTED_EDGE('',*,*,#8270,.T.);
#5019=ORIENTED_EDGE('',*,*,#7832,.F.);
#5020=ORIENTED_EDGE('',*,*,#8271,.F.);
#5021=ORIENTED_EDGE('',*,*,#8272,.F.);
#5022=ORIENTED_EDGE('',*,*,#8273,.F.);
#5023=ORIENTED_EDGE('',*,*,#8274,.T.);
#5024=CARTESIAN_POINT('',(3.25,-1.5,-0.6));
#5025=DIRECTION('',(-0.7452413135251,0.0,0.666794859469826));
#5026=DIRECTION('',(0.0,1.0,0.0));
#5027=SURFACE_STYLE_FILL_AREA(#8275);
#5028=ORIENTED_EDGE('',*,*,#7833,.F.);
#5029=ORIENTED_EDGE('',*,*,#8270,.F.);
#5030=ORIENTED_EDGE('',*,*,#8276,.F.);
#5031=ORIENTED_EDGE('',*,*,#8277,.F.);
#5032=CARTESIAN_POINT('',(4.9,-0.1,0.35));
#5033=DIRECTION('',(0.0,1.0,0.0));
#5034=DIRECTION('',(1.0,0.0,-0.0));
#5035=SURFACE_STYLE_FILL_AREA(#8278);
#5036=ORIENTED_EDGE('',*,*,#8192,.F.);
#5037=ORIENTED_EDGE('',*,*,#8175,.F.);
#5038=ORIENTED_EDGE('',*,*,#8279,.F.);
#5039=ORIENTED_EDGE('',*,*,#8171,.T.);
#5040=ORIENTED_EDGE('',*,*,#8280,.T.);
#5041=ORIENTED_EDGE('',*,*,#8124,.T.);
#5042=CARTESIAN_POINT('',(4.0,1.5,0.7));
#5043=DIRECTION('',(1.0842021724855E-15,-1.0,0.0));
#5044=DIRECTION('',(0.0,0.0,-1.0));
#5045=SURFACE_STYLE_FILL_AREA(#8281);
#5046=ORIENTED_EDGE('',*,*,#8167,.T.);
#5047=ORIENTED_EDGE('',*,*,#8282,.F.);
#5048=ORIENTED_EDGE('',*,*,#8173,.F.);
#5049=ORIENTED_EDGE('',*,*,#8189,.T.);
#5050=ORIENTED_EDGE('',*,*,#8128,.T.);
#5051=ORIENTED_EDGE('',*,*,#8283,.F.);
#5052=CARTESIAN_POINT('',(4.0,1.5,0.7));
#5053=DIRECTION('',(1.0842021724855E-15,-1.0,0.0));
#5054=DIRECTION('',(0.0,0.0,-1.0));
#5055=SURFACE_STYLE_FILL_AREA(#8284);
#5056=ORIENTED_EDGE('',*,*,#8145,.T.);
#5057=ORIENTED_EDGE('',*,*,#8245,.F.);
#5058=ORIENTED_EDGE('',*,*,#8247,.T.);
#5059=ORIENTED_EDGE('',*,*,#8100,.T.);
#5060=CARTESIAN_POINT('',(3.9,-5.0,0.7));
#5061=DIRECTION('',(1.0,0.0,0.0));
#5062=DIRECTION('',(0.0,1.0,0.0));
#5063=SURFACE_STYLE_FILL_AREA(#8285);
#5064=ORIENTED_EDGE('',*,*,#8146,.T.);
#5065=ORIENTED_EDGE('',*,*,#8098,.F.);
#5066=ORIENTED_EDGE('',*,*,#8240,.T.);
#5067=ORIENTED_EDGE('',*,*,#8233,.T.);
#5068=CARTESIAN_POINT('',(-3.9,-5.0,0.7));
#5069=DIRECTION('',(-1.0,0.0,0.0));
#5070=DIRECTION('',(0.0,0.0,1.0));
#5071=SURFACE_STYLE_FILL_AREA(#8286);
#5072=ORIENTED_EDGE('',*,*,#7837,.F.);
#5073=ORIENTED_EDGE('',*,*,#8287,.T.);
#5074=ORIENTED_EDGE('',*,*,#7840,.F.);
#5075=ORIENTED_EDGE('',*,*,#8288,.F.);
#5076=ORIENTED_EDGE('',*,*,#7830,.T.);
#5077=ORIENTED_EDGE('',*,*,#8277,.T.);
#5078=ORIENTED_EDGE('',*,*,#8289,.T.);
#5079=ORIENTED_EDGE('',*,*,#8290,.T.);
#5080=ORIENTED_EDGE('',*,*,#8291,.T.);
#5081=ORIENTED_EDGE('',*,*,#8208,.T.);
#5082=ORIENTED_EDGE('',*,*,#8213,.T.);
#5083=ORIENTED_EDGE('',*,*,#8215,.F.);
#5084=ORIENTED_EDGE('',*,*,#8292,.T.);
#5085=ORIENTED_EDGE('',*,*,#8293,.F.);
#5086=ORIENTED_EDGE('',*,*,#8294,.T.);
#5087=ORIENTED_EDGE('',*,*,#8295,.F.);
#5088=CARTESIAN_POINT('',(4.9,0.199999999999998,-6.96400069832394));
#5089=DIRECTION('',(-1.0,0.0,0.0));
#5090=DIRECTION('',(0.0,0.0,1.0));
#5091=SURFACE_STYLE_FILL_AREA(#8296);
#5092=ORIENTED_EDGE('',*,*,#8137,.F.);
#5093=ORIENTED_EDGE('',*,*,#8297,.F.);
#5094=ORIENTED_EDGE('',*,*,#8298,.T.);
#5095=ORIENTED_EDGE('',*,*,#8217,.T.);
#5096=CARTESIAN_POINT('',(3.25,-1.8,-6.96400069832394));
#5097=DIRECTION('',(0.707106781186548,0.707106781186547,0.0));
#5098=DIRECTION('',(0.0,0.0,-1.0));
#5099=SURFACE_STYLE_FILL_AREA(#8299);
#5100=ORIENTED_EDGE('',*,*,#8300,.F.);
#5101=ORIENTED_EDGE('',*,*,#8292,.F.);
#5102=ORIENTED_EDGE('',*,*,#8218,.F.);
#5103=ORIENTED_EDGE('',*,*,#8298,.F.);
#5104=ORIENTED_EDGE('',*,*,#8301,.F.);
#5105=ORIENTED_EDGE('',*,*,#8302,.F.);
#5106=ORIENTED_EDGE('',*,*,#8303,.F.);
#5107=ORIENTED_EDGE('',*,*,#8289,.F.);
#5108=ORIENTED_EDGE('',*,*,#8276,.T.);
#5109=ORIENTED_EDGE('',*,*,#8274,.F.);
#5110=CARTESIAN_POINT('',(-4.4,-3.0,-0.6));
#5111=DIRECTION('',(-0.0,0.0,1.0));
#5112=DIRECTION('',(1.0,-0.0,0.0));
#5113=SURFACE_STYLE_FILL_AREA(#8304);
#5114=ORIENTED_EDGE('',*,*,#8200,.F.);
#5115=ORIENTED_EDGE('',*,*,#8209,.F.);
#5116=ORIENTED_EDGE('',*,*,#8291,.F.);
#5117=ORIENTED_EDGE('',*,*,#8305,.F.);
#5118=CARTESIAN_POINT('',(3.25,0.199999999999999,0.500000000000001));
#5119=DIRECTION('',(2.78780621215158E-16,0.707106781186546,0.70710678118655));
#5120=DIRECTION('',(1.0,-3.94255335449274E-16,0.0));
#5121=SURFACE_STYLE_FILL_AREA(#8306);
#5122=ORIENTED_EDGE('',*,*,#8201,.T.);
#5123=ORIENTED_EDGE('',*,*,#8305,.T.);
#5124=ORIENTED_EDGE('',*,*,#8290,.F.);
#5125=ORIENTED_EDGE('',*,*,#8303,.T.);
#5126=ORIENTED_EDGE('',*,*,#8307,.T.);
#5127=ORIENTED_EDGE('',*,*,#8134,.F.);
#5128=CARTESIAN_POINT('',(3.25,0.199999999999999,-6.96400069832394));
#5129=DIRECTION('',(-3.94255335449274E-16,-1.0,0.0));
#5130=DIRECTION('',(-1.0,3.94255335449274E-16,0.0));
#5131=SURFACE_STYLE_FILL_AREA(#8308);
#5132=ORIENTED_EDGE('',*,*,#8309,.T.);
#5133=ORIENTED_EDGE('',*,*,#8310,.T.);
#5134=ORIENTED_EDGE('',*,*,#8254,.T.);
#5135=ORIENTED_EDGE('',*,*,#8159,.F.);
#5136=ORIENTED_EDGE('',*,*,#8311,.F.);
#5137=ORIENTED_EDGE('',*,*,#8312,.T.);
#5138=CARTESIAN_POINT('',(-4.9,0.199999999999997,-6.96400069832394));
#5139=DIRECTION('',(1.6591578700157E-15,-1.0,0.0));
#5140=DIRECTION('',(0.0,0.0,-1.0));
#5141=SURFACE_STYLE_FILL_AREA(#8313);
#5142=ORIENTED_EDGE('',*,*,#8314,.F.);
#5143=ORIENTED_EDGE('',*,*,#8315,.F.);
#5144=ORIENTED_EDGE('',*,*,#8255,.F.);
#5145=ORIENTED_EDGE('',*,*,#8310,.F.);
#5146=CARTESIAN_POINT('',(-4.9,0.199999999999997,0.500000000000001));
#5147=DIRECTION('',(-1.17320178094712E-15,0.707106781186545,0.70710678118655));
#5148=DIRECTION('',(1.0,1.6591578700157E-15,0.0));
#5149=SURFACE_STYLE_FILL_AREA(#8316);
#5150=ORIENTED_EDGE('',*,*,#8256,.F.);
#5151=ORIENTED_EDGE('',*,*,#8315,.T.);
#5152=ORIENTED_EDGE('',*,*,#8317,.F.);
#5153=ORIENTED_EDGE('',*,*,#8318,.T.);
#5154=CARTESIAN_POINT('',(-4.4,-3.0,1.0));
#5155=DIRECTION('',(-0.0,0.0,1.0));
#5156=DIRECTION('',(1.0,-0.0,0.0));
#5157=SURFACE_STYLE_FILL_AREA(#8319);
#5158=ORIENTED_EDGE('',*,*,#8257,.F.);
#5159=ORIENTED_EDGE('',*,*,#8318,.F.);
#5160=ORIENTED_EDGE('',*,*,#8320,.F.);
#5161=ORIENTED_EDGE('',*,*,#8321,.F.);
#5162=CARTESIAN_POINT('',(-3.25,-1.8,0.500000000000001));
#5163=DIRECTION('',(-2.78780621215158E-16,-0.707106781186545,0.70710678118655));
#5164=DIRECTION('',(-1.0,3.94255335449274E-16,0.0));
#5165=SURFACE_STYLE_FILL_AREA(#8322);
#5166=ORIENTED_EDGE('',*,*,#8258,.T.);
#5167=ORIENTED_EDGE('',*,*,#8321,.T.);
#5168=ORIENTED_EDGE('',*,*,#8323,.F.);
#5169=ORIENTED_EDGE('',*,*,#8324,.T.);
#5170=ORIENTED_EDGE('',*,*,#8325,.T.);
#5171=ORIENTED_EDGE('',*,*,#8155,.F.);
#5172=CARTESIAN_POINT('',(-3.25,-1.8,-6.96400069832394));
#5173=DIRECTION('',(3.94255335449274E-16,1.0,0.0));
#5174=DIRECTION('',(1.0,-3.94255335449274E-16,0.0));
#5175=SURFACE_STYLE_FILL_AREA(#8326);
#5176=ORIENTED_EDGE('',*,*,#8127,.T.);
#5177=ORIENTED_EDGE('',*,*,#8327,.F.);
#5178=ORIENTED_EDGE('',*,*,#8168,.F.);
#5179=ORIENTED_EDGE('',*,*,#8283,.T.);
#5180=CARTESIAN_POINT('',(2.16,2.88,0.7));
#5181=DIRECTION('',(-0.6,-0.8,0.0));
#5182=DIRECTION('',(-0.8,0.6,0.0));
#5183=SURFACE_STYLE_FILL_AREA(#8328);
#5184=ORIENTED_EDGE('',*,*,#8126,.T.);
#5185=ORIENTED_EDGE('',*,*,#8329,.F.);
#5186=ORIENTED_EDGE('',*,*,#8169,.F.);
#5187=ORIENTED_EDGE('',*,*,#8327,.T.);
#5188=CARTESIAN_POINT('',(0.0,0.0,0.7));
#5189=DIRECTION('',(0.0,0.0,1.0));
#5190=DIRECTION('',(-1.0,0.0,0.0));
#5191=SURFACE_STYLE_FILL_AREA(#8330);
#5192=ORIENTED_EDGE('',*,*,#8125,.T.);
#5193=ORIENTED_EDGE('',*,*,#8280,.F.);
#5194=ORIENTED_EDGE('',*,*,#8170,.F.);
#5195=ORIENTED_EDGE('',*,*,#8329,.T.);
#5196=CARTESIAN_POINT('',(-2.16,2.88,0.7));
#5197=DIRECTION('',(0.6,-0.8,0.0));
#5198=DIRECTION('',(0.0,0.0,-1.0));
#5199=SURFACE_STYLE_FILL_AREA(#8331);
#5200=ORIENTED_EDGE('',*,*,#8135,.F.);
#5201=ORIENTED_EDGE('',*,*,#8307,.F.);
#5202=ORIENTED_EDGE('',*,*,#8302,.T.);
#5203=ORIENTED_EDGE('',*,*,#8332,.T.);
#5204=CARTESIAN_POINT('',(2.85,-0.200000000000002,-6.96400069832394));
#5205=DIRECTION('',(0.707106781186548,-0.707106781186547,0.0));
#5206=DIRECTION('',(0.0,0.0,-1.0));
#5207=SURFACE_STYLE_FILL_AREA(#8333);
#5208=ORIENTED_EDGE('',*,*,#8136,.F.);
#5209=ORIENTED_EDGE('',*,*,#8332,.F.);
#5210=ORIENTED_EDGE('',*,*,#8301,.T.);
#5211=ORIENTED_EDGE('',*,*,#8297,.T.);
#5212=CARTESIAN_POINT('',(2.85,-1.4,-6.96400069832394));
#5213=DIRECTION('',(1.0,-0.0,0.0));
#5214=DIRECTION('',(0.0,1.0,-0.0));
#5215=SURFACE_STYLE_FILL_AREA(#8334);
#5216=ORIENTED_EDGE('',*,*,#8156,.F.);
#5217=ORIENTED_EDGE('',*,*,#8325,.F.);
#5218=ORIENTED_EDGE('',*,*,#8335,.T.);
#5219=ORIENTED_EDGE('',*,*,#8336,.T.);
#5220=CARTESIAN_POINT('',(-2.85,-1.4,-6.96400069832394));
#5221=DIRECTION('',(-0.707106781186548,0.707106781186547,0.0));
#5222=DIRECTION('',(0.0,0.0,1.0));
#5223=SURFACE_STYLE_FILL_AREA(#8337);
#5224=ORIENTED_EDGE('',*,*,#8157,.F.);
#5225=ORIENTED_EDGE('',*,*,#8336,.F.);
#5226=ORIENTED_EDGE('',*,*,#8338,.T.);
#5227=ORIENTED_EDGE('',*,*,#8339,.T.);
#5228=CARTESIAN_POINT('',(-2.85,-0.200000000000001,-6.96400069832394));
#5229=DIRECTION('',(-1.0,0.0,0.0));
#5230=DIRECTION('',(0.0,0.0,1.0));
#5231=SURFACE_STYLE_FILL_AREA(#8340);
#5232=ORIENTED_EDGE('',*,*,#8158,.F.);
#5233=ORIENTED_EDGE('',*,*,#8339,.F.);
#5234=ORIENTED_EDGE('',*,*,#8341,.T.);
#5235=ORIENTED_EDGE('',*,*,#8311,.T.);
#5236=CARTESIAN_POINT('',(-3.25,0.2,-6.96400069832394));
#5237=DIRECTION('',(-0.707106781186549,-0.707106781186546,0.0));
#5238=DIRECTION('',(-0.707106781186546,0.707106781186549,0.0));
#5239=SURFACE_STYLE_FILL_AREA(#8342);
#5240=ORIENTED_EDGE('',*,*,#7967,.F.);
#5241=ORIENTED_EDGE('',*,*,#7977,.T.);
#5242=ORIENTED_EDGE('',*,*,#7964,.F.);
#5243=ORIENTED_EDGE('',*,*,#8343,.F.);
#5244=ORIENTED_EDGE('',*,*,#7820,.F.);
#5245=ORIENTED_EDGE('',*,*,#8344,.F.);
#5246=ORIENTED_EDGE('',*,*,#8345,.T.);
#5247=ORIENTED_EDGE('',*,*,#8323,.T.);
#5248=ORIENTED_EDGE('',*,*,#8320,.T.);
#5249=ORIENTED_EDGE('',*,*,#8317,.T.);
#5250=ORIENTED_EDGE('',*,*,#8314,.T.);
#5251=ORIENTED_EDGE('',*,*,#8309,.F.);
#5252=ORIENTED_EDGE('',*,*,#8346,.T.);
#5253=ORIENTED_EDGE('',*,*,#8262,.T.);
#5254=ORIENTED_EDGE('',*,*,#7974,.F.);
#5255=ORIENTED_EDGE('',*,*,#8347,.F.);
#5256=CARTESIAN_POINT('',(-4.9,-1.8,-6.96400069832394));
#5257=DIRECTION('',(1.0,-0.0,0.0));
#5258=DIRECTION('',(0.0,1.0,-0.0));
#5259=SURFACE_STYLE_FILL_AREA(#8348);
#5260=ORIENTED_EDGE('',*,*,#8345,.F.);
#5261=ORIENTED_EDGE('',*,*,#8349,.F.);
#5262=ORIENTED_EDGE('',*,*,#8266,.T.);
#5263=ORIENTED_EDGE('',*,*,#8263,.T.);
#5264=ORIENTED_EDGE('',*,*,#8346,.F.);
#5265=ORIENTED_EDGE('',*,*,#8312,.F.);
#5266=ORIENTED_EDGE('',*,*,#8341,.F.);
#5267=ORIENTED_EDGE('',*,*,#8338,.F.);
#5268=ORIENTED_EDGE('',*,*,#8335,.F.);
#5269=ORIENTED_EDGE('',*,*,#8324,.F.);
#5270=CARTESIAN_POINT('',(-4.4,-3.0,-0.6));
#5271=DIRECTION('',(-0.0,0.0,1.0));
#5272=DIRECTION('',(1.0,-0.0,0.0));
#5273=SURFACE_STYLE_FILL_AREA(#8350);
#5274=ORIENTED_EDGE('',*,*,#7823,.T.);
#5275=ORIENTED_EDGE('',*,*,#8267,.T.);
#5276=ORIENTED_EDGE('',*,*,#8349,.T.);
#5277=ORIENTED_EDGE('',*,*,#8344,.T.);
#5278=CARTESIAN_POINT('',(-4.9,-1.5,0.35));
#5279=DIRECTION('',(0.0,-1.0,0.0));
#5280=DIRECTION('',(0.0,0.0,-1.0));
#5281=SURFACE_STYLE_FILL_AREA(#8351);
#5282=ORIENTED_EDGE('',*,*,#8352,.T.);
#5283=ORIENTED_EDGE('',*,*,#8293,.T.);
#5284=ORIENTED_EDGE('',*,*,#8300,.T.);
#5285=ORIENTED_EDGE('',*,*,#8273,.T.);
#5286=CARTESIAN_POINT('',(4.9,-1.5,0.35));
#5287=DIRECTION('',(0.0,1.0,0.0));
#5288=DIRECTION('',(1.0,0.0,-0.0));
#5289=SURFACE_STYLE_FILL_AREA(#8353);
#5290=ORIENTED_EDGE('',*,*,#7806,.F.);
#5291=ORIENTED_EDGE('',*,*,#8354,.F.);
#5292=ORIENTED_EDGE('',*,*,#7808,.T.);
#5293=ORIENTED_EDGE('',*,*,#7801,.F.);
#5294=ORIENTED_EDGE('',*,*,#8355,.F.);
#5295=CARTESIAN_POINT('',(-5.77315972805081E-17,3.11206335016288E-17,3.42));
#5296=DIRECTION('',(1.11022302462516E-16,-5.98473721185169E-17,-1.0));
#5297=DIRECTION('',(1.38777878078145E-16,1.0,-5.98473721185169E-17));
#5298=SURFACE_STYLE_FILL_AREA(#8356);
#5299=ORIENTED_EDGE('',*,*,#7800,.F.);
#5300=ORIENTED_EDGE('',*,*,#8357,.F.);
#5301=ORIENTED_EDGE('',*,*,#7803,.T.);
#5302=ORIENTED_EDGE('',*,*,#7807,.T.);
#5303=ORIENTED_EDGE('',*,*,#8355,.T.);
#5304=CARTESIAN_POINT('',(0.0,0.0,3.6));
#5305=DIRECTION('',(0.0,0.0,1.0));
#5306=DIRECTION('',(-1.0,0.0,0.0));
#5307=SURFACE_STYLE_FILL_AREA(#8358);
#5308=ORIENTED_EDGE('',*,*,#8359,.F.);
#5309=ORIENTED_EDGE('',*,*,#8360,.T.);
#5310=ORIENTED_EDGE('',*,*,#8361,.T.);
#5311=ORIENTED_EDGE('',*,*,#8362,.T.);
#5312=ORIENTED_EDGE('',*,*,#8363,.T.);
#5313=ORIENTED_EDGE('',*,*,#8364,.T.);
#5314=ORIENTED_EDGE('',*,*,#8365,.T.);
#5315=ORIENTED_EDGE('',*,*,#8366,.T.);
#5316=ORIENTED_EDGE('',*,*,#8367,.F.);
#5317=ORIENTED_EDGE('',*,*,#8368,.T.);
#5318=ORIENTED_EDGE('',*,*,#8369,.T.);
#5319=ORIENTED_EDGE('',*,*,#8370,.T.);
#5320=ORIENTED_EDGE('',*,*,#8371,.T.);
#5321=ORIENTED_EDGE('',*,*,#7717,.T.);
#5322=ORIENTED_EDGE('',*,*,#8372,.T.);
#5323=ORIENTED_EDGE('',*,*,#8373,.T.);
#5324=ORIENTED_EDGE('',*,*,#8374,.T.);
#5325=ORIENTED_EDGE('',*,*,#8375,.T.);
#5326=ORIENTED_EDGE('',*,*,#8376,.T.);
#5327=ORIENTED_EDGE('',*,*,#8377,.F.);
#5328=ORIENTED_EDGE('',*,*,#8378,.T.);
#5329=ORIENTED_EDGE('',*,*,#8379,.T.);
#5330=ORIENTED_EDGE('',*,*,#8380,.T.);
#5331=ORIENTED_EDGE('',*,*,#8381,.T.);
#5332=ORIENTED_EDGE('',*,*,#8382,.T.);
#5333=ORIENTED_EDGE('',*,*,#8383,.T.);
#5334=ORIENTED_EDGE('',*,*,#8384,.T.);
#5335=ORIENTED_EDGE('',*,*,#8385,.F.);
#5336=ORIENTED_EDGE('',*,*,#8386,.T.);
#5337=ORIENTED_EDGE('',*,*,#8387,.T.);
#5338=ORIENTED_EDGE('',*,*,#8388,.T.);
#5339=ORIENTED_EDGE('',*,*,#8389,.T.);
#5340=ORIENTED_EDGE('',*,*,#8390,.T.);
#5341=ORIENTED_EDGE('',*,*,#8391,.T.);
#5342=ORIENTED_EDGE('',*,*,#8392,.T.);
#5343=ORIENTED_EDGE('',*,*,#7817,.T.);
#5344=ORIENTED_EDGE('',*,*,#8083,.T.);
#5345=ORIENTED_EDGE('',*,*,#7812,.T.);
#5346=ORIENTED_EDGE('',*,*,#8087,.T.);
#5347=ORIENTED_EDGE('',*,*,#8354,.T.);
#5348=ORIENTED_EDGE('',*,*,#7805,.T.);
#5349=CARTESIAN_POINT('',(-1.5,-4.0,3.22));
#5350=DIRECTION('',(0.0,0.0,1.0));
#5351=DIRECTION('',(1.0,0.0,0.0));
#5352=SURFACE_STYLE_FILL_AREA(#8393);
#5353=ORIENTED_EDGE('',*,*,#8394,.F.);
#5354=ORIENTED_EDGE('',*,*,#8395,.T.);
#5355=ORIENTED_EDGE('',*,*,#8121,.T.);
#5356=ORIENTED_EDGE('',*,*,#7797,.T.);
#5357=CARTESIAN_POINT('',(-7.87986722862702,1.45,25.3805043291106));
#5358=DIRECTION('',(4.20376805248778E-16,1.0,-8.32667268468859E-17));
#5359=DIRECTION('',(1.0,-4.20376805248778E-16,0.0));
#5360=SURFACE_STYLE_FILL_AREA(#8396);
#5361=ORIENTED_EDGE('',*,*,#8397,.F.);
#5362=ORIENTED_EDGE('',*,*,#8394,.T.);
#5363=ORIENTED_EDGE('',*,*,#7796,.T.);
#5364=ORIENTED_EDGE('',*,*,#8398,.T.);
#5365=ORIENTED_EDGE('',*,*,#8399,.T.);
#5366=CARTESIAN_POINT('',(-7.87986722862693,-0.949999999999999,-0.320000000000012));
#5367=DIRECTION('',(-3.6025056635719E-15,8.32667268468873E-17,1.0));
#5368=DIRECTION('',(1.0,-0.0,3.6025056635719E-15));
#5369=SURFACE_STYLE_FILL_AREA(#8400);
#5370=ORIENTED_EDGE('',*,*,#8162,.T.);
#5371=ORIENTED_EDGE('',*,*,#8401,.T.);
#5372=ORIENTED_EDGE('',*,*,#8399,.F.);
#5373=ORIENTED_EDGE('',*,*,#8402,.F.);
#5374=CARTESIAN_POINT('',(-2.80986722862702,0.35,25.3805043291106));
#5375=DIRECTION('',(-3.90917595025833E-16,-1.0,8.32667268468859E-17));
#5376=DIRECTION('',(-1.0,3.90917595025833E-16,0.0));
#5377=SURFACE_STYLE_FILL_AREA(#8403);
#5378=ORIENTED_EDGE('',*,*,#7795,.F.);
#5379=ORIENTED_EDGE('',*,*,#8163,.T.);
#5380=ORIENTED_EDGE('',*,*,#8402,.T.);
#5381=ORIENTED_EDGE('',*,*,#8398,.F.);
#5382=CARTESIAN_POINT('',(-2.80986722862702,0.9,25.3805043291106));
#5383=DIRECTION('',(-6.30808536718839E-15,5.9847372118518E-17,1.0));
#5384=DIRECTION('',(1.0,-1.97127667724637E-16,6.30808536718839E-15));
#5385=SURFACE_STYLE_FILL_AREA(#8404);
#5386=ORIENTED_EDGE('',*,*,#8405,.F.);
#5387=ORIENTED_EDGE('',*,*,#8406,.T.);
#5388=ORIENTED_EDGE('',*,*,#8152,.T.);
#5389=ORIENTED_EDGE('',*,*,#7792,.T.);
#5390=CARTESIAN_POINT('',(-5.70986722862702,-1.95,25.3805043291106));
#5391=DIRECTION('',(4.09610735930756E-16,1.0,-8.32667268468859E-17));
#5392=DIRECTION('',(1.0,-4.09610735930756E-16,0.0));
#5393=SURFACE_STYLE_FILL_AREA(#8407);
#5394=ORIENTED_EDGE('',*,*,#8408,.F.);
#5395=ORIENTED_EDGE('',*,*,#8405,.T.);
#5396=ORIENTED_EDGE('',*,*,#7791,.T.);
#5397=ORIENTED_EDGE('',*,*,#8409,.T.);
#5398=ORIENTED_EDGE('',*,*,#8410,.T.);
#5399=CARTESIAN_POINT('',(-7.87986722862693,-0.949999999999999,-0.320000000000012));
#5400=DIRECTION('',(-3.6025056635719E-15,8.32667268468873E-17,1.0));
#5401=DIRECTION('',(1.0,-0.0,3.6025056635719E-15));
#5402=SURFACE_STYLE_FILL_AREA(#8411);
#5403=ORIENTED_EDGE('',*,*,#8150,.T.);
#5404=ORIENTED_EDGE('',*,*,#8412,.T.);
#5405=ORIENTED_EDGE('',*,*,#8410,.F.);
#5406=ORIENTED_EDGE('',*,*,#8413,.F.);
#5407=CARTESIAN_POINT('',(-2.80986722862702,-3.05,25.3805043291106));
#5408=DIRECTION('',(-3.34838172311066E-16,-1.0,8.32667268468861E-17));
#5409=DIRECTION('',(-1.0,3.34838172311066E-16,0.0));
#5410=SURFACE_STYLE_FILL_AREA(#8414);
#5411=ORIENTED_EDGE('',*,*,#7790,.F.);
#5412=ORIENTED_EDGE('',*,*,#8151,.T.);
#5413=ORIENTED_EDGE('',*,*,#8413,.T.);
#5414=ORIENTED_EDGE('',*,*,#8409,.F.);
#5415=CARTESIAN_POINT('',(-2.80986722862702,-2.5,25.3805043291106));
#5416=DIRECTION('',(-6.30808536718839E-15,5.98473721185175E-17,1.0));
#5417=DIRECTION('',(1.0,0.0,6.30808536718839E-15));
#5418=SURFACE_STYLE_FILL_AREA(#8415);
#5419=ORIENTED_EDGE('',*,*,#8416,.F.);
#5420=ORIENTED_EDGE('',*,*,#8397,.T.);
#5421=ORIENTED_EDGE('',*,*,#8417,.F.);
#5422=ORIENTED_EDGE('',*,*,#8418,.F.);
#5423=CARTESIAN_POINT('',(-4.38,-0.292146127168148,0.0499999999999997));
#5424=DIRECTION('',(-1.46513807092636E-16,-1.0,8.32667268468867E-17));
#5425=DIRECTION('',(-1.0,1.46513807092636E-16,0.0));
#5426=SURFACE_STYLE_FILL_AREA(#8419);
#5427=ORIENTED_EDGE('',*,*,#8420,.F.);
#5428=ORIENTED_EDGE('',*,*,#8408,.T.);
#5429=ORIENTED_EDGE('',*,*,#8421,.F.);
#5430=ORIENTED_EDGE('',*,*,#8422,.F.);
#5431=CARTESIAN_POINT('',(-4.38,-3.69214612716815,0.0500000000000001));
#5432=DIRECTION('',(0.0,-1.0,8.32667268468867E-17));
#5433=DIRECTION('',(-1.0,0.0,0.0));
#5434=SURFACE_STYLE_FILL_AREA(#8423);
#5435=ORIENTED_EDGE('',*,*,#8424,.F.);
#5436=ORIENTED_EDGE('',*,*,#8425,.F.);
#5437=ORIENTED_EDGE('',*,*,#7728,.T.);
#5438=ORIENTED_EDGE('',*,*,#8426,.T.);
#5439=CARTESIAN_POINT('',(2.810867228627,-3.04999999999999,25.3795043291106));
#5440=DIRECTION('',(2.05810639708274E-15,1.0,-8.32667268468894E-17));
#5441=DIRECTION('',(1.0,-2.05810639708274E-15,0.0));
#5442=SURFACE_STYLE_FILL_AREA(#8427);
#5443=ORIENTED_EDGE('',*,*,#8428,.F.);
#5444=ORIENTED_EDGE('',*,*,#8426,.F.);
#5445=ORIENTED_EDGE('',*,*,#7727,.F.);
#5446=ORIENTED_EDGE('',*,*,#8429,.F.);
#5447=ORIENTED_EDGE('',*,*,#8430,.F.);
#5448=CARTESIAN_POINT('',(7.88086722862693,1.45,-0.321000000000012));
#5449=DIRECTION('',(3.38046105864687E-15,-1.3089666524902E-16,1.0));
#5450=DIRECTION('',(1.0,0.0,-3.38046105864687E-15));
#5451=SURFACE_STYLE_FILL_AREA(#8431);
#5452=ORIENTED_EDGE('',*,*,#8432,.F.);
#5453=ORIENTED_EDGE('',*,*,#8430,.T.);
#5454=ORIENTED_EDGE('',*,*,#8433,.F.);
#5455=ORIENTED_EDGE('',*,*,#8434,.F.);
#5456=CARTESIAN_POINT('',(5.71086722862701,-1.95,25.3795043291106));
#5457=DIRECTION('',(-1.98333383346305E-15,-1.0,8.32667268468892E-17));
#5458=DIRECTION('',(-1.0,1.98333383346305E-15,0.0));
#5459=SURFACE_STYLE_FILL_AREA(#8435);
#5460=ORIENTED_EDGE('',*,*,#8436,.F.);
#5461=ORIENTED_EDGE('',*,*,#8434,.T.);
#5462=ORIENTED_EDGE('',*,*,#8437,.T.);
#5463=ORIENTED_EDGE('',*,*,#7729,.T.);
#5464=ORIENTED_EDGE('',*,*,#8425,.T.);
#5465=CARTESIAN_POINT('',(8.46086722862691,-8.30000000000001,-0.00100000000001358));
#5466=DIRECTION('',(-3.38046105864687E-15,-8.32667268468825E-17,-1.0));
#5467=DIRECTION('',(-1.0,0.0,3.38046105864687E-15));
#5468=SURFACE_STYLE_FILL_AREA(#8438);
#5469=ORIENTED_EDGE('',*,*,#7726,.T.);
#5470=ORIENTED_EDGE('',*,*,#8437,.F.);
#5471=ORIENTED_EDGE('',*,*,#8433,.T.);
#5472=ORIENTED_EDGE('',*,*,#8429,.T.);
#5473=CARTESIAN_POINT('',(2.81086722862701,-2.49999999999999,25.3795043291106));
#5474=DIRECTION('',(6.30808536718839E-15,5.98473721185058E-17,1.0));
#5475=DIRECTION('',(1.0,-2.36553201269565E-15,-6.30808536718839E-15));
#5476=SURFACE_STYLE_FILL_AREA(#8439);
#5477=ORIENTED_EDGE('',*,*,#8440,.F.);
#5478=ORIENTED_EDGE('',*,*,#8441,.F.);
#5479=ORIENTED_EDGE('',*,*,#7723,.T.);
#5480=ORIENTED_EDGE('',*,*,#8442,.T.);
#5481=CARTESIAN_POINT('',(2.81086722862701,0.350000000000006,25.3795043291106));
#5482=DIRECTION('',(2.00202697436797E-15,1.0,-8.32667268468892E-17));
#5483=DIRECTION('',(1.0,-2.00202697436797E-15,0.0));
#5484=SURFACE_STYLE_FILL_AREA(#8443);
#5485=ORIENTED_EDGE('',*,*,#8444,.F.);
#5486=ORIENTED_EDGE('',*,*,#8442,.F.);
#5487=ORIENTED_EDGE('',*,*,#7722,.F.);
#5488=ORIENTED_EDGE('',*,*,#8445,.F.);
#5489=ORIENTED_EDGE('',*,*,#8446,.F.);
#5490=CARTESIAN_POINT('',(7.88086722862693,1.45,-0.321000000000012));
#5491=DIRECTION('',(3.38046105864687E-15,-1.3089666524902E-16,1.0));
#5492=DIRECTION('',(1.0,0.0,-3.38046105864687E-15));
#5493=SURFACE_STYLE_FILL_AREA(#8447);
#5494=ORIENTED_EDGE('',*,*,#8448,.F.);
#5495=ORIENTED_EDGE('',*,*,#8446,.T.);
#5496=ORIENTED_EDGE('',*,*,#8449,.F.);
#5497=ORIENTED_EDGE('',*,*,#8450,.F.);
#5498=CARTESIAN_POINT('',(7.88086722862701,1.45,25.3795043291106));
#5499=DIRECTION('',(-1.97256776414503E-15,-1.0,8.32667268468892E-17));
#5500=DIRECTION('',(-1.0,1.97256776414503E-15,0.0));
#5501=SURFACE_STYLE_FILL_AREA(#8451);
#5502=ORIENTED_EDGE('',*,*,#8452,.F.);
#5503=ORIENTED_EDGE('',*,*,#8450,.T.);
#5504=ORIENTED_EDGE('',*,*,#8453,.T.);
#5505=ORIENTED_EDGE('',*,*,#7724,.T.);
#5506=ORIENTED_EDGE('',*,*,#8441,.T.);
#5507=CARTESIAN_POINT('',(8.46086722862691,-8.30000000000001,-0.00100000000001358));
#5508=DIRECTION('',(-3.38046105864687E-15,-8.32667268468825E-17,-1.0));
#5509=DIRECTION('',(-1.0,0.0,3.38046105864687E-15));
#5510=SURFACE_STYLE_FILL_AREA(#8454);
#5511=ORIENTED_EDGE('',*,*,#7721,.T.);
#5512=ORIENTED_EDGE('',*,*,#8453,.F.);
#5513=ORIENTED_EDGE('',*,*,#8449,.T.);
#5514=ORIENTED_EDGE('',*,*,#8445,.T.);
#5515=CARTESIAN_POINT('',(2.81086722862702,0.900000000000007,25.3795043291106));
#5516=DIRECTION('',(6.30808536718839E-15,5.98473721185058E-17,1.0));
#5517=DIRECTION('',(1.0,-2.36553201269565E-15,-6.30808536718839E-15));
#5518=SURFACE_STYLE_FILL_AREA(#8455);
#5519=ORIENTED_EDGE('',*,*,#8456,.F.);
#5520=ORIENTED_EDGE('',*,*,#8428,.T.);
#5521=ORIENTED_EDGE('',*,*,#8457,.F.);
#5522=ORIENTED_EDGE('',*,*,#8458,.F.);
#5523=CARTESIAN_POINT('',(4.38,-1.30785387283185,0.0489999999999996));
#5524=DIRECTION('',(1.17211045674109E-15,1.0,-8.32667268468867E-17));
#5525=DIRECTION('',(1.0,-1.17211045674109E-15,0.0));
#5526=SURFACE_STYLE_FILL_AREA(#8459);
#5527=ORIENTED_EDGE('',*,*,#8460,.T.);
#5528=ORIENTED_EDGE('',*,*,#8141,.T.);
#5529=ORIENTED_EDGE('',*,*,#8461,.T.);
#5530=ORIENTED_EDGE('',*,*,#8436,.T.);
#5531=CARTESIAN_POINT('',(4.38,-1.30785387283185,0.0489999999999996));
#5532=DIRECTION('',(0.0,1.0,-8.32667268468867E-17));
#5533=DIRECTION('',(1.0,0.0,0.0));
#5534=SURFACE_STYLE_FILL_AREA(#8462);
#5535=ORIENTED_EDGE('',*,*,#8463,.F.);
#5536=ORIENTED_EDGE('',*,*,#8444,.T.);
#5537=ORIENTED_EDGE('',*,*,#8464,.F.);
#5538=ORIENTED_EDGE('',*,*,#8465,.F.);
#5539=CARTESIAN_POINT('',(4.38,2.09214612716815,0.0489999999999996));
#5540=DIRECTION('',(1.17211045674109E-15,1.0,-8.32667268468867E-17));
#5541=DIRECTION('',(1.0,-1.17211045674109E-15,0.0));
#5542=SURFACE_STYLE_FILL_AREA(#8466);
#5543=ORIENTED_EDGE('',*,*,#8467,.T.);
#5544=ORIENTED_EDGE('',*,*,#8131,.T.);
#5545=ORIENTED_EDGE('',*,*,#8468,.T.);
#5546=ORIENTED_EDGE('',*,*,#8452,.T.);
#5547=CARTESIAN_POINT('',(4.38,2.09214612716815,0.0489999999999996));
#5548=DIRECTION('',(0.0,1.0,-8.32667268468867E-17));
#5549=DIRECTION('',(1.0,0.0,0.0));
#5550=SURFACE_STYLE_FILL_AREA(#8469);
#5551=ORIENTED_EDGE('',*,*,#8470,.F.);
#5552=ORIENTED_EDGE('',*,*,#8471,.F.);
#5553=ORIENTED_EDGE('',*,*,#8472,.F.);
#5554=ORIENTED_EDGE('',*,*,#8473,.F.);
#5555=ORIENTED_EDGE('',*,*,#8474,.F.);
#5556=ORIENTED_EDGE('',*,*,#8475,.F.);
#5557=CARTESIAN_POINT('',(4.42900000000003,24.8962827982912,2.899));
#5558=DIRECTION('',(0.0,1.0,-8.32667268468867E-17));
#5559=DIRECTION('',(1.0,0.0,0.0));
#5560=SURFACE_STYLE_FILL_AREA(#8476);
#5561=ORIENTED_EDGE('',*,*,#8477,.T.);
#5562=ORIENTED_EDGE('',*,*,#8359,.T.);
#5563=ORIENTED_EDGE('',*,*,#8478,.T.);
#5564=ORIENTED_EDGE('',*,*,#8479,.F.);
#5565=CARTESIAN_POINT('',(4.42900000000003,24.8962827982912,2.899));
#5566=DIRECTION('',(0.0,1.0,-8.32667268468867E-17));
#5567=DIRECTION('',(1.0,0.0,0.0));
#5568=SURFACE_STYLE_FILL_AREA(#8480);
#5569=ORIENTED_EDGE('',*,*,#8481,.F.);
#5570=ORIENTED_EDGE('',*,*,#8470,.T.);
#5571=ORIENTED_EDGE('',*,*,#8482,.T.);
#5572=ORIENTED_EDGE('',*,*,#8477,.F.);
#5573=CARTESIAN_POINT('',(4.429,-0.95,2.899));
#5574=DIRECTION('',(-7.36747008912985E-16,1.0,-8.32667268468867E-17));
#5575=DIRECTION('',(1.0,7.36747008912985E-16,0.0));
#5576=SURFACE_STYLE_FILL_AREA(#8483);
#5577=ORIENTED_EDGE('',*,*,#8484,.F.);
#5578=ORIENTED_EDGE('',*,*,#8473,.T.);
#5579=ORIENTED_EDGE('',*,*,#8485,.T.);
#5580=ORIENTED_EDGE('',*,*,#8478,.F.);
#5581=CARTESIAN_POINT('',(4.42899999999999,-5.0,2.899));
#5582=DIRECTION('',(-1.20674780215163E-16,-1.0,8.32667268468867E-17));
#5583=DIRECTION('',(-1.0,1.20674780215163E-16,0.0));
#5584=SURFACE_STYLE_FILL_AREA(#8486);
#5585=ORIENTED_EDGE('',*,*,#8487,.T.);
#5586=ORIENTED_EDGE('',*,*,#8367,.T.);
#5587=ORIENTED_EDGE('',*,*,#8488,.T.);
#5588=ORIENTED_EDGE('',*,*,#8489,.F.);
#5589=CARTESIAN_POINT('',(4.42900000000003,24.8962827982912,2.899));
#5590=DIRECTION('',(0.0,1.0,-8.32667268468867E-17));
#5591=DIRECTION('',(1.0,0.0,0.0));
#5592=SURFACE_STYLE_FILL_AREA(#8490);
#5593=ORIENTED_EDGE('',*,*,#8491,.T.);
#5594=ORIENTED_EDGE('',*,*,#8492,.F.);
#5595=ORIENTED_EDGE('',*,*,#8493,.F.);
#5596=ORIENTED_EDGE('',*,*,#8494,.F.);
#5597=CARTESIAN_POINT('',(-4.751,-8.39983464801731,-21.5593727987596));
#5598=DIRECTION('',(1.11022302462516E-16,0.0,-1.0));
#5599=DIRECTION('',(0.0,-1.0,0.0));
#5600=SURFACE_STYLE_FILL_AREA(#8495);
#5601=ORIENTED_EDGE('',*,*,#8496,.F.);
#5602=ORIENTED_EDGE('',*,*,#8492,.T.);
#5603=ORIENTED_EDGE('',*,*,#8497,.F.);
#5604=CARTESIAN_POINT('',(-4.751,-8.39983464801729,1.34999994531744));
#5605=DIRECTION('',(1.11022302462516E-16,-9.5062846483529E-16,-1.0));
#5606=DIRECTION('',(0.0,-1.0,9.5062846483529E-16));
#5607=SURFACE_STYLE_FILL_AREA(#8498);
#5608=ORIENTED_EDGE('',*,*,#8499,.T.);
#5609=ORIENTED_EDGE('',*,*,#8500,.T.);
#5610=ORIENTED_EDGE('',*,*,#8494,.T.);
#5611=CARTESIAN_POINT('',(-4.751,-8.39983464801729,3.35));
#5612=DIRECTION('',(1.11022302462516E-16,-9.5062846483529E-16,-1.0));
#5613=DIRECTION('',(0.0,-1.0,9.5062846483529E-16));
#5614=SURFACE_STYLE_FILL_AREA(#8501);
#5615=ORIENTED_EDGE('',*,*,#8502,.T.);
#5616=ORIENTED_EDGE('',*,*,#8377,.T.);
#5617=ORIENTED_EDGE('',*,*,#8503,.T.);
#5618=ORIENTED_EDGE('',*,*,#8504,.F.);
#5619=CARTESIAN_POINT('',(-4.429,-30.751534933681,2.899));
#5620=DIRECTION('',(-1.38777878078145E-16,-1.0,0.0));
#5621=DIRECTION('',(0.0,0.0,1.0));
#5622=SURFACE_STYLE_FILL_AREA(#8505);
#5623=ORIENTED_EDGE('',*,*,#8506,.F.);
#5624=ORIENTED_EDGE('',*,*,#8507,.F.);
#5625=ORIENTED_EDGE('',*,*,#8508,.F.);
#5626=ORIENTED_EDGE('',*,*,#8509,.F.);
#5627=ORIENTED_EDGE('',*,*,#8510,.F.);
#5628=CARTESIAN_POINT('',(-4.429,-30.751534933681,2.899));
#5629=DIRECTION('',(-1.38777878078145E-16,-1.0,0.0));
#5630=DIRECTION('',(0.0,0.0,1.0));
#5631=SURFACE_STYLE_FILL_AREA(#8511);
#5632=ORIENTED_EDGE('',*,*,#8512,.T.);
#5633=ORIENTED_EDGE('',*,*,#8385,.T.);
#5634=ORIENTED_EDGE('',*,*,#8513,.T.);
#5635=ORIENTED_EDGE('',*,*,#8514,.F.);
#5636=CARTESIAN_POINT('',(-4.429,-30.751534933681,2.899));
#5637=DIRECTION('',(-1.38777878078145E-16,-1.0,0.0));
#5638=DIRECTION('',(0.0,0.0,1.0));
#5639=SURFACE_STYLE_FILL_AREA(#8515);
#5640=ORIENTED_EDGE('',*,*,#8516,.F.);
#5641=ORIENTED_EDGE('',*,*,#8506,.T.);
#5642=ORIENTED_EDGE('',*,*,#8517,.T.);
#5643=ORIENTED_EDGE('',*,*,#8512,.F.);
#5644=CARTESIAN_POINT('',(-4.429,-5.0,2.899));
#5645=DIRECTION('',(-1.38777878078145E-16,-1.0,3.30769481065291E-17));
#5646=DIRECTION('',(-1.0,1.38777878078145E-16,0.0));
#5647=SURFACE_STYLE_FILL_AREA(#8518);
#5648=ORIENTED_EDGE('',*,*,#8519,.F.);
#5649=ORIENTED_EDGE('',*,*,#8509,.T.);
#5650=ORIENTED_EDGE('',*,*,#8520,.T.);
#5651=ORIENTED_EDGE('',*,*,#8513,.F.);
#5652=CARTESIAN_POINT('',(-4.429,-0.949999999999999,2.899));
#5653=DIRECTION('',(9.78096569343312E-16,1.0,-5.6496302834899E-17));
#5654=DIRECTION('',(1.0,-9.78096569343312E-16,0.0));
#5655=SURFACE_STYLE_FILL_AREA(#8521);
#5656=ORIENTED_EDGE('',*,*,#8369,.F.);
#5657=ORIENTED_EDGE('',*,*,#8522,.F.);
#5658=ORIENTED_EDGE('',*,*,#8184,.T.);
#5659=ORIENTED_EDGE('',*,*,#8523,.T.);
#5660=CARTESIAN_POINT('',(3.401808598757E-15,-1.83376943704188E-15,-27.7407678754955));
#5661=DIRECTION('',(1.11022302462516E-16,-1.54074395550979E-32,-1.0));
#5662=DIRECTION('',(-1.38777878078145E-16,-1.0,3.1278983578679E-48));
#5663=SURFACE_STYLE_FILL_AREA(#8524);
#5664=ORIENTED_EDGE('',*,*,#8370,.F.);
#5665=ORIENTED_EDGE('',*,*,#8523,.F.);
#5666=ORIENTED_EDGE('',*,*,#8183,.T.);
#5667=ORIENTED_EDGE('',*,*,#8525,.T.);
#5668=CARTESIAN_POINT('',(1.6248076809272,3.1,-27.7407678754955));
#5669=DIRECTION('',(9.73365194518572E-16,1.0,-8.32667268468867E-17));
#5670=DIRECTION('',(1.0,-9.73365194518572E-16,0.0));
#5671=SURFACE_STYLE_FILL_AREA(#8526);
#5672=ORIENTED_EDGE('',*,*,#8371,.F.);
#5673=ORIENTED_EDGE('',*,*,#8525,.F.);
#5674=ORIENTED_EDGE('',*,*,#8182,.T.);
#5675=ORIENTED_EDGE('',*,*,#7718,.T.);
#5676=CARTESIAN_POINT('',(2.85767496200545,4.05002309306837,-27.7407678754955));
#5677=DIRECTION('',(1.11022302462516E-16,-2.42713337343373E-32,-1.0));
#5678=DIRECTION('',(-2.18616739123493E-16,-1.0,0.0));
#5679=SURFACE_STYLE_FILL_AREA(#8527);
#5680=ORIENTED_EDGE('',*,*,#7716,.T.);
#5681=ORIENTED_EDGE('',*,*,#8181,.T.);
#5682=ORIENTED_EDGE('',*,*,#8528,.T.);
#5683=ORIENTED_EDGE('',*,*,#8372,.F.);
#5684=CARTESIAN_POINT('',(3.401808598757E-15,-1.83376943704188E-15,-27.7407678754955));
#5685=DIRECTION('',(1.11022302462516E-16,-1.54074395550979E-32,-1.0));
#5686=DIRECTION('',(-1.38777878078145E-16,-1.0,3.1278983578679E-48));
#5687=SURFACE_STYLE_FILL_AREA(#8529);
#5688=ORIENTED_EDGE('',*,*,#8373,.F.);
#5689=ORIENTED_EDGE('',*,*,#8528,.F.);
#5690=ORIENTED_EDGE('',*,*,#8180,.T.);
#5691=ORIENTED_EDGE('',*,*,#8530,.T.);
#5692=CARTESIAN_POINT('',(-2.85767496200544,4.05002309306837,-27.7407678754955));
#5693=DIRECTION('',(1.11022302462516E-16,-2.42713337343373E-32,-1.0));
#5694=DIRECTION('',(-2.18616739123493E-16,-1.0,0.0));
#5695=SURFACE_STYLE_FILL_AREA(#8531);
#5696=ORIENTED_EDGE('',*,*,#8374,.F.);
#5697=ORIENTED_EDGE('',*,*,#8530,.F.);
#5698=ORIENTED_EDGE('',*,*,#8179,.T.);
#5699=ORIENTED_EDGE('',*,*,#8532,.T.);
#5700=CARTESIAN_POINT('',(-1.62480768092719,3.1,-27.7407678754955));
#5701=DIRECTION('',(-7.32015634088245E-16,1.0,-8.32667268468867E-17));
#5702=DIRECTION('',(1.0,7.32015634088245E-16,0.0));
#5703=SURFACE_STYLE_FILL_AREA(#8533);
#5704=ORIENTED_EDGE('',*,*,#8375,.F.);
#5705=ORIENTED_EDGE('',*,*,#8532,.F.);
#5706=ORIENTED_EDGE('',*,*,#8178,.T.);
#5707=ORIENTED_EDGE('',*,*,#8534,.T.);
#5708=CARTESIAN_POINT('',(3.401808598757E-15,-1.83376943704188E-15,-27.7407678754955));
#5709=DIRECTION('',(1.11022302462516E-16,-1.54074395550979E-32,-1.0));
#5710=DIRECTION('',(-1.38777878078145E-16,-1.0,3.1278983578679E-48));
#5711=SURFACE_STYLE_FILL_AREA(#8535);
#5712=ORIENTED_EDGE('',*,*,#8386,.F.);
#5713=ORIENTED_EDGE('',*,*,#8517,.F.);
#5714=ORIENTED_EDGE('',*,*,#8536,.T.);
#5715=ORIENTED_EDGE('',*,*,#8537,.T.);
#5716=CARTESIAN_POINT('',(-4.75,-5.0,-27.7407678754955));
#5717=DIRECTION('',(-7.6316495650287E-16,-1.0,8.32667268468867E-17));
#5718=DIRECTION('',(-1.0,7.6316495650287E-16,0.0));
#5719=SURFACE_STYLE_FILL_AREA(#8538);
#5720=ORIENTED_EDGE('',*,*,#8387,.F.);
#5721=ORIENTED_EDGE('',*,*,#8537,.F.);
#5722=ORIENTED_EDGE('',*,*,#8539,.T.);
#5723=ORIENTED_EDGE('',*,*,#8540,.T.);
#5724=CARTESIAN_POINT('',(-3.4,-5.0,-27.7407678754955));
#5725=DIRECTION('',(-0.906183139995265,-0.422885465331124,3.52122885292453E-17));
#5726=DIRECTION('',(-0.422885465331124,0.906183139995265,0.0));
#5727=SURFACE_STYLE_FILL_AREA(#8541);
#5728=ORIENTED_EDGE('',*,*,#8388,.F.);
#5729=ORIENTED_EDGE('',*,*,#8540,.F.);
#5730=ORIENTED_EDGE('',*,*,#8542,.T.);
#5731=ORIENTED_EDGE('',*,*,#8543,.T.);
#5732=CARTESIAN_POINT('',(-2.0,-8.0,-27.7407678754955));
#5733=DIRECTION('',(-1.0,1.38777878078145E-16,-1.50738570483931E-33));
#5734=DIRECTION('',(-1.50738570483931E-33,0.0,1.0));
#5735=SURFACE_STYLE_FILL_AREA(#8544);
#5736=ORIENTED_EDGE('',*,*,#8389,.F.);
#5737=ORIENTED_EDGE('',*,*,#8543,.F.);
#5738=ORIENTED_EDGE('',*,*,#8545,.T.);
#5739=ORIENTED_EDGE('',*,*,#8546,.T.);
#5740=CARTESIAN_POINT('',(-2.0,-9.0,-27.7407678754955));
#5741=DIRECTION('',(-1.20674780215163E-16,-1.0,8.32667268468867E-17));
#5742=DIRECTION('',(-1.0,1.20674780215163E-16,0.0));
#5743=SURFACE_STYLE_FILL_AREA(#8547);
#5744=ORIENTED_EDGE('',*,*,#8390,.F.);
#5745=ORIENTED_EDGE('',*,*,#8546,.F.);
#5746=ORIENTED_EDGE('',*,*,#8548,.T.);
#5747=ORIENTED_EDGE('',*,*,#8549,.T.);
#5748=CARTESIAN_POINT('',(2.0,-8.0,-27.7407678754955));
#5749=DIRECTION('',(1.0,-1.38777878078145E-16,1.50738570483931E-33));
#5750=DIRECTION('',(-1.38777878078145E-16,-1.0,0.0));
#5751=SURFACE_STYLE_FILL_AREA(#8550);
#5752=ORIENTED_EDGE('',*,*,#8391,.F.);
#5753=ORIENTED_EDGE('',*,*,#8549,.F.);
#5754=ORIENTED_EDGE('',*,*,#8551,.T.);
#5755=ORIENTED_EDGE('',*,*,#8552,.T.);
#5756=CARTESIAN_POINT('',(3.4,-5.0,-27.7407678754955));
#5757=DIRECTION('',(0.906183139995265,-0.422885465331124,3.52122885292453E-17));
#5758=DIRECTION('',(0.0,-8.32667268468867E-17,-1.0));
#5759=SURFACE_STYLE_FILL_AREA(#8553);
#5760=ORIENTED_EDGE('',*,*,#8392,.F.);
#5761=ORIENTED_EDGE('',*,*,#8552,.F.);
#5762=ORIENTED_EDGE('',*,*,#8554,.T.);
#5763=ORIENTED_EDGE('',*,*,#8484,.T.);
#5764=CARTESIAN_POINT('',(4.75,-5.0,-27.7407678754955));
#5765=DIRECTION('',(5.21815396072543E-16,-1.0,8.32667268468867E-17));
#5766=DIRECTION('',(0.0,-8.32667268468867E-17,-1.0));
#5767=SURFACE_STYLE_FILL_AREA(#8555);
#5768=ORIENTED_EDGE('',*,*,#8556,.T.);
#5769=ORIENTED_EDGE('',*,*,#8557,.F.);
#5770=ORIENTED_EDGE('',*,*,#8558,.T.);
#5771=ORIENTED_EDGE('',*,*,#8516,.T.);
#5772=CARTESIAN_POINT('',(20.9505043291106,-5.0,2.4));
#5773=DIRECTION('',(-1.65548302090132E-16,-1.0,2.47240340202431E-16));
#5774=DIRECTION('',(-1.0,1.65548302090132E-16,0.0));
#5775=SURFACE_STYLE_FILL_AREA(#8559);
#5776=ORIENTED_EDGE('',*,*,#8560,.F.);
#5777=ORIENTED_EDGE('',*,*,#8561,.F.);
#5778=ORIENTED_EDGE('',*,*,#8562,.T.);
#5779=ORIENTED_EDGE('',*,*,#8496,.T.);
#5780=CARTESIAN_POINT('',(20.9505043291106,-8.4,1.1));
#5781=DIRECTION('',(1.0,-1.47445204227151E-16,0.0));
#5782=DIRECTION('',(0.0,0.0,-1.0));
#5783=SURFACE_STYLE_FILL_AREA(#8563);
#5784=ORIENTED_EDGE('',*,*,#8564,.F.);
#5785=ORIENTED_EDGE('',*,*,#8499,.F.);
#5786=ORIENTED_EDGE('',*,*,#8565,.F.);
#5787=ORIENTED_EDGE('',*,*,#8566,.T.);
#5788=CARTESIAN_POINT('',(20.9505043291106,-8.4,3.6));
#5789=DIRECTION('',(1.0,-1.47445204227151E-16,0.0));
#5790=DIRECTION('',(0.0,0.0,-1.0));
#5791=SURFACE_STYLE_FILL_AREA(#8567);
#5792=ORIENTED_EDGE('',*,*,#8568,.F.);
#5793=ORIENTED_EDGE('',*,*,#8566,.F.);
#5794=ORIENTED_EDGE('',*,*,#8569,.T.);
#5795=ORIENTED_EDGE('',*,*,#8570,.T.);
#5796=CARTESIAN_POINT('',(20.9505043291106,-8.4,3.85));
#5797=DIRECTION('',(1.11022302462516E-16,-2.70659694930801E-16,-1.0));
#5798=DIRECTION('',(0.0,-1.0,2.70659694930801E-16));
#5799=SURFACE_STYLE_FILL_AREA(#8571);
#5800=ORIENTED_EDGE('',*,*,#8572,.F.);
#5801=ORIENTED_EDGE('',*,*,#8570,.F.);
#5802=ORIENTED_EDGE('',*,*,#8573,.T.);
#5803=ORIENTED_EDGE('',*,*,#8574,.T.);
#5804=CARTESIAN_POINT('',(20.9505043291106,-9.0,3.85));
#5805=DIRECTION('',(-1.65548302090132E-16,-1.0,2.47240340202431E-16));
#5806=DIRECTION('',(-1.0,1.65548302090132E-16,0.0));
#5807=SURFACE_STYLE_FILL_AREA(#8575);
#5808=ORIENTED_EDGE('',*,*,#8576,.F.);
#5809=ORIENTED_EDGE('',*,*,#8574,.F.);
#5810=ORIENTED_EDGE('',*,*,#8577,.T.);
#5811=ORIENTED_EDGE('',*,*,#8578,.T.);
#5812=CARTESIAN_POINT('',(20.9505043291106,-9.0,4.8));
#5813=DIRECTION('',(-1.11022302462516E-16,2.70659694930801E-16,1.0));
#5814=DIRECTION('',(0.0,-1.0,2.70659694930801E-16));
#5815=SURFACE_STYLE_FILL_AREA(#8579);
#5816=ORIENTED_EDGE('',*,*,#8580,.F.);
#5817=ORIENTED_EDGE('',*,*,#8578,.F.);
#5818=ORIENTED_EDGE('',*,*,#8581,.T.);
#5819=ORIENTED_EDGE('',*,*,#8582,.T.);
#5820=CARTESIAN_POINT('',(20.9505043291106,-8.3,3.8));
#5821=DIRECTION('',(1.0,-1.47445204227151E-16,0.0));
#5822=DIRECTION('',(0.0,0.0,-1.0));
#5823=SURFACE_STYLE_FILL_AREA(#8583);
#5824=ORIENTED_EDGE('',*,*,#8584,.F.);
#5825=ORIENTED_EDGE('',*,*,#8582,.F.);
#5826=ORIENTED_EDGE('',*,*,#8585,.T.);
#5827=ORIENTED_EDGE('',*,*,#8586,.T.);
#5828=CARTESIAN_POINT('',(20.9505043291106,-7.5,4.4));
#5829=DIRECTION('',(6.58252601945966E-17,0.800000000000001,0.599999999999999));
#5830=DIRECTION('',(1.0,0.0,-1.09708766990995E-16));
#5831=SURFACE_STYLE_FILL_AREA(#8587);
#5832=ORIENTED_EDGE('',*,*,#8588,.F.);
#5833=ORIENTED_EDGE('',*,*,#8586,.F.);
#5834=ORIENTED_EDGE('',*,*,#8589,.T.);
#5835=ORIENTED_EDGE('',*,*,#8557,.T.);
#5836=CARTESIAN_POINT('',(20.9505043291106,-6.0,2.4));
#5837=DIRECTION('',(-1.11022302462516E-16,4.87500129427902E-16,1.0));
#5838=DIRECTION('',(0.0,-1.0,4.87500129427902E-16));
#5839=SURFACE_STYLE_FILL_AREA(#8590);
#5840=ORIENTED_EDGE('',*,*,#8591,.F.);
#5841=ORIENTED_EDGE('',*,*,#8592,.F.);
#5842=ORIENTED_EDGE('',*,*,#8593,.T.);
#5843=ORIENTED_EDGE('',*,*,#8594,.T.);
#5844=CARTESIAN_POINT('',(20.9505043291106,-6.00000000000001,0.400000000000001));
#5845=DIRECTION('',(1.94384034173884E-16,0.686623532963717,-0.727013152549817));
#5846=DIRECTION('',(-1.0,0.0,-2.67373476658752E-16));
#5847=SURFACE_STYLE_FILL_AREA(#8595);
#5848=ORIENTED_EDGE('',*,*,#8596,.F.);
#5849=ORIENTED_EDGE('',*,*,#8594,.F.);
#5850=ORIENTED_EDGE('',*,*,#8597,.T.);
#5851=ORIENTED_EDGE('',*,*,#8598,.T.);
#5852=CARTESIAN_POINT('',(20.9505043291106,-8.19757863566353,-0.3));
#5853=DIRECTION('',(1.0,-1.47445204227151E-16,0.0));
#5854=DIRECTION('',(0.0,0.0,-1.0));
#5855=SURFACE_STYLE_FILL_AREA(#8599);
#5856=ORIENTED_EDGE('',*,*,#8600,.F.);
#5857=ORIENTED_EDGE('',*,*,#8598,.F.);
#5858=ORIENTED_EDGE('',*,*,#8601,.T.);
#5859=ORIENTED_EDGE('',*,*,#8602,.T.);
#5860=CARTESIAN_POINT('',(20.9505043291106,-8.19757863566353,-1.3));
#5861=DIRECTION('',(1.11022302462515E-16,-1.35159020916958E-15,-1.0));
#5862=DIRECTION('',(0.0,-1.0,1.35159020916958E-15));
#5863=SURFACE_STYLE_FILL_AREA(#8603);
#5864=ORIENTED_EDGE('',*,*,#8604,.F.);
#5865=ORIENTED_EDGE('',*,*,#8602,.F.);
#5866=ORIENTED_EDGE('',*,*,#8605,.T.);
#5867=ORIENTED_EDGE('',*,*,#8606,.T.);
#5868=CARTESIAN_POINT('',(20.9505043291106,-9.0,-1.3));
#5869=DIRECTION('',(-1.65548302090132E-16,-1.0,2.47240340202431E-16));
#5870=DIRECTION('',(-1.0,1.65548302090132E-16,0.0));
#5871=SURFACE_STYLE_FILL_AREA(#8607);
#5872=ORIENTED_EDGE('',*,*,#8608,.F.);
#5873=ORIENTED_EDGE('',*,*,#8606,.F.);
#5874=ORIENTED_EDGE('',*,*,#8609,.T.);
#5875=ORIENTED_EDGE('',*,*,#8561,.T.);
#5876=CARTESIAN_POINT('',(20.9505043291106,-9.0,0.850000000000001));
#5877=DIRECTION('',(-1.11022302462516E-16,2.70659694930801E-16,1.0));
#5878=DIRECTION('',(0.0,-1.0,2.70659694930801E-16));
#5879=SURFACE_STYLE_FILL_AREA(#8610);
#5880=ORIENTED_EDGE('',*,*,#8611,.F.);
#5881=ORIENTED_EDGE('',*,*,#8612,.F.);
#5882=ORIENTED_EDGE('',*,*,#8613,.F.);
#5883=ORIENTED_EDGE('',*,*,#8614,.F.);
#5884=CARTESIAN_POINT('',(-4.75,-8.4,-2.9136721262311));
#5885=DIRECTION('',(-0.946772744819712,0.321902733238704,-3.06009901124993E-16));
#5886=DIRECTION('',(-3.23213678044E-16,0.0,1.0));
#5887=SURFACE_STYLE_FILL_AREA(#8615);
#5888=ORIENTED_EDGE('',*,*,#8616,.T.);
#5889=ORIENTED_EDGE('',*,*,#8617,.T.);
#5890=ORIENTED_EDGE('',*,*,#8500,.F.);
#5891=ORIENTED_EDGE('',*,*,#8612,.T.);
#5892=CARTESIAN_POINT('',(-10.5091544626339,-6.44188748270448,3.35));
#5893=DIRECTION('',(-3.11264337868029E-16,3.38261947149531E-16,1.0));
#5894=DIRECTION('',(0.0,-1.0,3.38261947149531E-16));
#5895=SURFACE_STYLE_FILL_AREA(#8618);
#5896=ORIENTED_EDGE('',*,*,#8619,.F.);
#5897=ORIENTED_EDGE('',*,*,#8620,.F.);
#5898=ORIENTED_EDGE('',*,*,#8491,.F.);
#5899=ORIENTED_EDGE('',*,*,#8617,.F.);
#5900=CARTESIAN_POINT('',(-4.43,-8.45291263446671,-2.91367212623109));
#5901=DIRECTION('',(0.946772744819712,-0.321902733238704,3.06009901124993E-16));
#5902=DIRECTION('',(0.0,-9.50628464835288E-16,-1.0));
#5903=SURFACE_STYLE_FILL_AREA(#8621);
#5904=ORIENTED_EDGE('',*,*,#8497,.T.);
#5905=ORIENTED_EDGE('',*,*,#8620,.T.);
#5906=ORIENTED_EDGE('',*,*,#8622,.F.);
#5907=ORIENTED_EDGE('',*,*,#8614,.T.);
#5908=CARTESIAN_POINT('',(-10.5091544626339,-6.44188748270448,1.35));
#5909=DIRECTION('',(3.11264337868029E-16,-3.38261947149531E-16,-1.0));
#5910=DIRECTION('',(0.0,-1.0,3.38261947149531E-16));
#5911=SURFACE_STYLE_FILL_AREA(#8623);
#5912=ORIENTED_EDGE('',*,*,#8622,.T.);
#5913=ORIENTED_EDGE('',*,*,#8624,.T.);
#5914=ORIENTED_EDGE('',*,*,#8625,.T.);
#5915=CARTESIAN_POINT('',(-5.25085643670348,-10.8703028002831,1.35));
#5916=DIRECTION('',(1.73000691670853E-15,6.34200093119819E-15,1.0));
#5917=DIRECTION('',(0.0,-1.0,6.34200093119819E-15));
#5918=SURFACE_STYLE_FILL_AREA(#8626);
#5919=ORIENTED_EDGE('',*,*,#8616,.F.);
#5920=ORIENTED_EDGE('',*,*,#8627,.T.);
#5921=ORIENTED_EDGE('',*,*,#8628,.F.);
#5922=CARTESIAN_POINT('',(-5.25085643670348,-10.8703028002831,3.35));
#5923=DIRECTION('',(2.47318020967652E-15,6.02031414640481E-15,-1.0));
#5924=DIRECTION('',(-1.0,0.0,-2.47318020967652E-15));
#5925=SURFACE_STYLE_FILL_AREA(#8629);
#5926=ORIENTED_EDGE('',*,*,#8630,.T.);
#5927=ORIENTED_EDGE('',*,*,#8627,.F.);
#5928=ORIENTED_EDGE('',*,*,#8611,.T.);
#5929=ORIENTED_EDGE('',*,*,#8625,.F.);
#5930=CARTESIAN_POINT('',(-5.25085643670348,-10.8703028002831,26.4455666150516));
#5931=DIRECTION('',(-3.82102366348934E-16,1.29914804558639E-16,1.0));
#5932=DIRECTION('',(0.321902733238705,0.946772744819712,0.0));
#5933=SURFACE_STYLE_FILL_AREA(#8631);
#5934=ORIENTED_EDGE('',*,*,#7787,.T.);
#5935=ORIENTED_EDGE('',*,*,#8632,.T.);
#5936=ORIENTED_EDGE('',*,*,#8624,.F.);
#5937=ORIENTED_EDGE('',*,*,#8633,.T.);
#5938=CARTESIAN_POINT('',(0.140995032138518,-9.85444199741179,1.35));
#5939=DIRECTION('',(-2.28905255341431E-16,-3.01178865893718E-16,-1.0));
#5940=DIRECTION('',(0.0,-1.0,3.01178865893718E-16));
#5941=SURFACE_STYLE_FILL_AREA(#8634);
#5942=ORIENTED_EDGE('',*,*,#8619,.T.);
#5943=ORIENTED_EDGE('',*,*,#8635,.F.);
#5944=ORIENTED_EDGE('',*,*,#8636,.F.);
#5945=ORIENTED_EDGE('',*,*,#7784,.F.);
#5946=ORIENTED_EDGE('',*,*,#8633,.F.);
#5947=CARTESIAN_POINT('',(-4.45,-12.3473019567997,-2.9136721262311));
#5948=DIRECTION('',(0.878804828052541,0.477181385001075,-4.5362220747155E-16));
#5949=DIRECTION('',(0.0,-9.50628464835292E-16,-1.0));
#5950=SURFACE_STYLE_FILL_AREA(#8637);
#5951=ORIENTED_EDGE('',*,*,#8628,.T.);
#5952=ORIENTED_EDGE('',*,*,#8638,.T.);
#5953=ORIENTED_EDGE('',*,*,#8639,.F.);
#5954=ORIENTED_EDGE('',*,*,#8635,.T.);
#5955=CARTESIAN_POINT('',(0.140995032138517,-9.85444199741179,3.35));
#5956=DIRECTION('',(2.28905255341431E-16,3.01178865893718E-16,1.0));
#5957=DIRECTION('',(0.0,-1.0,3.01178865893718E-16));
#5958=SURFACE_STYLE_FILL_AREA(#8640);
#5959=ORIENTED_EDGE('',*,*,#8630,.F.);
#5960=ORIENTED_EDGE('',*,*,#8632,.F.);
#5961=ORIENTED_EDGE('',*,*,#7786,.T.);
#5962=ORIENTED_EDGE('',*,*,#8641,.T.);
#5963=ORIENTED_EDGE('',*,*,#8638,.F.);
#5964=CARTESIAN_POINT('',(-4.73121754497682,-12.5,-2.9136721262311));
#5965=DIRECTION('',(-0.878804828052541,-0.477181385001075,4.5362220747155E-16));
#5966=DIRECTION('',(-0.477181385001075,0.878804828052541,0.0));
#5967=SURFACE_STYLE_FILL_AREA(#8642);
#5968=ORIENTED_EDGE('',*,*,#7785,.F.);
#5969=ORIENTED_EDGE('',*,*,#8636,.T.);
#5970=ORIENTED_EDGE('',*,*,#8639,.T.);
#5971=ORIENTED_EDGE('',*,*,#8641,.F.);
#5972=CARTESIAN_POINT('',(-0.336186352862565,-8.97563716935929,2.35));
#5973=DIRECTION('',(0.878804828052541,0.477181385001075,-4.5362220747155E-16));
#5974=DIRECTION('',(0.477181385001075,-0.878804828052541,0.0));
#5975=SURFACE_STYLE_FILL_AREA(#8643);
#5976=ORIENTED_EDGE('',*,*,#8644,.T.);
#5977=ORIENTED_EDGE('',*,*,#8645,.F.);
#5978=ORIENTED_EDGE('',*,*,#8485,.F.);
#5979=ORIENTED_EDGE('',*,*,#8646,.F.);
#5980=CARTESIAN_POINT('',(-20.9505043291106,-4.99999999999997,2.39999999999999));
#5981=DIRECTION('',(1.21457538255989E-15,1.0,8.01786740267322E-16));
#5982=DIRECTION('',(1.0,-1.21457538255989E-15,0.0));
#5983=SURFACE_STYLE_FILL_AREA(#8647);
#5984=ORIENTED_EDGE('',*,*,#8648,.T.);
#5985=ORIENTED_EDGE('',*,*,#8649,.T.);
#5986=ORIENTED_EDGE('',*,*,#8650,.F.);
#5987=ORIENTED_EDGE('',*,*,#8651,.F.);
#5988=CARTESIAN_POINT('',(-20.9505043291106,-8.39999999999997,3.59999999999999));
#5989=DIRECTION('',(-1.0,1.1964722846969E-15,0.0));
#5990=DIRECTION('',(0.0,0.0,1.0));
#5991=SURFACE_STYLE_FILL_AREA(#8652);
#5992=ORIENTED_EDGE('',*,*,#8653,.T.);
#5993=ORIENTED_EDGE('',*,*,#8654,.T.);
#5994=ORIENTED_EDGE('',*,*,#8655,.F.);
#5995=ORIENTED_EDGE('',*,*,#8656,.F.);
#5996=CARTESIAN_POINT('',(-20.9505043291106,-8.39999999999997,1.09999999999999));
#5997=DIRECTION('',(-1.0,1.1964722846969E-15,0.0));
#5998=DIRECTION('',(0.0,0.0,1.0));
#5999=SURFACE_STYLE_FILL_AREA(#8657);
#6000=ORIENTED_EDGE('',*,*,#8658,.T.);
#6001=ORIENTED_EDGE('',*,*,#8659,.T.);
#6002=ORIENTED_EDGE('',*,*,#8653,.F.);
#6003=ORIENTED_EDGE('',*,*,#8660,.F.);
#6004=CARTESIAN_POINT('',(-20.9505043291106,-8.99999999999997,0.849999999999991));
#6005=DIRECTION('',(1.11022302462517E-16,7.78367385538952E-16,-1.0));
#6006=DIRECTION('',(-1.0,0.0,-1.11022302462517E-16));
#6007=SURFACE_STYLE_FILL_AREA(#8661);
#6008=ORIENTED_EDGE('',*,*,#8662,.T.);
#6009=ORIENTED_EDGE('',*,*,#8663,.T.);
#6010=ORIENTED_EDGE('',*,*,#8658,.F.);
#6011=ORIENTED_EDGE('',*,*,#8664,.F.);
#6012=CARTESIAN_POINT('',(-20.9505043291106,-8.99999999999997,-1.30000000000001));
#6013=DIRECTION('',(1.21457538255989E-15,1.0,8.01786740267322E-16));
#6014=DIRECTION('',(1.0,-1.21457538255989E-15,0.0));
#6015=SURFACE_STYLE_FILL_AREA(#8665);
#6016=ORIENTED_EDGE('',*,*,#8666,.T.);
#6017=ORIENTED_EDGE('',*,*,#8667,.T.);
#6018=ORIENTED_EDGE('',*,*,#8662,.F.);
#6019=ORIENTED_EDGE('',*,*,#8668,.F.);
#6020=CARTESIAN_POINT('',(-20.9505043291106,-8.1975786356635,-1.30000000000001));
#6021=DIRECTION('',(-1.11022302462515E-16,3.02563128699825E-16,1.0));
#6022=DIRECTION('',(0.0,-1.0,3.02563128699825E-16));
#6023=SURFACE_STYLE_FILL_AREA(#8669);
#6024=ORIENTED_EDGE('',*,*,#8670,.T.);
#6025=ORIENTED_EDGE('',*,*,#8671,.T.);
#6026=ORIENTED_EDGE('',*,*,#8666,.F.);
#6027=ORIENTED_EDGE('',*,*,#8672,.F.);
#6028=CARTESIAN_POINT('',(-20.9505043291106,-8.19757863566349,-0.300000000000009));
#6029=DIRECTION('',(-1.0,1.1964722846969E-15,2.07554856061933E-30));
#6030=DIRECTION('',(3.50324616081204E-46,-1.73472347597681E-15,1.0));
#6031=SURFACE_STYLE_FILL_AREA(#8673);
#6032=ORIENTED_EDGE('',*,*,#8674,.T.);
#6033=ORIENTED_EDGE('',*,*,#8675,.T.);
#6034=ORIENTED_EDGE('',*,*,#8670,.F.);
#6035=ORIENTED_EDGE('',*,*,#8676,.F.);
#6036=CARTESIAN_POINT('',(-20.9505043291106,-5.99999999999997,0.399999999999994));
#6037=DIRECTION('',(-9.1467071434064E-16,-0.686623532963718,0.727013152549816));
#6038=DIRECTION('',(-1.0,1.33212840869667E-15,0.0));
#6039=SURFACE_STYLE_FILL_AREA(#8677);
#6040=ORIENTED_EDGE('',*,*,#8678,.T.);
#6041=ORIENTED_EDGE('',*,*,#8679,.T.);
#6042=ORIENTED_EDGE('',*,*,#8644,.F.);
#6043=ORIENTED_EDGE('',*,*,#8680,.F.);
#6044=CARTESIAN_POINT('',(-20.9505043291106,-5.99999999999997,2.39999999999999));
#6045=DIRECTION('',(1.11022302462516E-16,5.61526951041851E-16,-1.0));
#6046=DIRECTION('',(-1.0,0.0,-1.11022302462516E-16));
#6047=SURFACE_STYLE_FILL_AREA(#8681);
#6048=ORIENTED_EDGE('',*,*,#8682,.T.);
#6049=ORIENTED_EDGE('',*,*,#8683,.T.);
#6050=ORIENTED_EDGE('',*,*,#8678,.F.);
#6051=ORIENTED_EDGE('',*,*,#8684,.F.);
#6052=CARTESIAN_POINT('',(-20.9505043291106,-7.49999999999997,4.39999999999999));
#6053=DIRECTION('',(-9.05046924570399E-16,-0.8,-0.6));
#6054=DIRECTION('',(0.0,0.6,-0.8));
#6055=SURFACE_STYLE_FILL_AREA(#8685);
#6056=ORIENTED_EDGE('',*,*,#8686,.T.);
#6057=ORIENTED_EDGE('',*,*,#8687,.T.);
#6058=ORIENTED_EDGE('',*,*,#8682,.F.);
#6059=ORIENTED_EDGE('',*,*,#8688,.F.);
#6060=CARTESIAN_POINT('',(-20.9505043291106,-8.29999999999997,3.79999999999999));
#6061=DIRECTION('',(-1.0,1.1964722846969E-15,2.07554856061932E-30));
#6062=DIRECTION('',(0.0,-1.73472347597681E-15,1.0));
#6063=SURFACE_STYLE_FILL_AREA(#8689);
#6064=ORIENTED_EDGE('',*,*,#8690,.T.);
#6065=ORIENTED_EDGE('',*,*,#8691,.T.);
#6066=ORIENTED_EDGE('',*,*,#8686,.F.);
#6067=ORIENTED_EDGE('',*,*,#8692,.F.);
#6068=CARTESIAN_POINT('',(-20.9505043291106,-8.99999999999997,4.79999999999999));
#6069=DIRECTION('',(1.11022302462517E-16,7.78367385538952E-16,-1.0));
#6070=DIRECTION('',(-1.0,0.0,-1.11022302462517E-16));
#6071=SURFACE_STYLE_FILL_AREA(#8693);
#6072=ORIENTED_EDGE('',*,*,#8694,.T.);
#6073=ORIENTED_EDGE('',*,*,#8695,.T.);
#6074=ORIENTED_EDGE('',*,*,#8690,.F.);
#6075=ORIENTED_EDGE('',*,*,#8696,.F.);
#6076=CARTESIAN_POINT('',(-20.9505043291106,-8.99999999999997,3.84999999999999));
#6077=DIRECTION('',(1.21457538255989E-15,1.0,8.01786740267322E-16));
#6078=DIRECTION('',(1.0,-1.21457538255989E-15,0.0));
#6079=SURFACE_STYLE_FILL_AREA(#8697);
#6080=ORIENTED_EDGE('',*,*,#8650,.T.);
#6081=ORIENTED_EDGE('',*,*,#8698,.T.);
#6082=ORIENTED_EDGE('',*,*,#8694,.F.);
#6083=ORIENTED_EDGE('',*,*,#8699,.F.);
#6084=CARTESIAN_POINT('',(-20.9505043291106,-8.39999999999997,3.84999999999999));
#6085=DIRECTION('',(-1.11022302462517E-16,-7.78367385538952E-16,1.0));
#6086=DIRECTION('',(0.0,-1.0,-7.78367385538952E-16));
#6087=SURFACE_STYLE_FILL_AREA(#8700);
#6088=ORIENTED_EDGE('',*,*,#8701,.F.);
#6089=ORIENTED_EDGE('',*,*,#8702,.F.);
#6090=ORIENTED_EDGE('',*,*,#8703,.F.);
#6091=ORIENTED_EDGE('',*,*,#8704,.F.);
#6092=CARTESIAN_POINT('',(4.75099999999998,-8.39983464801729,26.4455666150516));
#6093=DIRECTION('',(-1.72252620153635E-16,0.0,1.0));
#6094=DIRECTION('',(0.0,1.0,0.0));
#6095=SURFACE_STYLE_FILL_AREA(#8705);
#6096=ORIENTED_EDGE('',*,*,#8706,.F.);
#6097=ORIENTED_EDGE('',*,*,#8648,.F.);
#6098=ORIENTED_EDGE('',*,*,#8703,.T.);
#6099=CARTESIAN_POINT('',(4.75099999999999,-8.39983464801729,3.35000005468256));
#6100=DIRECTION('',(-1.72252620153635E-16,-1.2516903964645E-16,1.0));
#6101=DIRECTION('',(1.0,0.0,1.72252620153635E-16));
#6102=SURFACE_STYLE_FILL_AREA(#8707);
#6103=ORIENTED_EDGE('',*,*,#8655,.T.);
#6104=ORIENTED_EDGE('',*,*,#8708,.T.);
#6105=ORIENTED_EDGE('',*,*,#8701,.T.);
#6106=CARTESIAN_POINT('',(4.75099999999999,-8.39983464801729,1.34999999999999));
#6107=DIRECTION('',(-1.72252620153635E-16,-1.2516903964645E-16,1.0));
#6108=DIRECTION('',(1.0,0.0,1.72252620153635E-16));
#6109=SURFACE_STYLE_FILL_AREA(#8709);
#6110=ORIENTED_EDGE('',*,*,#8710,.F.);
#6111=ORIENTED_EDGE('',*,*,#8711,.T.);
#6112=ORIENTED_EDGE('',*,*,#8712,.T.);
#6113=ORIENTED_EDGE('',*,*,#8713,.T.);
#6114=CARTESIAN_POINT('',(4.74999999999999,-8.4,-2.91367212623111));
#6115=DIRECTION('',(-0.946772744819713,-0.321902733238703,-3.7033134234541E-17));
#6116=DIRECTION('',(-0.321902733238703,0.946772744819713,0.0));
#6117=SURFACE_STYLE_FILL_AREA(#8714);
#6118=ORIENTED_EDGE('',*,*,#8715,.T.);
#6119=ORIENTED_EDGE('',*,*,#8716,.F.);
#6120=ORIENTED_EDGE('',*,*,#8717,.F.);
#6121=ORIENTED_EDGE('',*,*,#8702,.T.);
#6122=CARTESIAN_POINT('',(4.42999999999999,-8.4529126344667,-2.91367212623111));
#6123=DIRECTION('',(0.946772744819712,0.321902733238703,3.70331342345416E-17));
#6124=DIRECTION('',(0.0,1.15044485214359E-16,-1.0));
#6125=SURFACE_STYLE_FILL_AREA(#8718);
#6126=ORIENTED_EDGE('',*,*,#8706,.T.);
#6127=ORIENTED_EDGE('',*,*,#8717,.T.);
#6128=ORIENTED_EDGE('',*,*,#8719,.F.);
#6129=ORIENTED_EDGE('',*,*,#8710,.T.);
#6130=CARTESIAN_POINT('',(10.5091544626338,-6.44188748270449,3.34999999999999));
#6131=DIRECTION('',(-1.00351704628463E-16,7.60152096092663E-16,-1.0));
#6132=DIRECTION('',(-1.0,0.0,1.00351704628463E-16));
#6133=SURFACE_STYLE_FILL_AREA(#8720);
#6134=ORIENTED_EDGE('',*,*,#8721,.T.);
#6135=ORIENTED_EDGE('',*,*,#8715,.F.);
#6136=ORIENTED_EDGE('',*,*,#8708,.F.);
#6137=ORIENTED_EDGE('',*,*,#8712,.F.);
#6138=CARTESIAN_POINT('',(10.5091544626338,-6.44188748270449,1.34999999999999));
#6139=DIRECTION('',(1.00351704628463E-16,-7.60152096092663E-16,1.0));
#6140=DIRECTION('',(0.0,-1.0,-7.60152096092663E-16));
#6141=SURFACE_STYLE_FILL_AREA(#8722);
#6142=ORIENTED_EDGE('',*,*,#8723,.F.);
#6143=ORIENTED_EDGE('',*,*,#8724,.F.);
#6144=ORIENTED_EDGE('',*,*,#8725,.F.);
#6145=ORIENTED_EDGE('',*,*,#8711,.F.);
#6146=CARTESIAN_POINT('',(5.25085643670347,-10.8703028002831,-21.7455666150516));
#6147=DIRECTION('',(1.99688664611934E-16,6.78941459680578E-17,-1.0));
#6148=DIRECTION('',(0.321902733238703,-0.946772744819712,9.59965081314508E-33));
#6149=SURFACE_STYLE_FILL_AREA(#8726);
#6150=ORIENTED_EDGE('',*,*,#8719,.T.);
#6151=ORIENTED_EDGE('',*,*,#8727,.T.);
#6152=ORIENTED_EDGE('',*,*,#8723,.T.);
#6153=CARTESIAN_POINT('',(5.25085643670346,-10.8703028002831,3.34999999999999));
#6154=DIRECTION('',(-2.13609000528322E-16,9.33519975585979E-16,-1.0));
#6155=DIRECTION('',(-1.0,0.0,2.13609000528322E-16));
#6156=SURFACE_STYLE_FILL_AREA(#8728);
#6157=ORIENTED_EDGE('',*,*,#8729,.F.);
#6158=ORIENTED_EDGE('',*,*,#8721,.F.);
#6159=ORIENTED_EDGE('',*,*,#8725,.T.);
#6160=CARTESIAN_POINT('',(5.25085643670346,-10.8703028002831,1.34999999999999));
#6161=DIRECTION('',(2.13609000528322E-16,-9.33519975585979E-16,1.0));
#6162=DIRECTION('',(0.0,-1.0,-9.33519975585979E-16));
#6163=SURFACE_STYLE_FILL_AREA(#8730);
#6164=ORIENTED_EDGE('',*,*,#8731,.T.);
#6165=ORIENTED_EDGE('',*,*,#8724,.T.);
#6166=ORIENTED_EDGE('',*,*,#8732,.F.);
#6167=ORIENTED_EDGE('',*,*,#7781,.T.);
#6168=ORIENTED_EDGE('',*,*,#8733,.T.);
#6169=CARTESIAN_POINT('',(4.7312175449768,-12.5,-2.91367212623111));
#6170=DIRECTION('',(-0.87880482805254,0.477181385001076,6.71491545787197E-17));
#6171=DIRECTION('',(7.64096332146062E-17,0.0,1.0));
#6172=SURFACE_STYLE_FILL_AREA(#8734);
#6173=ORIENTED_EDGE('',*,*,#8735,.T.);
#6174=ORIENTED_EDGE('',*,*,#8716,.T.);
#6175=ORIENTED_EDGE('',*,*,#8736,.T.);
#6176=ORIENTED_EDGE('',*,*,#8737,.T.);
#6177=ORIENTED_EDGE('',*,*,#7779,.T.);
#6178=CARTESIAN_POINT('',(4.44999999999999,-12.3473019567996,-2.91367212623111));
#6179=DIRECTION('',(0.87880482805254,-0.477181385001076,-6.71491545787197E-17));
#6180=DIRECTION('',(0.0,1.4072039834196E-16,-1.0));
#6181=SURFACE_STYLE_FILL_AREA(#8738);
#6182=ORIENTED_EDGE('',*,*,#7782,.T.);
#6183=ORIENTED_EDGE('',*,*,#8732,.T.);
#6184=ORIENTED_EDGE('',*,*,#8727,.F.);
#6185=ORIENTED_EDGE('',*,*,#8735,.F.);
#6186=CARTESIAN_POINT('',(-0.140995032138531,-9.85444199741179,3.34999999999999));
#6187=DIRECTION('',(3.95036314035858E-16,6.87196377763812E-16,-1.0));
#6188=DIRECTION('',(-1.0,0.0,-3.95036314035858E-16));
#6189=SURFACE_STYLE_FILL_AREA(#8739);
#6190=ORIENTED_EDGE('',*,*,#8729,.T.);
#6191=ORIENTED_EDGE('',*,*,#8731,.F.);
#6192=ORIENTED_EDGE('',*,*,#8740,.F.);
#6193=ORIENTED_EDGE('',*,*,#8736,.F.);
#6194=CARTESIAN_POINT('',(-0.140995032138531,-9.85444199741178,1.34999999999999));
#6195=DIRECTION('',(-3.95036314035858E-16,-6.87196377763812E-16,1.0));
#6196=DIRECTION('',(0.0,-1.0,-6.87196377763812E-16));
#6197=SURFACE_STYLE_FILL_AREA(#8741);
#6198=ORIENTED_EDGE('',*,*,#7780,.F.);
#6199=ORIENTED_EDGE('',*,*,#8737,.F.);
#6200=ORIENTED_EDGE('',*,*,#8740,.T.);
#6201=ORIENTED_EDGE('',*,*,#8733,.F.);
#6202=CARTESIAN_POINT('',(0.336186352862554,-8.97563716935928,2.34999999999999));
#6203=DIRECTION('',(-0.87880482805254,0.477181385001076,6.71491545787194E-17));
#6204=DIRECTION('',(-0.477181385001076,-0.87880482805254,-8.67361737988404E-16));
#6205=SURFACE_STYLE_FILL_AREA(#8742);
#6206=ORIENTED_EDGE('',*,*,#8743,.F.);
#6207=ORIENTED_EDGE('',*,*,#8458,.T.);
#6208=ORIENTED_EDGE('',*,*,#8744,.F.);
#6209=ORIENTED_EDGE('',*,*,#8745,.F.);
#6210=ORIENTED_EDGE('',*,*,#8746,.F.);
#6211=ORIENTED_EDGE('',*,*,#8465,.T.);
#6212=ORIENTED_EDGE('',*,*,#8747,.F.);
#6213=ORIENTED_EDGE('',*,*,#8489,.T.);
#6214=ORIENTED_EDGE('',*,*,#8748,.T.);
#6215=ORIENTED_EDGE('',*,*,#8749,.F.);
#6216=ORIENTED_EDGE('',*,*,#8750,.F.);
#6217=ORIENTED_EDGE('',*,*,#8479,.T.);
#6218=ORIENTED_EDGE('',*,*,#8645,.T.);
#6219=ORIENTED_EDGE('',*,*,#8679,.F.);
#6220=ORIENTED_EDGE('',*,*,#8683,.F.);
#6221=ORIENTED_EDGE('',*,*,#8687,.F.);
#6222=ORIENTED_EDGE('',*,*,#8691,.F.);
#6223=ORIENTED_EDGE('',*,*,#8695,.F.);
#6224=ORIENTED_EDGE('',*,*,#8698,.F.);
#6225=ORIENTED_EDGE('',*,*,#8649,.F.);
#6226=ORIENTED_EDGE('',*,*,#8713,.F.);
#6227=ORIENTED_EDGE('',*,*,#8654,.F.);
#6228=ORIENTED_EDGE('',*,*,#8659,.F.);
#6229=ORIENTED_EDGE('',*,*,#8663,.F.);
#6230=ORIENTED_EDGE('',*,*,#8667,.F.);
#6231=ORIENTED_EDGE('',*,*,#8671,.F.);
#6232=ORIENTED_EDGE('',*,*,#8675,.F.);
#6233=ORIENTED_EDGE('',*,*,#8751,.F.);
#6234=CARTESIAN_POINT('',(4.75,1.45,3.22));
#6235=DIRECTION('',(-1.0,1.00041199046398E-15,-2.3874722751603E-31));
#6236=DIRECTION('',(-2.3874722751603E-31,0.0,1.0));
#6237=SURFACE_STYLE_FILL_AREA(#8752);
#6238=ORIENTED_EDGE('',*,*,#8753,.T.);
#6239=ORIENTED_EDGE('',*,*,#8418,.T.);
#6240=ORIENTED_EDGE('',*,*,#8754,.T.);
#6241=ORIENTED_EDGE('',*,*,#8755,.T.);
#6242=ORIENTED_EDGE('',*,*,#8756,.T.);
#6243=ORIENTED_EDGE('',*,*,#8422,.T.);
#6244=ORIENTED_EDGE('',*,*,#8757,.T.);
#6245=ORIENTED_EDGE('',*,*,#8758,.T.);
#6246=ORIENTED_EDGE('',*,*,#8591,.T.);
#6247=ORIENTED_EDGE('',*,*,#8596,.T.);
#6248=ORIENTED_EDGE('',*,*,#8600,.T.);
#6249=ORIENTED_EDGE('',*,*,#8604,.T.);
#6250=ORIENTED_EDGE('',*,*,#8608,.T.);
#6251=ORIENTED_EDGE('',*,*,#8560,.T.);
#6252=ORIENTED_EDGE('',*,*,#8613,.T.);
#6253=ORIENTED_EDGE('',*,*,#8564,.T.);
#6254=ORIENTED_EDGE('',*,*,#8568,.T.);
#6255=ORIENTED_EDGE('',*,*,#8572,.T.);
#6256=ORIENTED_EDGE('',*,*,#8576,.T.);
#6257=ORIENTED_EDGE('',*,*,#8580,.T.);
#6258=ORIENTED_EDGE('',*,*,#8584,.T.);
#6259=ORIENTED_EDGE('',*,*,#8588,.T.);
#6260=ORIENTED_EDGE('',*,*,#8556,.F.);
#6261=ORIENTED_EDGE('',*,*,#8514,.T.);
#6262=ORIENTED_EDGE('',*,*,#8759,.T.);
#6263=ORIENTED_EDGE('',*,*,#8760,.T.);
#6264=ORIENTED_EDGE('',*,*,#8761,.F.);
#6265=ORIENTED_EDGE('',*,*,#8504,.T.);
#6266=CARTESIAN_POINT('',(-4.75,-0.949999999999999,3.22));
#6267=DIRECTION('',(1.0,-1.65548302090132E-16,7.12886452867843E-33));
#6268=DIRECTION('',(-1.65548302090132E-16,-1.0,0.0));
#6269=SURFACE_STYLE_FILL_AREA(#8762);
#6270=ORIENTED_EDGE('',*,*,#8763,.F.);
#6271=ORIENTED_EDGE('',*,*,#8764,.F.);
#6272=ORIENTED_EDGE('',*,*,#8765,.F.);
#6273=ORIENTED_EDGE('',*,*,#8107,.F.);
#6274=ORIENTED_EDGE('',*,*,#8766,.F.);
#6275=ORIENTED_EDGE('',*,*,#8767,.F.);
#6276=ORIENTED_EDGE('',*,*,#8474,.T.);
#6277=ORIENTED_EDGE('',*,*,#8554,.F.);
#6278=ORIENTED_EDGE('',*,*,#8551,.F.);
#6279=ORIENTED_EDGE('',*,*,#8548,.F.);
#6280=ORIENTED_EDGE('',*,*,#8545,.F.);
#6281=ORIENTED_EDGE('',*,*,#8542,.F.);
#6282=ORIENTED_EDGE('',*,*,#8539,.F.);
#6283=ORIENTED_EDGE('',*,*,#8536,.F.);
#6284=ORIENTED_EDGE('',*,*,#8510,.T.);
#6285=ORIENTED_EDGE('',*,*,#8768,.F.);
#6286=CARTESIAN_POINT('',(0.0,0.0,2.9));
#6287=DIRECTION('',(1.11022302462516E-16,-8.32667268468867E-17,-1.0));
#6288=DIRECTION('',(0.0,-1.0,8.32667268468867E-17));
#6289=SURFACE_STYLE_FILL_AREA(#8769);
#6290=ORIENTED_EDGE('',*,*,#8770,.F.);
#6291=ORIENTED_EDGE('',*,*,#8771,.F.);
#6292=ORIENTED_EDGE('',*,*,#8507,.T.);
#6293=ORIENTED_EDGE('',*,*,#8558,.F.);
#6294=ORIENTED_EDGE('',*,*,#8589,.F.);
#6295=ORIENTED_EDGE('',*,*,#8585,.F.);
#6296=ORIENTED_EDGE('',*,*,#8581,.F.);
#6297=ORIENTED_EDGE('',*,*,#8577,.F.);
#6298=ORIENTED_EDGE('',*,*,#8573,.F.);
#6299=ORIENTED_EDGE('',*,*,#8569,.F.);
#6300=ORIENTED_EDGE('',*,*,#8565,.T.);
#6301=ORIENTED_EDGE('',*,*,#8493,.T.);
#6302=ORIENTED_EDGE('',*,*,#8562,.F.);
#6303=ORIENTED_EDGE('',*,*,#8609,.F.);
#6304=ORIENTED_EDGE('',*,*,#8605,.F.);
#6305=ORIENTED_EDGE('',*,*,#8601,.F.);
#6306=ORIENTED_EDGE('',*,*,#8597,.F.);
#6307=ORIENTED_EDGE('',*,*,#8593,.F.);
#6308=ORIENTED_EDGE('',*,*,#8772,.F.);
#6309=ORIENTED_EDGE('',*,*,#8235,.F.);
#6310=ORIENTED_EDGE('',*,*,#8239,.F.);
#6311=ORIENTED_EDGE('',*,*,#8773,.F.);
#6312=CARTESIAN_POINT('',(-4.43,-8.3,3.8));
#6313=DIRECTION('',(-1.0,1.65548302090132E-16,-7.12886452867844E-33));
#6314=DIRECTION('',(-7.12886452867844E-33,0.0,1.0));
#6315=SURFACE_STYLE_FILL_AREA(#8774);
#6316=ORIENTED_EDGE('',*,*,#8472,.T.);
#6317=ORIENTED_EDGE('',*,*,#8775,.F.);
#6318=ORIENTED_EDGE('',*,*,#8776,.F.);
#6319=ORIENTED_EDGE('',*,*,#8102,.F.);
#6320=ORIENTED_EDGE('',*,*,#8248,.F.);
#6321=ORIENTED_EDGE('',*,*,#8243,.F.);
#6322=ORIENTED_EDGE('',*,*,#8777,.T.);
#6323=ORIENTED_EDGE('',*,*,#8676,.T.);
#6324=ORIENTED_EDGE('',*,*,#8672,.T.);
#6325=ORIENTED_EDGE('',*,*,#8668,.T.);
#6326=ORIENTED_EDGE('',*,*,#8664,.T.);
#6327=ORIENTED_EDGE('',*,*,#8660,.T.);
#6328=ORIENTED_EDGE('',*,*,#8656,.T.);
#6329=ORIENTED_EDGE('',*,*,#8704,.T.);
#6330=ORIENTED_EDGE('',*,*,#8651,.T.);
#6331=ORIENTED_EDGE('',*,*,#8699,.T.);
#6332=ORIENTED_EDGE('',*,*,#8696,.T.);
#6333=ORIENTED_EDGE('',*,*,#8692,.T.);
#6334=ORIENTED_EDGE('',*,*,#8688,.T.);
#6335=ORIENTED_EDGE('',*,*,#8684,.T.);
#6336=ORIENTED_EDGE('',*,*,#8680,.T.);
#6337=ORIENTED_EDGE('',*,*,#8646,.T.);
#6338=CARTESIAN_POINT('',(4.42999999999999,-8.3,3.79999999999999));
#6339=DIRECTION('',(1.0,-1.21457538255989E-15,7.54872759944792E-32));
#6340=DIRECTION('',(-1.21457538255989E-15,-1.0,0.0));
#6341=SURFACE_STYLE_FILL_AREA(#8778);
#6342=ORIENTED_EDGE('',*,*,#7775,.F.);
#6343=ORIENTED_EDGE('',*,*,#8779,.F.);
#6344=ORIENTED_EDGE('',*,*,#7777,.T.);
#6345=ORIENTED_EDGE('',*,*,#8780,.T.);
#6346=CARTESIAN_POINT('',(5.88418203051333E-16,-3.1719107222814E-16,-2.4));
#6347=DIRECTION('',(1.11022302462516E-16,-1.54074395550979E-32,-1.0));
#6348=DIRECTION('',(-1.38777878078145E-16,-1.0,3.64921475084588E-48));
#6349=SURFACE_STYLE_FILL_AREA(#8781);
#6350=ORIENTED_EDGE('',*,*,#8357,.T.);
#6351=ORIENTED_EDGE('',*,*,#7799,.T.);
#6352=ORIENTED_EDGE('',*,*,#8780,.F.);
#6353=ORIENTED_EDGE('',*,*,#7776,.F.);
#6354=CARTESIAN_POINT('',(-9.99200722162641E-17,5.38626349066652E-17,3.8));
#6355=DIRECTION('',(-1.11022302462516E-16,8.32667268468867E-17,1.0));
#6356=DIRECTION('',(1.0,-0.0,1.11022302462516E-16));
#6357=SURFACE_STYLE_FILL_AREA(#8782);
#6358=ORIENTED_EDGE('',*,*,#7770,.F.);
#6359=ORIENTED_EDGE('',*,*,#8783,.F.);
#6360=ORIENTED_EDGE('',*,*,#7772,.T.);
#6361=ORIENTED_EDGE('',*,*,#8784,.T.);
#6362=CARTESIAN_POINT('',(0.0,0.0,0.0));
#6363=DIRECTION('',(0.0,0.0,-1.0));
#6364=DIRECTION('',(1.0,0.0,0.0));
#6365=SURFACE_STYLE_FILL_AREA(#8785);
#6366=ORIENTED_EDGE('',*,*,#7765,.F.);
#6367=ORIENTED_EDGE('',*,*,#8786,.F.);
#6368=ORIENTED_EDGE('',*,*,#7767,.T.);
#6369=ORIENTED_EDGE('',*,*,#8787,.T.);
#6370=CARTESIAN_POINT('',(0.0,8.06646416329215E-17,3.8));
#6371=DIRECTION('',(-7.22223729145213E-34,-2.00457353256915E-50,-1.0));
#6372=DIRECTION('',(2.77555756156289E-17,-1.0,0.0));
#6373=SURFACE_STYLE_FILL_AREA(#8788);
#6374=ORIENTED_EDGE('',*,*,#8786,.T.);
#6375=ORIENTED_EDGE('',*,*,#7764,.T.);
#6376=ORIENTED_EDGE('',*,*,#8784,.F.);
#6377=ORIENTED_EDGE('',*,*,#7771,.F.);
#6378=CARTESIAN_POINT('',(0.0,8.06646416329215E-17,3.8));
#6379=DIRECTION('',(2.81213058213935E-33,-7.52968297950674E-17,1.0));
#6380=DIRECTION('',(0.0,-1.0,-7.52968297950674E-17));
#6381=SURFACE_STYLE_FILL_AREA(#8789);
#6382=ORIENTED_EDGE('',*,*,#7761,.F.);
#6383=ORIENTED_EDGE('',*,*,#8164,.T.);
#6384=ORIENTED_EDGE('',*,*,#7762,.T.);
#6385=ORIENTED_EDGE('',*,*,#8790,.T.);
#6386=CARTESIAN_POINT('',(0.0,0.0,0.7));
#6387=DIRECTION('',(2.75551125489187E-33,-7.32569035463179E-17,1.0));
#6388=DIRECTION('',(2.77555756156289E-17,-1.0,-7.32569035463179E-17));
#6389=SURFACE_STYLE_FILL_AREA(#8791);
#6390=ORIENTED_EDGE('',*,*,#8792,.T.);
#6391=ORIENTED_EDGE('',*,*,#7755,.T.);
#6392=ORIENTED_EDGE('',*,*,#8793,.F.);
#6393=ORIENTED_EDGE('',*,*,#8794,.F.);
#6394=ORIENTED_EDGE('',*,*,#8795,.F.);
#6395=ORIENTED_EDGE('',*,*,#8796,.F.);
#6396=ORIENTED_EDGE('',*,*,#8797,.F.);
#6397=ORIENTED_EDGE('',*,*,#8798,.F.);
#6398=CARTESIAN_POINT('',(0.0,-2.86229373536173E-17,-0.4));
#6399=DIRECTION('',(2.81213058213935E-33,-7.52968297950674E-17,1.0));
#6400=DIRECTION('',(0.0,-1.0,-7.52968297950674E-17));
#6401=SURFACE_STYLE_FILL_AREA(#8799);
#6402=ORIENTED_EDGE('',*,*,#7756,.F.);
#6403=ORIENTED_EDGE('',*,*,#8792,.F.);
#6404=ORIENTED_EDGE('',*,*,#7758,.T.);
#6405=ORIENTED_EDGE('',*,*,#8790,.F.);
#6406=CARTESIAN_POINT('',(0.0,-2.34187669256869E-17,-0.2));
#6407=DIRECTION('',(2.75551125489187E-33,-7.32569035463179E-17,1.0));
#6408=DIRECTION('',(-2.77555756156289E-17,1.0,7.32569035463179E-17));
#6409=SURFACE_STYLE_FILL_AREA(#8800);
#6410=ORIENTED_EDGE('',*,*,#8783,.T.);
#6411=ORIENTED_EDGE('',*,*,#7769,.T.);
#6412=ORIENTED_EDGE('',*,*,#8801,.F.);
#6413=ORIENTED_EDGE('',*,*,#8802,.F.);
#6414=ORIENTED_EDGE('',*,*,#8803,.F.);
#6415=ORIENTED_EDGE('',*,*,#8804,.F.);
#6416=ORIENTED_EDGE('',*,*,#8805,.F.);
#6417=ORIENTED_EDGE('',*,*,#8806,.F.);
#6418=CARTESIAN_POINT('',(0.0,2.86229373536173E-17,1.8));
#6419=DIRECTION('',(2.81213058213935E-33,-7.52968297950674E-17,1.0));
#6420=DIRECTION('',(0.0,-1.0,-7.52968297950674E-17));
#6421=SURFACE_STYLE_FILL_AREA(#8807);
#6422=ORIENTED_EDGE('',*,*,#8801,.T.);
#6423=ORIENTED_EDGE('',*,*,#8808,.F.);
#6424=ORIENTED_EDGE('',*,*,#8809,.F.);
#6425=ORIENTED_EDGE('',*,*,#8810,.T.);
#6426=CARTESIAN_POINT('',(2.77227120620297E-17,-0.998815965698051,1.3));
#6427=DIRECTION('',(0.499999999999997,-0.86602540378444,-7.81621401839366E-17));
#6428=DIRECTION('',(0.0,9.02538653512659E-17,-1.0));
#6429=SURFACE_STYLE_FILL_AREA(#8811);
#6430=ORIENTED_EDGE('',*,*,#8802,.T.);
#6431=ORIENTED_EDGE('',*,*,#8810,.F.);
#6432=ORIENTED_EDGE('',*,*,#8812,.F.);
#6433=ORIENTED_EDGE('',*,*,#8813,.T.);
#6434=CARTESIAN_POINT('',(2.77227120620297E-17,-0.998815965698051,1.3));
#6435=DIRECTION('',(-0.499999999999997,-0.86602540378444,-5.22557946699865E-17));
#6436=DIRECTION('',(-0.86602540378444,0.499999999999997,0.0));
#6437=SURFACE_STYLE_FILL_AREA(#8814);
#6438=ORIENTED_EDGE('',*,*,#8803,.T.);
#6439=ORIENTED_EDGE('',*,*,#8813,.F.);
#6440=ORIENTED_EDGE('',*,*,#8815,.F.);
#6441=ORIENTED_EDGE('',*,*,#8816,.T.);
#6442=CARTESIAN_POINT('',(-0.865,-0.499407982849028,1.3));
#6443=DIRECTION('',(-1.0,-2.77555756156289E-17,2.59063455139502E-17));
#6444=DIRECTION('',(-2.77555756156289E-17,1.0,0.0));
#6445=SURFACE_STYLE_FILL_AREA(#8817);
#6446=ORIENTED_EDGE('',*,*,#8804,.T.);
#6447=ORIENTED_EDGE('',*,*,#8816,.F.);
#6448=ORIENTED_EDGE('',*,*,#8818,.F.);
#6449=ORIENTED_EDGE('',*,*,#8819,.T.);
#6450=CARTESIAN_POINT('',(-2.77227120620297E-17,0.998815965698051,1.3));
#6451=DIRECTION('',(-0.499999999999997,0.86602540378444,7.81621401839366E-17));
#6452=DIRECTION('',(1.56324280367874E-16,0.0,1.0));
#6453=SURFACE_STYLE_FILL_AREA(#8820);
#6454=ORIENTED_EDGE('',*,*,#8805,.T.);
#6455=ORIENTED_EDGE('',*,*,#8819,.F.);
#6456=ORIENTED_EDGE('',*,*,#8821,.F.);
#6457=ORIENTED_EDGE('',*,*,#8822,.T.);
#6458=CARTESIAN_POINT('',(-2.77227120620297E-17,0.998815965698051,1.3));
#6459=DIRECTION('',(0.499999999999997,0.86602540378444,5.22557946699865E-17));
#6460=DIRECTION('',(1.04511589339974E-16,0.0,-1.0));
#6461=SURFACE_STYLE_FILL_AREA(#8823);
#6462=ORIENTED_EDGE('',*,*,#8806,.T.);
#6463=ORIENTED_EDGE('',*,*,#8822,.F.);
#6464=ORIENTED_EDGE('',*,*,#8824,.F.);
#6465=ORIENTED_EDGE('',*,*,#8808,.T.);
#6466=CARTESIAN_POINT('',(0.865,-0.499407982849028,1.3));
#6467=DIRECTION('',(1.0,2.77555756156289E-17,-2.59063455139502E-17));
#6468=DIRECTION('',(-2.77555756156289E-17,1.0,0.0));
#6469=SURFACE_STYLE_FILL_AREA(#8825);
#6470=ORIENTED_EDGE('',*,*,#8794,.T.);
#6471=ORIENTED_EDGE('',*,*,#8826,.T.);
#6472=ORIENTED_EDGE('',*,*,#8812,.T.);
#6473=ORIENTED_EDGE('',*,*,#8827,.F.);
#6474=CARTESIAN_POINT('',(-0.865,-0.499407982849028,1.3));
#6475=DIRECTION('',(-0.499314767377284,-0.864838546066897,0.0523359562429439));
#6476=DIRECTION('',(-0.86602540378444,0.499999999999997,0.0));
#6477=SURFACE_STYLE_FILL_AREA(#8828);
#6478=ORIENTED_EDGE('',*,*,#8793,.T.);
#6479=ORIENTED_EDGE('',*,*,#8829,.T.);
#6480=ORIENTED_EDGE('',*,*,#8815,.T.);
#6481=ORIENTED_EDGE('',*,*,#8826,.F.);
#6482=CARTESIAN_POINT('',(-0.865,0.499407982849028,1.3));
#6483=DIRECTION('',(-0.998629534754574,-1.24969426029555E-17,0.052335956242944));
#6484=DIRECTION('',(-1.25140927321229E-17,1.0,0.0));
#6485=SURFACE_STYLE_FILL_AREA(#8830);
#6486=ORIENTED_EDGE('',*,*,#8798,.T.);
#6487=ORIENTED_EDGE('',*,*,#8831,.T.);
#6488=ORIENTED_EDGE('',*,*,#8818,.T.);
#6489=ORIENTED_EDGE('',*,*,#8829,.F.);
#6490=CARTESIAN_POINT('',(-2.77227120620297E-17,0.998815965698051,1.3));
#6491=DIRECTION('',(-0.499314767377284,0.864838546066898,0.052335956242944));
#6492=DIRECTION('',(0.104244492058603,0.0,0.994551700956488));
#6493=SURFACE_STYLE_FILL_AREA(#8832);
#6494=ORIENTED_EDGE('',*,*,#8797,.T.);
#6495=ORIENTED_EDGE('',*,*,#8833,.T.);
#6496=ORIENTED_EDGE('',*,*,#8821,.T.);
#6497=ORIENTED_EDGE('',*,*,#8831,.F.);
#6498=CARTESIAN_POINT('',(0.865,0.499407982849028,1.3));
#6499=DIRECTION('',(0.499314767377284,0.864838546066898,0.052335956242944));
#6500=DIRECTION('',(0.104244492058603,0.0,-0.994551700956488));
#6501=SURFACE_STYLE_FILL_AREA(#8834);
#6502=ORIENTED_EDGE('',*,*,#8796,.T.);
#6503=ORIENTED_EDGE('',*,*,#8835,.T.);
#6504=ORIENTED_EDGE('',*,*,#8824,.T.);
#6505=ORIENTED_EDGE('',*,*,#8833,.F.);
#6506=CARTESIAN_POINT('',(0.865,-0.499407982849028,1.3));
#6507=DIRECTION('',(0.998629534754574,1.52205949609254E-17,0.052335956242944));
#6508=DIRECTION('',(0.0,-1.0,2.90824818223847E-16));
#6509=SURFACE_STYLE_FILL_AREA(#8836);
#6510=ORIENTED_EDGE('',*,*,#8795,.T.);
#6511=ORIENTED_EDGE('',*,*,#8827,.T.);
#6512=ORIENTED_EDGE('',*,*,#8809,.T.);
#6513=ORIENTED_EDGE('',*,*,#8835,.F.);
#6514=CARTESIAN_POINT('',(2.77227120620297E-17,-0.998815965698051,1.3));
#6515=DIRECTION('',(0.499314767377285,-0.864838546066897,0.0523359562429439));
#6516=DIRECTION('',(-3.4646921954851E-18,-0.0604047878293015,-0.99817396359918));
#6517=SURFACE_STYLE_FILL_AREA(#8837);
#6518=ORIENTED_EDGE('',*,*,#8773,.T.);
#6519=ORIENTED_EDGE('',*,*,#8238,.F.);
#6520=ORIENTED_EDGE('',*,*,#8226,.F.);
#6521=ORIENTED_EDGE('',*,*,#8838,.T.);
#6522=CARTESIAN_POINT('',(-4.4,-4.75,2.4));
#6523=DIRECTION('',(-1.45775082014858E-16,1.0,0.0));
#6524=DIRECTION('',(1.0,1.45775082014858E-16,-0.0));
#6525=SURFACE_STYLE_FILL_AREA(#8839);
#6526=ORIENTED_EDGE('',*,*,#8770,.T.);
#6527=ORIENTED_EDGE('',*,*,#8838,.F.);
#6528=ORIENTED_EDGE('',*,*,#8225,.F.);
#6529=ORIENTED_EDGE('',*,*,#8840,.T.);
#6530=CARTESIAN_POINT('',(-4.4,-4.5,2.4));
#6531=DIRECTION('',(0.0,0.0,-1.0));
#6532=DIRECTION('',(0.0,-1.0,0.0));
#6533=SURFACE_STYLE_FILL_AREA(#8841);
#6534=ORIENTED_EDGE('',*,*,#8508,.T.);
#6535=ORIENTED_EDGE('',*,*,#8842,.F.);
#6536=ORIENTED_EDGE('',*,*,#8843,.F.);
#6537=ORIENTED_EDGE('',*,*,#8844,.T.);
#6538=CARTESIAN_POINT('',(-4.4,-0.95,2.899));
#6539=DIRECTION('',(0.0,0.0,-1.0));
#6540=DIRECTION('',(0.0,-1.0,0.0));
#6541=SURFACE_STYLE_FILL_AREA(#8845);
#6542=ORIENTED_EDGE('',*,*,#8846,.T.);
#6543=ORIENTED_EDGE('',*,*,#8760,.F.);
#6544=ORIENTED_EDGE('',*,*,#8847,.F.);
#6545=ORIENTED_EDGE('',*,*,#8848,.F.);
#6546=ORIENTED_EDGE('',*,*,#8014,.F.);
#6547=CARTESIAN_POINT('',(-4.4,0.65,2.4));
#6548=DIRECTION('',(0.0,0.0,-1.0));
#6549=DIRECTION('',(0.0,-1.0,0.0));
#6550=SURFACE_STYLE_FILL_AREA(#8849);
#6551=ORIENTED_EDGE('',*,*,#8754,.F.);
#6552=ORIENTED_EDGE('',*,*,#8417,.T.);
#6553=ORIENTED_EDGE('',*,*,#8401,.F.);
#6554=ORIENTED_EDGE('',*,*,#8161,.F.);
#6555=ORIENTED_EDGE('',*,*,#8253,.T.);
#6556=ORIENTED_EDGE('',*,*,#8850,.T.);
#6557=CARTESIAN_POINT('',(-4.4,0.349999999999999,1.05));
#6558=DIRECTION('',(-1.45775082014858E-16,1.0,-1.50837570371086E-15));
#6559=DIRECTION('',(0.0,-1.50837570371086E-15,-1.0));
#6560=SURFACE_STYLE_FILL_AREA(#8851);
#6561=ORIENTED_EDGE('',*,*,#8852,.T.);
#6562=ORIENTED_EDGE('',*,*,#8755,.F.);
#6563=ORIENTED_EDGE('',*,*,#8850,.F.);
#6564=ORIENTED_EDGE('',*,*,#8260,.F.);
#6565=CARTESIAN_POINT('',(-4.4,-1.95,1.05));
#6566=DIRECTION('',(0.0,0.0,1.0));
#6567=DIRECTION('',(1.0,0.0,0.0));
#6568=SURFACE_STYLE_FILL_AREA(#8853);
#6569=ORIENTED_EDGE('',*,*,#8153,.F.);
#6570=ORIENTED_EDGE('',*,*,#8406,.F.);
#6571=ORIENTED_EDGE('',*,*,#8420,.T.);
#6572=ORIENTED_EDGE('',*,*,#8756,.F.);
#6573=ORIENTED_EDGE('',*,*,#8852,.F.);
#6574=ORIENTED_EDGE('',*,*,#8259,.T.);
#6575=CARTESIAN_POINT('',(-4.4,-1.95,-0.172777663753113));
#6576=DIRECTION('',(1.45775082014858E-16,-1.0,1.24134017693848E-15));
#6577=DIRECTION('',(-1.0,-1.45775082014858E-16,0.0));
#6578=SURFACE_STYLE_FILL_AREA(#8854);
#6579=ORIENTED_EDGE('',*,*,#8757,.F.);
#6580=ORIENTED_EDGE('',*,*,#8421,.T.);
#6581=ORIENTED_EDGE('',*,*,#8412,.F.);
#6582=ORIENTED_EDGE('',*,*,#8149,.F.);
#6583=ORIENTED_EDGE('',*,*,#8220,.T.);
#6584=ORIENTED_EDGE('',*,*,#8855,.T.);
#6585=CARTESIAN_POINT('',(-4.4,-3.05,0.399999999999998));
#6586=DIRECTION('',(-1.45775082014858E-16,1.0,-1.51430789445426E-15));
#6587=DIRECTION('',(0.0,-1.51430789445426E-15,-1.0));
#6588=SURFACE_STYLE_FILL_AREA(#8856);
#6589=ORIENTED_EDGE('',*,*,#8236,.T.);
#6590=ORIENTED_EDGE('',*,*,#8772,.T.);
#6591=ORIENTED_EDGE('',*,*,#8592,.T.);
#6592=ORIENTED_EDGE('',*,*,#8758,.F.);
#6593=ORIENTED_EDGE('',*,*,#8855,.F.);
#6594=ORIENTED_EDGE('',*,*,#8222,.F.);
#6595=CARTESIAN_POINT('',(-4.4,-5.0,0.399999999999998));
#6596=DIRECTION('',(0.0,0.0,1.0));
#6597=DIRECTION('',(1.0,0.0,0.0));
#6598=SURFACE_STYLE_FILL_AREA(#8857);
#6599=ORIENTED_EDGE('',*,*,#8023,.F.);
#6600=ORIENTED_EDGE('',*,*,#8010,.T.);
#6601=ORIENTED_EDGE('',*,*,#8848,.T.);
#6602=ORIENTED_EDGE('',*,*,#8858,.F.);
#6603=CARTESIAN_POINT('',(-4.4,-3.05,0.399999999999998));
#6604=DIRECTION('',(-1.0,0.0,0.0));
#6605=DIRECTION('',(0.0,0.0,1.0));
#6606=SURFACE_STYLE_FILL_AREA(#8859);
#6607=ORIENTED_EDGE('',*,*,#8463,.T.);
#6608=ORIENTED_EDGE('',*,*,#8746,.T.);
#6609=ORIENTED_EDGE('',*,*,#8860,.F.);
#6610=ORIENTED_EDGE('',*,*,#8202,.T.);
#6611=ORIENTED_EDGE('',*,*,#8132,.F.);
#6612=ORIENTED_EDGE('',*,*,#8467,.F.);
#6613=ORIENTED_EDGE('',*,*,#8440,.T.);
#6614=CARTESIAN_POINT('',(4.4,0.349999999999999,-0.135000000000001));
#6615=DIRECTION('',(2.46519032881566E-32,1.0,-1.82987708436372E-16));
#6616=DIRECTION('',(0.0,-1.82987708436372E-16,-1.0));
#6617=SURFACE_STYLE_FILL_AREA(#8861);
#6618=ORIENTED_EDGE('',*,*,#8862,.T.);
#6619=ORIENTED_EDGE('',*,*,#8749,.T.);
#6620=ORIENTED_EDGE('',*,*,#8863,.F.);
#6621=ORIENTED_EDGE('',*,*,#8056,.T.);
#6622=ORIENTED_EDGE('',*,*,#8864,.F.);
#6623=CARTESIAN_POINT('',(4.4,-0.95,2.4));
#6624=DIRECTION('',(0.0,0.0,-1.0));
#6625=DIRECTION('',(0.0,-1.0,0.0));
#6626=SURFACE_STYLE_FILL_AREA(#8865);
#6627=ORIENTED_EDGE('',*,*,#8776,.T.);
#6628=ORIENTED_EDGE('',*,*,#8866,.F.);
#6629=ORIENTED_EDGE('',*,*,#8251,.F.);
#6630=ORIENTED_EDGE('',*,*,#8103,.T.);
#6631=CARTESIAN_POINT('',(4.4,-4.8,2.4));
#6632=DIRECTION('',(0.0,0.0,-1.0));
#6633=DIRECTION('',(0.0,-1.0,0.0));
#6634=SURFACE_STYLE_FILL_AREA(#8867);
#6635=ORIENTED_EDGE('',*,*,#8868,.T.);
#6636=ORIENTED_EDGE('',*,*,#8751,.T.);
#6637=ORIENTED_EDGE('',*,*,#8674,.F.);
#6638=ORIENTED_EDGE('',*,*,#8777,.F.);
#6639=ORIENTED_EDGE('',*,*,#8242,.F.);
#6640=ORIENTED_EDGE('',*,*,#8230,.F.);
#6641=CARTESIAN_POINT('',(4.4,-3.05,0.399999999999999));
#6642=DIRECTION('',(-1.09651885542244E-47,-4.44800891276104E-16,1.0));
#6643=DIRECTION('',(0.0,-1.0,-4.44800891276104E-16));
#6644=SURFACE_STYLE_FILL_AREA(#8869);
#6645=ORIENTED_EDGE('',*,*,#8456,.T.);
#6646=ORIENTED_EDGE('',*,*,#8743,.T.);
#6647=ORIENTED_EDGE('',*,*,#8868,.F.);
#6648=ORIENTED_EDGE('',*,*,#8229,.T.);
#6649=ORIENTED_EDGE('',*,*,#8142,.F.);
#6650=ORIENTED_EDGE('',*,*,#8460,.F.);
#6651=ORIENTED_EDGE('',*,*,#8424,.T.);
#6652=CARTESIAN_POINT('',(4.4,-3.05,-0.172777663753113));
#6653=DIRECTION('',(2.46519032881566E-32,1.0,0.0));
#6654=DIRECTION('',(1.0,-2.46519032881566E-32,0.0));
#6655=SURFACE_STYLE_FILL_AREA(#8870);
#6656=ORIENTED_EDGE('',*,*,#8052,.F.);
#6657=ORIENTED_EDGE('',*,*,#8042,.T.);
#6658=ORIENTED_EDGE('',*,*,#8871,.F.);
#6659=ORIENTED_EDGE('',*,*,#8864,.T.);
#6660=CARTESIAN_POINT('',(4.4,-1.95,-0.172777663753113));
#6661=DIRECTION('',(-1.0,-0.0,0.0));
#6662=DIRECTION('',(0.0,0.0,1.0));
#6663=SURFACE_STYLE_FILL_AREA(#8872);
#6664=ORIENTED_EDGE('',*,*,#8140,.F.);
#6665=ORIENTED_EDGE('',*,*,#8194,.T.);
#6666=ORIENTED_EDGE('',*,*,#8873,.T.);
#6667=ORIENTED_EDGE('',*,*,#8874,.T.);
#6668=ORIENTED_EDGE('',*,*,#8875,.T.);
#6669=ORIENTED_EDGE('',*,*,#8744,.T.);
#6670=ORIENTED_EDGE('',*,*,#8457,.T.);
#6671=ORIENTED_EDGE('',*,*,#8432,.T.);
#6672=ORIENTED_EDGE('',*,*,#8461,.F.);
#6673=CARTESIAN_POINT('',(4.4,-1.95,1.05));
#6674=DIRECTION('',(-2.46519032881566E-32,-1.0,1.77334310991211E-16));
#6675=DIRECTION('',(-1.0,2.46519032881566E-32,0.0));
#6676=SURFACE_STYLE_FILL_AREA(#8876);
#6677=ORIENTED_EDGE('',*,*,#8875,.F.);
#6678=ORIENTED_EDGE('',*,*,#8877,.T.);
#6679=ORIENTED_EDGE('',*,*,#8878,.T.);
#6680=ORIENTED_EDGE('',*,*,#8203,.F.);
#6681=ORIENTED_EDGE('',*,*,#8860,.T.);
#6682=ORIENTED_EDGE('',*,*,#8745,.T.);
#6683=CARTESIAN_POINT('',(4.4,0.349999999999999,1.05));
#6684=DIRECTION('',(0.0,0.0,1.0));
#6685=DIRECTION('',(1.0,0.0,0.0));
#6686=SURFACE_STYLE_FILL_AREA(#8879);
#6687=ORIENTED_EDGE('',*,*,#8880,.T.);
#6688=ORIENTED_EDGE('',*,*,#8471,.T.);
#6689=CARTESIAN_POINT('',(4.4,-4.5,2.899));
#6690=DIRECTION('',(-6.02313174105283E-48,-2.44327250137578E-16,-1.0));
#6691=DIRECTION('',(0.0,-1.0,2.44327250137578E-16));
#6692=SURFACE_STYLE_FILL_AREA(#8881);
#6693=ORIENTED_EDGE('',*,*,#8174,.T.);
#6694=ORIENTED_EDGE('',*,*,#8282,.T.);
#6695=ORIENTED_EDGE('',*,*,#8166,.T.);
#6696=ORIENTED_EDGE('',*,*,#8279,.T.);
#6697=CARTESIAN_POINT('',(0.0,0.0,12.940916292849));
#6698=DIRECTION('',(0.0,0.0,1.0));
#6699=DIRECTION('',(-1.0,0.0,0.0));
#6700=SURFACE_STYLE_FILL_AREA(#8882);
#6701=ORIENTED_EDGE('',*,*,#8024,.F.);
#6702=ORIENTED_EDGE('',*,*,#8858,.T.);
#6703=ORIENTED_EDGE('',*,*,#8847,.T.);
#6704=ORIENTED_EDGE('',*,*,#8759,.F.);
#6705=ORIENTED_EDGE('',*,*,#8520,.F.);
#6706=ORIENTED_EDGE('',*,*,#8844,.F.);
#6707=ORIENTED_EDGE('',*,*,#8883,.T.);
#6708=ORIENTED_EDGE('',*,*,#8768,.T.);
#6709=ORIENTED_EDGE('',*,*,#8519,.T.);
#6710=ORIENTED_EDGE('',*,*,#8384,.F.);
#6711=ORIENTED_EDGE('',*,*,#8884,.F.);
#6712=CARTESIAN_POINT('',(-4.3,-0.95,-10.3172889856932));
#6713=DIRECTION('',(-1.0842021724855E-15,-1.0,0.0));
#6714=DIRECTION('',(-1.0,1.0842021724855E-15,0.0));
#6715=SURFACE_STYLE_FILL_AREA(#8885);
#6716=ORIENTED_EDGE('',*,*,#8025,.F.);
#6717=ORIENTED_EDGE('',*,*,#8884,.T.);
#6718=ORIENTED_EDGE('',*,*,#8383,.F.);
#6719=ORIENTED_EDGE('',*,*,#8886,.F.);
#6720=CARTESIAN_POINT('',(-4.3,-0.55,-10.3172889856932));
#6721=DIRECTION('',(1.0,0.0,0.0));
#6722=DIRECTION('',(0.0,1.0,0.0));
#6723=SURFACE_STYLE_FILL_AREA(#8887);
#6724=ORIENTED_EDGE('',*,*,#8021,.F.);
#6725=ORIENTED_EDGE('',*,*,#8886,.T.);
#6726=ORIENTED_EDGE('',*,*,#8382,.F.);
#6727=ORIENTED_EDGE('',*,*,#8888,.F.);
#6728=CARTESIAN_POINT('',(-3.825,-0.55,-10.3172889856932));
#6729=DIRECTION('',(2.28253088944317E-16,-1.0,0.0));
#6730=DIRECTION('',(0.0,0.0,-1.0));
#6731=SURFACE_STYLE_FILL_AREA(#8889);
#6732=ORIENTED_EDGE('',*,*,#8029,.F.);
#6733=ORIENTED_EDGE('',*,*,#8018,.F.);
#6734=ORIENTED_EDGE('',*,*,#8022,.F.);
#6735=ORIENTED_EDGE('',*,*,#8888,.T.);
#6736=ORIENTED_EDGE('',*,*,#8381,.F.);
#6737=ORIENTED_EDGE('',*,*,#8890,.F.);
#6738=CARTESIAN_POINT('',(-3.825,0.25,-10.3172889856932));
#6739=DIRECTION('',(1.0,0.0,0.0));
#6740=DIRECTION('',(0.0,1.0,0.0));
#6741=SURFACE_STYLE_FILL_AREA(#8891);
#6742=ORIENTED_EDGE('',*,*,#8030,.F.);
#6743=ORIENTED_EDGE('',*,*,#8890,.T.);
#6744=ORIENTED_EDGE('',*,*,#8380,.F.);
#6745=ORIENTED_EDGE('',*,*,#8892,.F.);
#6746=CARTESIAN_POINT('',(-4.3,0.25,-10.3172889856932));
#6747=DIRECTION('',(0.0,1.0,0.0));
#6748=DIRECTION('',(1.0,0.0,-0.0));
#6749=SURFACE_STYLE_FILL_AREA(#8893);
#6750=ORIENTED_EDGE('',*,*,#8027,.F.);
#6751=ORIENTED_EDGE('',*,*,#8892,.T.);
#6752=ORIENTED_EDGE('',*,*,#8379,.F.);
#6753=ORIENTED_EDGE('',*,*,#8894,.F.);
#6754=CARTESIAN_POINT('',(-4.3,0.65,-10.3172889856932));
#6755=DIRECTION('',(1.0,0.0,0.0));
#6756=DIRECTION('',(0.0,1.0,0.0));
#6757=SURFACE_STYLE_FILL_AREA(#8895);
#6758=ORIENTED_EDGE('',*,*,#8502,.F.);
#6759=ORIENTED_EDGE('',*,*,#8761,.T.);
#6760=ORIENTED_EDGE('',*,*,#8846,.F.);
#6761=ORIENTED_EDGE('',*,*,#8013,.T.);
#6762=ORIENTED_EDGE('',*,*,#8028,.F.);
#6763=ORIENTED_EDGE('',*,*,#8894,.T.);
#6764=ORIENTED_EDGE('',*,*,#8378,.F.);
#6765=CARTESIAN_POINT('',(-4.4,0.650000000000001,-10.3172889856932));
#6766=DIRECTION('',(1.0842021724855E-14,1.0,0.0));
#6767=DIRECTION('',(1.0,-1.0842021724855E-14,0.0));
#6768=SURFACE_STYLE_FILL_AREA(#8896);
#6769=ORIENTED_EDGE('',*,*,#8488,.F.);
#6770=ORIENTED_EDGE('',*,*,#8366,.F.);
#6771=ORIENTED_EDGE('',*,*,#8897,.F.);
#6772=ORIENTED_EDGE('',*,*,#8037,.F.);
#6773=ORIENTED_EDGE('',*,*,#8057,.T.);
#6774=ORIENTED_EDGE('',*,*,#8863,.T.);
#6775=ORIENTED_EDGE('',*,*,#8748,.F.);
#6776=CARTESIAN_POINT('',(4.3,0.65,-10.3172889856932));
#6777=DIRECTION('',(0.0,1.0,0.0));
#6778=DIRECTION('',(1.0,0.0,-0.0));
#6779=SURFACE_STYLE_FILL_AREA(#8898);
#6780=ORIENTED_EDGE('',*,*,#8038,.F.);
#6781=ORIENTED_EDGE('',*,*,#8897,.T.);
#6782=ORIENTED_EDGE('',*,*,#8365,.F.);
#6783=ORIENTED_EDGE('',*,*,#8899,.F.);
#6784=CARTESIAN_POINT('',(4.3,0.25,-10.3172889856932));
#6785=DIRECTION('',(-1.0,0.0,0.0));
#6786=DIRECTION('',(0.0,0.0,1.0));
#6787=SURFACE_STYLE_FILL_AREA(#8900);
#6788=ORIENTED_EDGE('',*,*,#8032,.F.);
#6789=ORIENTED_EDGE('',*,*,#8899,.T.);
#6790=ORIENTED_EDGE('',*,*,#8364,.F.);
#6791=ORIENTED_EDGE('',*,*,#8901,.F.);
#6792=CARTESIAN_POINT('',(3.825,0.25,-10.3172889856932));
#6793=DIRECTION('',(0.0,1.0,0.0));
#6794=DIRECTION('',(1.0,0.0,-0.0));
#6795=SURFACE_STYLE_FILL_AREA(#8902);
#6796=ORIENTED_EDGE('',*,*,#8033,.F.);
#6797=ORIENTED_EDGE('',*,*,#8901,.T.);
#6798=ORIENTED_EDGE('',*,*,#8363,.F.);
#6799=ORIENTED_EDGE('',*,*,#8903,.F.);
#6800=ORIENTED_EDGE('',*,*,#8048,.F.);
#6801=ORIENTED_EDGE('',*,*,#8063,.F.);
#6802=CARTESIAN_POINT('',(3.825,-0.55,-10.3172889856932));
#6803=DIRECTION('',(-1.0,0.0,0.0));
#6804=DIRECTION('',(0.0,0.0,1.0));
#6805=SURFACE_STYLE_FILL_AREA(#8904);
#6806=ORIENTED_EDGE('',*,*,#8049,.F.);
#6807=ORIENTED_EDGE('',*,*,#8903,.T.);
#6808=ORIENTED_EDGE('',*,*,#8362,.F.);
#6809=ORIENTED_EDGE('',*,*,#8905,.F.);
#6810=CARTESIAN_POINT('',(4.3,-0.55,-10.3172889856932));
#6811=DIRECTION('',(-2.28253088944317E-16,-1.0,0.0));
#6812=DIRECTION('',(-1.0,2.28253088944317E-16,0.0));
#6813=SURFACE_STYLE_FILL_AREA(#8906);
#6814=ORIENTED_EDGE('',*,*,#8040,.F.);
#6815=ORIENTED_EDGE('',*,*,#8905,.T.);
#6816=ORIENTED_EDGE('',*,*,#8361,.F.);
#6817=ORIENTED_EDGE('',*,*,#8907,.F.);
#6818=CARTESIAN_POINT('',(4.3,-0.95,-10.3172889856932));
#6819=DIRECTION('',(-1.0,0.0,0.0));
#6820=DIRECTION('',(0.0,0.0,1.0));
#6821=SURFACE_STYLE_FILL_AREA(#8908);
#6822=ORIENTED_EDGE('',*,*,#8119,.F.);
#6823=ORIENTED_EDGE('',*,*,#8909,.T.);
#6824=ORIENTED_EDGE('',*,*,#8766,.T.);
#6825=ORIENTED_EDGE('',*,*,#8106,.F.);
#6826=CARTESIAN_POINT('',(3.52,-4.8,-10.3172889856932));
#6827=DIRECTION('',(-0.619644288579021,0.784882765533426,0.0));
#6828=DIRECTION('',(0.0,0.0,1.0));
#6829=SURFACE_STYLE_FILL_AREA(#8910);
#6830=ORIENTED_EDGE('',*,*,#8090,.F.);
#6831=ORIENTED_EDGE('',*,*,#8095,.T.);
#6832=ORIENTED_EDGE('',*,*,#8765,.T.);
#6833=ORIENTED_EDGE('',*,*,#8911,.F.);
#6834=CARTESIAN_POINT('',(-3.9,-4.5,-10.3172889856932));
#6835=DIRECTION('',(0.619644288579021,0.784882765533426,0.0));
#6836=DIRECTION('',(0.0,0.0,-1.0));
#6837=SURFACE_STYLE_FILL_AREA(#8912);
#6838=ORIENTED_EDGE('',*,*,#8091,.F.);
#6839=ORIENTED_EDGE('',*,*,#8911,.T.);
#6840=ORIENTED_EDGE('',*,*,#8764,.T.);
#6841=ORIENTED_EDGE('',*,*,#8913,.F.);
#6842=ORIENTED_EDGE('',*,*,#8842,.T.);
#6843=ORIENTED_EDGE('',*,*,#8771,.T.);
#6844=ORIENTED_EDGE('',*,*,#8840,.F.);
#6845=ORIENTED_EDGE('',*,*,#8224,.T.);
#6846=CARTESIAN_POINT('',(-4.4,-4.5,-10.3172889856932));
#6847=DIRECTION('',(0.0,1.0,0.0));
#6848=DIRECTION('',(1.0,0.0,-0.0));
#6849=SURFACE_STYLE_FILL_AREA(#8914);
#6850=ORIENTED_EDGE('',*,*,#8041,.F.);
#6851=ORIENTED_EDGE('',*,*,#8907,.T.);
#6852=ORIENTED_EDGE('',*,*,#8360,.F.);
#6853=ORIENTED_EDGE('',*,*,#8482,.F.);
#6854=ORIENTED_EDGE('',*,*,#8915,.F.);
#6855=ORIENTED_EDGE('',*,*,#8481,.T.);
#6856=ORIENTED_EDGE('',*,*,#8750,.T.);
#6857=ORIENTED_EDGE('',*,*,#8862,.F.);
#6858=ORIENTED_EDGE('',*,*,#8871,.T.);
#6859=CARTESIAN_POINT('',(4.429,-0.95,-10.3172889856932));
#6860=DIRECTION('',(7.56420120338726E-15,-1.0,0.0));
#6861=DIRECTION('',(0.0,0.0,-1.0));
#6862=SURFACE_STYLE_FILL_AREA(#8916);
#6863=ORIENTED_EDGE('',*,*,#8206,.F.);
#6864=ORIENTED_EDGE('',*,*,#8917,.T.);
#6865=ORIENTED_EDGE('',*,*,#8877,.F.);
#6866=ORIENTED_EDGE('',*,*,#8874,.F.);
#6867=ORIENTED_EDGE('',*,*,#8918,.T.);
#6868=ORIENTED_EDGE('',*,*,#8211,.F.);
#6869=CARTESIAN_POINT('',(4.429,-4.5,-10.3172889856932));
#6870=DIRECTION('',(-1.0,2.44327250137578E-16,0.0));
#6871=DIRECTION('',(0.0,0.0,1.0));
#6872=SURFACE_STYLE_FILL_AREA(#8919);
#6873=ORIENTED_EDGE('',*,*,#8880,.F.);
#6874=ORIENTED_EDGE('',*,*,#8915,.T.);
#6875=ORIENTED_EDGE('',*,*,#8475,.T.);
#6876=ORIENTED_EDGE('',*,*,#8920,.F.);
#6877=CARTESIAN_POINT('',(4.429,-4.5,-10.3172889856932));
#6878=DIRECTION('',(-1.0,2.44327250137578E-16,0.0));
#6879=DIRECTION('',(0.0,0.0,1.0));
#6880=SURFACE_STYLE_FILL_AREA(#8921);
#6881=ORIENTED_EDGE('',*,*,#8118,.F.);
#6882=ORIENTED_EDGE('',*,*,#8250,.T.);
#6883=ORIENTED_EDGE('',*,*,#8866,.T.);
#6884=ORIENTED_EDGE('',*,*,#8775,.T.);
#6885=ORIENTED_EDGE('',*,*,#8920,.T.);
#6886=ORIENTED_EDGE('',*,*,#8767,.T.);
#6887=ORIENTED_EDGE('',*,*,#8909,.F.);
#6888=CARTESIAN_POINT('',(3.9,-4.5,-10.3172889856932));
#6889=DIRECTION('',(-1.63962521358868E-15,1.0,0.0));
#6890=DIRECTION('',(1.0,1.63962521358868E-15,-0.0));
#6891=SURFACE_STYLE_FILL_AREA(#8922);
#6892=ORIENTED_EDGE('',*,*,#8843,.T.);
#6893=ORIENTED_EDGE('',*,*,#8913,.T.);
#6894=ORIENTED_EDGE('',*,*,#8763,.T.);
#6895=ORIENTED_EDGE('',*,*,#8883,.F.);
#6896=CARTESIAN_POINT('',(-4.4,-4.5,-10.3172889856932));
#6897=DIRECTION('',(1.0,-0.0,0.0));
#6898=DIRECTION('',(0.0,1.0,-0.0));
#6899=SURFACE_STYLE_FILL_AREA(#8923);
#6900=ORIENTED_EDGE('',*,*,#8779,.T.);
#6901=ORIENTED_EDGE('',*,*,#7774,.T.);
#6902=ORIENTED_EDGE('',*,*,#8787,.F.);
#6903=ORIENTED_EDGE('',*,*,#7766,.F.);
#6904=CARTESIAN_POINT('',(0.0,0.0,3.6));
#6905=DIRECTION('',(0.0,0.0,1.0));
#6906=DIRECTION('',(1.0,0.0,0.0));
#6907=SURFACE_STYLE_FILL_AREA(#8924);
#6908=ORIENTED_EDGE('',*,*,#8487,.F.);
#6909=ORIENTED_EDGE('',*,*,#8747,.T.);
#6910=ORIENTED_EDGE('',*,*,#8464,.T.);
#6911=ORIENTED_EDGE('',*,*,#8448,.T.);
#6912=ORIENTED_EDGE('',*,*,#8468,.F.);
#6913=ORIENTED_EDGE('',*,*,#8130,.F.);
#6914=ORIENTED_EDGE('',*,*,#8188,.F.);
#6915=ORIENTED_EDGE('',*,*,#8185,.F.);
#6916=ORIENTED_EDGE('',*,*,#8522,.T.);
#6917=ORIENTED_EDGE('',*,*,#8368,.F.);
#6918=CARTESIAN_POINT('',(4.429,1.45,-10.3172889856932));
#6919=DIRECTION('',(0.0,-1.0,0.0));
#6920=DIRECTION('',(0.0,0.0,-1.0));
#6921=SURFACE_STYLE_FILL_AREA(#8925);
#6922=ORIENTED_EDGE('',*,*,#8873,.F.);
#6923=ORIENTED_EDGE('',*,*,#8196,.T.);
#6924=ORIENTED_EDGE('',*,*,#8216,.F.);
#6925=ORIENTED_EDGE('',*,*,#8918,.F.);
#6926=CARTESIAN_POINT('',(0.0,3.25,0.5));
#6927=DIRECTION('',(0.0,-0.0,1.0));
#6928=DIRECTION('',(1.0,0.0,-0.0));
#6929=SURFACE_STYLE_FILL_AREA(#8926);
#6930=ORIENTED_EDGE('',*,*,#8503,.F.);
#6931=ORIENTED_EDGE('',*,*,#8376,.F.);
#6932=ORIENTED_EDGE('',*,*,#8534,.F.);
#6933=ORIENTED_EDGE('',*,*,#8177,.F.);
#6934=ORIENTED_EDGE('',*,*,#8191,.F.);
#6935=ORIENTED_EDGE('',*,*,#8122,.F.);
#6936=ORIENTED_EDGE('',*,*,#8395,.F.);
#6937=ORIENTED_EDGE('',*,*,#8416,.T.);
#6938=ORIENTED_EDGE('',*,*,#8753,.F.);
#6939=CARTESIAN_POINT('',(4.429,1.45,-10.3172889856932));
#6940=DIRECTION('',(0.0,-1.0,0.0));
#6941=DIRECTION('',(0.0,0.0,-1.0));
#6942=SURFACE_STYLE_FILL_AREA(#8927);
#6943=ORIENTED_EDGE('',*,*,#8205,.F.);
#6944=ORIENTED_EDGE('',*,*,#8198,.T.);
#6945=ORIENTED_EDGE('',*,*,#8878,.F.);
#6946=ORIENTED_EDGE('',*,*,#8917,.F.);
#6947=CARTESIAN_POINT('',(4.429,-0.95,-10.3172889856932));
#6948=DIRECTION('',(7.56420120338726E-15,-1.0,0.0));
#6949=DIRECTION('',(0.0,0.0,-1.0));
#6950=SURFACE_STYLE_FILL_AREA(#8928);
#6951=ORIENTED_EDGE('',*,*,#8929,.T.);
#6952=ORIENTED_EDGE('',*,*,#8930,.T.);
#6953=ORIENTED_EDGE('',*,*,#8931,.F.);
#6954=ORIENTED_EDGE('',*,*,#8932,.F.);
#6955=CARTESIAN_POINT('',(2.52522292869346E-15,-12.2,-0.600000000000002));
#6956=DIRECTION('',(0.0,0.0,-1.0));
#6957=DIRECTION('',(1.0,0.0,0.0));
#6958=SURFACE_STYLE_FILL_AREA(#8933);
#6959=ORIENTED_EDGE('',*,*,#8934,.T.);
#6960=ORIENTED_EDGE('',*,*,#8932,.T.);
#6961=ORIENTED_EDGE('',*,*,#8935,.F.);
#6962=ORIENTED_EDGE('',*,*,#8936,.T.);
#6963=CARTESIAN_POINT('',(-0.399999999999997,-12.2242640687119,-0.600000000000002));
#6964=DIRECTION('',(-0.707106781186551,-0.707106781186544,0.0));
#6965=DIRECTION('',(-0.707106781186544,0.707106781186551,0.0));
#6966=SURFACE_STYLE_FILL_AREA(#8937);
#6967=ORIENTED_EDGE('',*,*,#8938,.T.);
#6968=ORIENTED_EDGE('',*,*,#8939,.T.);
#6969=ORIENTED_EDGE('',*,*,#8940,.F.);
#6970=ORIENTED_EDGE('',*,*,#8930,.F.);
#6971=CARTESIAN_POINT('',(0.212132034355969,-12.412132034356,-0.600000000000002));
#6972=DIRECTION('',(0.707106781186553,-0.707106781186542,0.0));
#6973=DIRECTION('',(0.0,0.0,-1.0));
#6974=SURFACE_STYLE_FILL_AREA(#8941);
#6975=ORIENTED_EDGE('',*,*,#7712,.T.);
#6976=ORIENTED_EDGE('',*,*,#8942,.T.);
#6977=ORIENTED_EDGE('',*,*,#8943,.F.);
#6978=ORIENTED_EDGE('',*,*,#7693,.F.);
#6979=CARTESIAN_POINT('',(-1.0842021724855E-16,-11.9,0.575000000000001));
#6980=DIRECTION('',(0.0,-1.0,0.0));
#6981=DIRECTION('',(0.0,0.0,1.0));
#6982=SURFACE_STYLE_FILL_AREA(#8944);
#6983=ORIENTED_EDGE('',*,*,#7708,.T.);
#6984=ORIENTED_EDGE('',*,*,#7703,.F.);
#6985=ORIENTED_EDGE('',*,*,#8945,.T.);
#6986=CARTESIAN_POINT('',(-1.0842021724855E-16,-11.9,0.575000000000002));
#6987=DIRECTION('',(0.0,-3.46944695195361E-15,-1.0));
#6988=DIRECTION('',(0.0,-1.0,3.46944695195361E-15));
#6989=SURFACE_STYLE_FILL_AREA(#8946);
#6990=ORIENTED_EDGE('',*,*,#7705,.T.);
#6991=ORIENTED_EDGE('',*,*,#8947,.T.);
#6992=ORIENTED_EDGE('',*,*,#8948,.T.);
#6993=CARTESIAN_POINT('',(-1.0842021724855E-16,-8.7,0.575000000000002));
#6994=DIRECTION('',(0.0,3.46944695195361E-15,-1.0));
#6995=DIRECTION('',(0.0,1.0,3.46944695195361E-15));
#6996=SURFACE_STYLE_FILL_AREA(#8949);
#6997=ORIENTED_EDGE('',*,*,#7700,.T.);
#6998=ORIENTED_EDGE('',*,*,#7710,.T.);
#6999=ORIENTED_EDGE('',*,*,#8950,.T.);
#7000=ORIENTED_EDGE('',*,*,#8947,.F.);
#7001=CARTESIAN_POINT('',(-1.0842021724855E-16,-11.9,0.575000000000001));
#7002=DIRECTION('',(0.0,-1.0,0.0));
#7003=DIRECTION('',(0.0,0.0,1.0));
#7004=SURFACE_STYLE_FILL_AREA(#8951);
#7005=ORIENTED_EDGE('',*,*,#8952,.F.);
#7006=ORIENTED_EDGE('',*,*,#8953,.F.);
#7007=ORIENTED_EDGE('',*,*,#8954,.F.);
#7008=ORIENTED_EDGE('',*,*,#8955,.F.);
#7009=CARTESIAN_POINT('',(0.750000000000002,-5.77267710627231,0.65));
#7010=DIRECTION('',(1.0,-0.0,0.0));
#7011=DIRECTION('',(0.0,0.0,1.0));
#7012=SURFACE_STYLE_FILL_AREA(#8956);
#7013=ORIENTED_EDGE('',*,*,#8957,.F.);
#7014=ORIENTED_EDGE('',*,*,#8958,.F.);
#7015=ORIENTED_EDGE('',*,*,#8959,.F.);
#7016=ORIENTED_EDGE('',*,*,#8960,.F.);
#7017=CARTESIAN_POINT('',(0.750000000000002,-7.17522744202504,1.7));
#7018=DIRECTION('',(-1.0,0.0,-0.0));
#7019=DIRECTION('',(0.0,0.0,-1.0));
#7020=SURFACE_STYLE_FILL_AREA(#8961);
#7021=ORIENTED_EDGE('',*,*,#8962,.F.);
#7022=ORIENTED_EDGE('',*,*,#8963,.F.);
#7023=ORIENTED_EDGE('',*,*,#8964,.F.);
#7024=ORIENTED_EDGE('',*,*,#8965,.F.);
#7025=CARTESIAN_POINT('',(0.750000000000002,-6.42477255797496,1.7));
#7026=DIRECTION('',(-1.0,0.0,-0.0));
#7027=DIRECTION('',(0.0,0.0,-1.0));
#7028=SURFACE_STYLE_FILL_AREA(#8966);
#7029=ORIENTED_EDGE('',*,*,#8967,.F.);
#7030=ORIENTED_EDGE('',*,*,#8968,.F.);
#7031=ORIENTED_EDGE('',*,*,#8969,.F.);
#7032=ORIENTED_EDGE('',*,*,#8970,.F.);
#7033=CARTESIAN_POINT('',(-7.0,-7.82732289372769,0.65));
#7034=DIRECTION('',(1.0,-0.0,0.0));
#7035=DIRECTION('',(0.0,0.0,1.0));
#7036=SURFACE_STYLE_FILL_AREA(#8971);
#7037=ORIENTED_EDGE('',*,*,#8972,.F.);
#7038=ORIENTED_EDGE('',*,*,#8973,.F.);
#7039=ORIENTED_EDGE('',*,*,#8974,.F.);
#7040=ORIENTED_EDGE('',*,*,#8975,.F.);
#7041=CARTESIAN_POINT('',(0.750000000000002,-6.42477255797496,1.7));
#7042=DIRECTION('',(1.0,-0.0,0.0));
#7043=DIRECTION('',(0.0,0.0,1.0));
#7044=SURFACE_STYLE_FILL_AREA(#8976);
#7045=ORIENTED_EDGE('',*,*,#8977,.F.);
#7046=ORIENTED_EDGE('',*,*,#8978,.F.);
#7047=ORIENTED_EDGE('',*,*,#8979,.F.);
#7048=ORIENTED_EDGE('',*,*,#8980,.F.);
#7049=CARTESIAN_POINT('',(0.750000000000002,-7.17522744202504,1.7));
#7050=DIRECTION('',(1.0,-0.0,0.0));
#7051=DIRECTION('',(0.0,0.0,1.0));
#7052=SURFACE_STYLE_FILL_AREA(#8981);
#7053=ORIENTED_EDGE('',*,*,#8982,.F.);
#7054=ORIENTED_EDGE('',*,*,#8983,.F.);
#7055=ORIENTED_EDGE('',*,*,#8984,.F.);
#7056=ORIENTED_EDGE('',*,*,#8985,.F.);
#7057=CARTESIAN_POINT('',(0.750000000000002,-7.82732289372769,0.65));
#7058=DIRECTION('',(1.0,-0.0,0.0));
#7059=DIRECTION('',(0.0,0.0,1.0));
#7060=SURFACE_STYLE_FILL_AREA(#8986);
#7061=ORIENTED_EDGE('',*,*,#8987,.F.);
#7062=ORIENTED_EDGE('',*,*,#8988,.F.);
#7063=ORIENTED_EDGE('',*,*,#8989,.F.);
#7064=ORIENTED_EDGE('',*,*,#8990,.F.);
#7065=CARTESIAN_POINT('',(-7.0,-5.77267710627231,0.65));
#7066=DIRECTION('',(1.0,-0.0,0.0));
#7067=DIRECTION('',(0.0,0.0,1.0));
#7068=SURFACE_STYLE_FILL_AREA(#8991);
#7069=ORIENTED_EDGE('',*,*,#8992,.T.);
#7070=ORIENTED_EDGE('',*,*,#8958,.T.);
#7071=ORIENTED_EDGE('',*,*,#8993,.F.);
#7072=ORIENTED_EDGE('',*,*,#8985,.T.);
#7073=CARTESIAN_POINT('',(0.750000000000002,-7.3,1.85));
#7074=DIRECTION('',(0.0,-0.98328200498446,0.182089260182308));
#7075=DIRECTION('',(-1.0,0.0,0.0));
#7076=SURFACE_STYLE_FILL_AREA(#8994);
#7077=ORIENTED_EDGE('',*,*,#8995,.T.);
#7078=ORIENTED_EDGE('',*,*,#8968,.T.);
#7079=ORIENTED_EDGE('',*,*,#8996,.F.);
#7080=ORIENTED_EDGE('',*,*,#8980,.T.);
#7081=CARTESIAN_POINT('',(0.750000000000002,-7.42477255797495,2.0));
#7082=DIRECTION('',(0.0,0.98328200498446,-0.182089260182309));
#7083=DIRECTION('',(-1.0,0.0,0.0));
#7084=SURFACE_STYLE_FILL_AREA(#8997);
#7085=ORIENTED_EDGE('',*,*,#8998,.T.);
#7086=ORIENTED_EDGE('',*,*,#8978,.T.);
#7087=ORIENTED_EDGE('',*,*,#8999,.F.);
#7088=ORIENTED_EDGE('',*,*,#8975,.T.);
#7089=CARTESIAN_POINT('',(0.750000000000002,-6.17522744202505,2.0));
#7090=DIRECTION('',(0.0,1.73535498421966E-16,-1.0));
#7091=DIRECTION('',(-1.0,0.0,0.0));
#7092=SURFACE_STYLE_FILL_AREA(#9000);
#7093=ORIENTED_EDGE('',*,*,#9001,.F.);
#7094=ORIENTED_EDGE('',*,*,#8955,.T.);
#7095=ORIENTED_EDGE('',*,*,#9002,.T.);
#7096=ORIENTED_EDGE('',*,*,#8973,.T.);
#7097=CARTESIAN_POINT('',(0.750000000000002,-6.17522744202505,2.0));
#7098=DIRECTION('',(0.0,-0.98328200498446,-0.182089260182309));
#7099=DIRECTION('',(0.0,0.182089260182309,-0.98328200498446));
#7100=SURFACE_STYLE_FILL_AREA(#9003);
#7101=ORIENTED_EDGE('',*,*,#9004,.F.);
#7102=ORIENTED_EDGE('',*,*,#8965,.T.);
#7103=ORIENTED_EDGE('',*,*,#9005,.T.);
#7104=ORIENTED_EDGE('',*,*,#8988,.T.);
#7105=CARTESIAN_POINT('',(0.750000000000002,-6.3,1.85));
#7106=DIRECTION('',(-0.0,0.98328200498446,0.182089260182308));
#7107=DIRECTION('',(1.0,0.0,0.0));
#7108=SURFACE_STYLE_FILL_AREA(#9006);
#7109=ORIENTED_EDGE('',*,*,#9007,.T.);
#7110=ORIENTED_EDGE('',*,*,#8963,.T.);
#7111=ORIENTED_EDGE('',*,*,#9008,.F.);
#7112=ORIENTED_EDGE('',*,*,#8960,.T.);
#7113=CARTESIAN_POINT('',(0.750000000000002,-6.3,1.85));
#7114=DIRECTION('',(-0.0,0.0,1.0));
#7115=DIRECTION('',(1.0,-0.0,0.0));
#7116=SURFACE_STYLE_FILL_AREA(#9009);
#7117=ORIENTED_EDGE('',*,*,#9010,.T.);
#7118=ORIENTED_EDGE('',*,*,#9011,.T.);
#7119=ORIENTED_EDGE('',*,*,#9012,.T.);
#7120=ORIENTED_EDGE('',*,*,#9013,.F.);
#7121=CARTESIAN_POINT('',(-0.749999999999996,-8.8,0.349));
#7122=DIRECTION('',(0.0,1.0,0.0));
#7123=DIRECTION('',(1.0,0.0,-0.0));
#7124=SURFACE_STYLE_FILL_AREA(#9014);
#7125=ORIENTED_EDGE('',*,*,#9015,.T.);
#7126=ORIENTED_EDGE('',*,*,#9016,.T.);
#7127=ORIENTED_EDGE('',*,*,#9017,.T.);
#7128=ORIENTED_EDGE('',*,*,#9018,.F.);
#7129=CARTESIAN_POINT('',(0.400000000000002,-8.8,0.349));
#7130=DIRECTION('',(0.0,1.0,0.0));
#7131=DIRECTION('',(1.0,0.0,-0.0));
#7132=SURFACE_STYLE_FILL_AREA(#9019);
#7133=ORIENTED_EDGE('',*,*,#7696,.T.);
#7134=ORIENTED_EDGE('',*,*,#9020,.T.);
#7135=ORIENTED_EDGE('',*,*,#8942,.F.);
#7136=CARTESIAN_POINT('',(-1.0842021724855E-16,-8.7,0.575000000000001));
#7137=DIRECTION('',(0.0,1.0,0.0));
#7138=DIRECTION('',(0.0,0.0,1.0));
#7139=SURFACE_STYLE_FILL_AREA(#9021);
#7140=ORIENTED_EDGE('',*,*,#7692,.T.);
#7141=ORIENTED_EDGE('',*,*,#9022,.T.);
#7142=ORIENTED_EDGE('',*,*,#7713,.T.);
#7143=CARTESIAN_POINT('',(-1.0842021724855E-16,-11.9,0.575000000000001));
#7144=DIRECTION('',(0.0,-1.0,0.0));
#7145=DIRECTION('',(0.0,0.0,1.0));
#7146=SURFACE_STYLE_FILL_AREA(#9023);
#7147=ORIENTED_EDGE('',*,*,#8939,.F.);
#7148=ORIENTED_EDGE('',*,*,#9024,.T.);
#7149=ORIENTED_EDGE('',*,*,#9018,.T.);
#7150=ORIENTED_EDGE('',*,*,#9025,.F.);
#7151=CARTESIAN_POINT('',(0.400000000000003,-14.6,0.5));
#7152=DIRECTION('',(-1.0,-2.50200501342808E-16,0.0));
#7153=DIRECTION('',(-2.50200501342808E-16,1.0,0.0));
#7154=SURFACE_STYLE_FILL_AREA(#9026);
#7155=ORIENTED_EDGE('',*,*,#8936,.F.);
#7156=ORIENTED_EDGE('',*,*,#9027,.F.);
#7157=ORIENTED_EDGE('',*,*,#9011,.F.);
#7158=ORIENTED_EDGE('',*,*,#9028,.T.);
#7159=CARTESIAN_POINT('',(-0.399999999999996,-14.6,0.5));
#7160=DIRECTION('',(1.0,0.0,0.0));
#7161=DIRECTION('',(0.0,1.0,0.0));
#7162=SURFACE_STYLE_FILL_AREA(#9029);
#7163=ORIENTED_EDGE('',*,*,#8938,.F.);
#7164=ORIENTED_EDGE('',*,*,#8929,.F.);
#7165=ORIENTED_EDGE('',*,*,#8934,.F.);
#7166=ORIENTED_EDGE('',*,*,#9028,.F.);
#7167=ORIENTED_EDGE('',*,*,#9010,.F.);
#7168=ORIENTED_EDGE('',*,*,#9030,.F.);
#7169=ORIENTED_EDGE('',*,*,#8983,.T.);
#7170=ORIENTED_EDGE('',*,*,#9031,.F.);
#7171=ORIENTED_EDGE('',*,*,#9015,.F.);
#7172=ORIENTED_EDGE('',*,*,#9024,.F.);
#7173=ORIENTED_EDGE('',*,*,#8945,.F.);
#7174=ORIENTED_EDGE('',*,*,#7702,.T.);
#7175=ORIENTED_EDGE('',*,*,#7706,.F.);
#7176=ORIENTED_EDGE('',*,*,#8948,.F.);
#7177=ORIENTED_EDGE('',*,*,#8950,.F.);
#7178=ORIENTED_EDGE('',*,*,#7709,.F.);
#7179=CARTESIAN_POINT('',(-7.0,6.7,0.35));
#7180=DIRECTION('',(-0.0,0.0,1.0));
#7181=DIRECTION('',(1.0,-0.0,0.0));
#7182=SURFACE_STYLE_FILL_AREA(#9032);
#7183=ORIENTED_EDGE('',*,*,#8931,.T.);
#7184=ORIENTED_EDGE('',*,*,#8940,.T.);
#7185=ORIENTED_EDGE('',*,*,#9025,.T.);
#7186=ORIENTED_EDGE('',*,*,#9017,.F.);
#7187=ORIENTED_EDGE('',*,*,#9033,.T.);
#7188=ORIENTED_EDGE('',*,*,#8970,.T.);
#7189=ORIENTED_EDGE('',*,*,#9034,.T.);
#7190=ORIENTED_EDGE('',*,*,#9012,.F.);
#7191=ORIENTED_EDGE('',*,*,#9027,.T.);
#7192=ORIENTED_EDGE('',*,*,#8935,.T.);
#7193=ORIENTED_EDGE('',*,*,#7698,.F.);
#7194=ORIENTED_EDGE('',*,*,#7714,.F.);
#7195=ORIENTED_EDGE('',*,*,#9022,.F.);
#7196=ORIENTED_EDGE('',*,*,#7694,.F.);
#7197=ORIENTED_EDGE('',*,*,#8943,.T.);
#7198=ORIENTED_EDGE('',*,*,#9020,.F.);
#7199=CARTESIAN_POINT('',(-7.0,6.7,0.5));
#7200=DIRECTION('',(-0.0,0.0,1.0));
#7201=DIRECTION('',(1.0,-0.0,0.0));
#7202=SURFACE_STYLE_FILL_AREA(#9035);
#7203=ORIENTED_EDGE('',*,*,#9036,.T.);
#7204=ORIENTED_EDGE('',*,*,#8113,.F.);
#7205=ORIENTED_EDGE('',*,*,#9037,.T.);
#7206=ORIENTED_EDGE('',*,*,#8953,.T.);
#7207=CARTESIAN_POINT('',(-7.0,6.7,0.5));
#7208=DIRECTION('',(-0.0,0.0,1.0));
#7209=DIRECTION('',(1.0,-0.0,0.0));
#7210=SURFACE_STYLE_FILL_AREA(#9038);
#7211=ORIENTED_EDGE('',*,*,#8112,.T.);
#7212=ORIENTED_EDGE('',*,*,#9039,.T.);
#7213=ORIENTED_EDGE('',*,*,#8989,.T.);
#7214=ORIENTED_EDGE('',*,*,#9005,.F.);
#7215=ORIENTED_EDGE('',*,*,#8964,.T.);
#7216=ORIENTED_EDGE('',*,*,#9007,.F.);
#7217=ORIENTED_EDGE('',*,*,#8959,.T.);
#7218=ORIENTED_EDGE('',*,*,#8992,.F.);
#7219=ORIENTED_EDGE('',*,*,#8984,.T.);
#7220=ORIENTED_EDGE('',*,*,#9030,.T.);
#7221=ORIENTED_EDGE('',*,*,#9013,.T.);
#7222=ORIENTED_EDGE('',*,*,#9034,.F.);
#7223=ORIENTED_EDGE('',*,*,#8969,.T.);
#7224=ORIENTED_EDGE('',*,*,#8995,.F.);
#7225=ORIENTED_EDGE('',*,*,#8979,.T.);
#7226=ORIENTED_EDGE('',*,*,#8998,.F.);
#7227=ORIENTED_EDGE('',*,*,#8974,.T.);
#7228=ORIENTED_EDGE('',*,*,#9002,.F.);
#7229=ORIENTED_EDGE('',*,*,#8954,.T.);
#7230=ORIENTED_EDGE('',*,*,#9037,.F.);
#7231=CARTESIAN_POINT('',(-0.749999999999996,-10.7,0.5));
#7232=DIRECTION('',(1.0,0.0,0.0));
#7233=DIRECTION('',(0.0,1.0,0.0));
#7234=SURFACE_STYLE_FILL_AREA(#9040);
#7235=ORIENTED_EDGE('',*,*,#8114,.T.);
#7236=ORIENTED_EDGE('',*,*,#9036,.F.);
#7237=ORIENTED_EDGE('',*,*,#8952,.T.);
#7238=ORIENTED_EDGE('',*,*,#9001,.T.);
#7239=ORIENTED_EDGE('',*,*,#8972,.T.);
#7240=ORIENTED_EDGE('',*,*,#8999,.T.);
#7241=ORIENTED_EDGE('',*,*,#8977,.T.);
#7242=ORIENTED_EDGE('',*,*,#8996,.T.);
#7243=ORIENTED_EDGE('',*,*,#8967,.T.);
#7244=ORIENTED_EDGE('',*,*,#9033,.F.);
#7245=ORIENTED_EDGE('',*,*,#9016,.F.);
#7246=ORIENTED_EDGE('',*,*,#9031,.T.);
#7247=ORIENTED_EDGE('',*,*,#8982,.T.);
#7248=ORIENTED_EDGE('',*,*,#8993,.T.);
#7249=ORIENTED_EDGE('',*,*,#8957,.T.);
#7250=ORIENTED_EDGE('',*,*,#9008,.T.);
#7251=ORIENTED_EDGE('',*,*,#8962,.T.);
#7252=ORIENTED_EDGE('',*,*,#9004,.T.);
#7253=ORIENTED_EDGE('',*,*,#8987,.T.);
#7254=ORIENTED_EDGE('',*,*,#9041,.T.);
#7255=CARTESIAN_POINT('',(0.750000000000002,-10.7,0.5));
#7256=DIRECTION('',(-1.0,-2.44819845399953E-16,0.0));
#7257=DIRECTION('',(-2.44819845399953E-16,1.0,0.0));
#7258=SURFACE_STYLE_FILL_AREA(#9042);
#7259=ORIENTED_EDGE('',*,*,#8115,.T.);
#7260=ORIENTED_EDGE('',*,*,#9041,.F.);
#7261=ORIENTED_EDGE('',*,*,#8990,.T.);
#7262=ORIENTED_EDGE('',*,*,#9039,.F.);
#7263=CARTESIAN_POINT('',(-7.0,6.7,0.35));
#7264=DIRECTION('',(-0.0,0.0,1.0));
#7265=DIRECTION('',(1.0,-0.0,0.0));
#7266=SURFACE_STYLE_FILL_AREA(#9043);
#7267=ORIENTED_EDGE('',*,*,#9044,.T.);
#7268=ORIENTED_EDGE('',*,*,#9045,.T.);
#7269=ORIENTED_EDGE('',*,*,#9046,.F.);
#7270=ORIENTED_EDGE('',*,*,#9047,.F.);
#7271=CARTESIAN_POINT('',(-2.28786796564403,-12.412132034356,-0.600000000000002));
#7272=DIRECTION('',(0.707106781186548,-0.707106781186548,0.0));
#7273=DIRECTION('',(0.0,0.0,-1.0));
#7274=SURFACE_STYLE_FILL_AREA(#9048);
#7275=ORIENTED_EDGE('',*,*,#9049,.T.);
#7276=ORIENTED_EDGE('',*,*,#9050,.T.);
#7277=ORIENTED_EDGE('',*,*,#9051,.F.);
#7278=ORIENTED_EDGE('',*,*,#9052,.T.);
#7279=CARTESIAN_POINT('',(-2.9,-12.2242640687119,-0.600000000000002));
#7280=DIRECTION('',(-0.707106781186548,-0.707106781186548,0.0));
#7281=DIRECTION('',(-0.707106781186548,0.707106781186548,0.0));
#7282=SURFACE_STYLE_FILL_AREA(#9053);
#7283=ORIENTED_EDGE('',*,*,#9054,.T.);
#7284=ORIENTED_EDGE('',*,*,#9047,.T.);
#7285=ORIENTED_EDGE('',*,*,#9055,.F.);
#7286=ORIENTED_EDGE('',*,*,#9050,.F.);
#7287=CARTESIAN_POINT('',(-2.5,-12.2,-0.600000000000002));
#7288=DIRECTION('',(0.0,0.0,-1.0));
#7289=DIRECTION('',(1.0,0.0,0.0));
#7290=SURFACE_STYLE_FILL_AREA(#9056);
#7291=ORIENTED_EDGE('',*,*,#9055,.T.);
#7292=ORIENTED_EDGE('',*,*,#9046,.T.);
#7293=ORIENTED_EDGE('',*,*,#9057,.T.);
#7294=ORIENTED_EDGE('',*,*,#9058,.F.);
#7295=ORIENTED_EDGE('',*,*,#9059,.T.);
#7296=ORIENTED_EDGE('',*,*,#9060,.T.);
#7297=ORIENTED_EDGE('',*,*,#9061,.T.);
#7298=ORIENTED_EDGE('',*,*,#9062,.F.);
#7299=ORIENTED_EDGE('',*,*,#9063,.T.);
#7300=ORIENTED_EDGE('',*,*,#9051,.T.);
#7301=ORIENTED_EDGE('',*,*,#7678,.F.);
#7302=ORIENTED_EDGE('',*,*,#7674,.F.);
#7303=ORIENTED_EDGE('',*,*,#9064,.F.);
#7304=ORIENTED_EDGE('',*,*,#7670,.F.);
#7305=ORIENTED_EDGE('',*,*,#9065,.T.);
#7306=ORIENTED_EDGE('',*,*,#9066,.F.);
#7307=CARTESIAN_POINT('',(-7.0,6.7,0.5));
#7308=DIRECTION('',(-0.0,0.0,1.0));
#7309=DIRECTION('',(1.0,-0.0,0.0));
#7310=SURFACE_STYLE_FILL_AREA(#9067);
#7311=ORIENTED_EDGE('',*,*,#9044,.F.);
#7312=ORIENTED_EDGE('',*,*,#9054,.F.);
#7313=ORIENTED_EDGE('',*,*,#9049,.F.);
#7314=ORIENTED_EDGE('',*,*,#9068,.F.);
#7315=ORIENTED_EDGE('',*,*,#9069,.F.);
#7316=ORIENTED_EDGE('',*,*,#9070,.F.);
#7317=ORIENTED_EDGE('',*,*,#9071,.T.);
#7318=ORIENTED_EDGE('',*,*,#9072,.F.);
#7319=ORIENTED_EDGE('',*,*,#9073,.F.);
#7320=ORIENTED_EDGE('',*,*,#9074,.F.);
#7321=ORIENTED_EDGE('',*,*,#9075,.F.);
#7322=ORIENTED_EDGE('',*,*,#7685,.T.);
#7323=ORIENTED_EDGE('',*,*,#7681,.F.);
#7324=ORIENTED_EDGE('',*,*,#9076,.F.);
#7325=ORIENTED_EDGE('',*,*,#9077,.F.);
#7326=ORIENTED_EDGE('',*,*,#7689,.F.);
#7327=CARTESIAN_POINT('',(-7.0,6.7,0.35));
#7328=DIRECTION('',(-0.0,0.0,1.0));
#7329=DIRECTION('',(1.0,-0.0,0.0));
#7330=SURFACE_STYLE_FILL_AREA(#9078);
#7331=ORIENTED_EDGE('',*,*,#9052,.F.);
#7332=ORIENTED_EDGE('',*,*,#9063,.F.);
#7333=ORIENTED_EDGE('',*,*,#9079,.F.);
#7334=ORIENTED_EDGE('',*,*,#9068,.T.);
#7335=CARTESIAN_POINT('',(-2.9,-10.7,0.5));
#7336=DIRECTION('',(1.0,1.11200222819026E-16,-0.0));
#7337=DIRECTION('',(-1.11200222819026E-16,1.0,0.0));
#7338=SURFACE_STYLE_FILL_AREA(#9080);
#7339=ORIENTED_EDGE('',*,*,#9045,.F.);
#7340=ORIENTED_EDGE('',*,*,#9074,.T.);
#7341=ORIENTED_EDGE('',*,*,#9081,.T.);
#7342=ORIENTED_EDGE('',*,*,#9057,.F.);
#7343=CARTESIAN_POINT('',(-2.1,-10.7,0.5));
#7344=DIRECTION('',(-1.0,1.11200222819026E-16,0.0));
#7345=DIRECTION('',(0.0,0.0,1.0));
#7346=SURFACE_STYLE_FILL_AREA(#9082);
#7347=ORIENTED_EDGE('',*,*,#9073,.T.);
#7348=ORIENTED_EDGE('',*,*,#9083,.T.);
#7349=ORIENTED_EDGE('',*,*,#9058,.T.);
#7350=ORIENTED_EDGE('',*,*,#9081,.F.);
#7351=CARTESIAN_POINT('',(-2.1,-8.8,0.349));
#7352=DIRECTION('',(0.0,1.0,0.0));
#7353=DIRECTION('',(1.0,0.0,-0.0));
#7354=SURFACE_STYLE_FILL_AREA(#9084);
#7355=ORIENTED_EDGE('',*,*,#9069,.T.);
#7356=ORIENTED_EDGE('',*,*,#9079,.T.);
#7357=ORIENTED_EDGE('',*,*,#9062,.T.);
#7358=ORIENTED_EDGE('',*,*,#9085,.F.);
#7359=CARTESIAN_POINT('',(-3.25,-8.8,0.349));
#7360=DIRECTION('',(0.0,1.0,0.0));
#7361=DIRECTION('',(1.0,0.0,-0.0));
#7362=SURFACE_STYLE_FILL_AREA(#9086);
#7363=ORIENTED_EDGE('',*,*,#9087,.T.);
#7364=ORIENTED_EDGE('',*,*,#9088,.T.);
#7365=ORIENTED_EDGE('',*,*,#9089,.F.);
#7366=ORIENTED_EDGE('',*,*,#9090,.T.);
#7367=CARTESIAN_POINT('',(-1.75,-6.3,1.85));
#7368=DIRECTION('',(-0.0,0.98328200498446,0.182089260182308));
#7369=DIRECTION('',(1.0,0.0,0.0));
#7370=SURFACE_STYLE_FILL_AREA(#9091);
#7371=ORIENTED_EDGE('',*,*,#7688,.T.);
#7372=ORIENTED_EDGE('',*,*,#7686,.F.);
#7373=ORIENTED_EDGE('',*,*,#9075,.T.);
#7374=CARTESIAN_POINT('',(-2.5,-11.9,0.575000000000002));
#7375=DIRECTION('',(0.0,-3.46944695195361E-15,-1.0));
#7376=DIRECTION('',(0.0,-1.0,3.46944695195361E-15));
#7377=SURFACE_STYLE_FILL_AREA(#9092);
#7378=ORIENTED_EDGE('',*,*,#7684,.T.);
#7379=ORIENTED_EDGE('',*,*,#7690,.T.);
#7380=ORIENTED_EDGE('',*,*,#9077,.T.);
#7381=ORIENTED_EDGE('',*,*,#9093,.F.);
#7382=CARTESIAN_POINT('',(-2.5,-11.9,0.575000000000001));
#7383=DIRECTION('',(0.0,-1.0,0.0));
#7384=DIRECTION('',(0.0,0.0,1.0));
#7385=SURFACE_STYLE_FILL_AREA(#9094);
#7386=ORIENTED_EDGE('',*,*,#7680,.T.);
#7387=ORIENTED_EDGE('',*,*,#9093,.T.);
#7388=ORIENTED_EDGE('',*,*,#9076,.T.);
#7389=CARTESIAN_POINT('',(-2.5,-8.7,0.575000000000002));
#7390=DIRECTION('',(0.0,3.46944695195361E-15,-1.0));
#7391=DIRECTION('',(0.0,1.0,3.46944695195361E-15));
#7392=SURFACE_STYLE_FILL_AREA(#9095);
#7393=ORIENTED_EDGE('',*,*,#9096,.F.);
#7394=ORIENTED_EDGE('',*,*,#9071,.F.);
#7395=ORIENTED_EDGE('',*,*,#9097,.F.);
#7396=ORIENTED_EDGE('',*,*,#9098,.F.);
#7397=CARTESIAN_POINT('',(-1.75,-7.82732289372769,0.65));
#7398=DIRECTION('',(1.0,-0.0,0.0));
#7399=DIRECTION('',(0.0,0.0,1.0));
#7400=SURFACE_STYLE_FILL_AREA(#9099);
#7401=ORIENTED_EDGE('',*,*,#9100,.F.);
#7402=ORIENTED_EDGE('',*,*,#9101,.F.);
#7403=ORIENTED_EDGE('',*,*,#9102,.F.);
#7404=ORIENTED_EDGE('',*,*,#9103,.F.);
#7405=CARTESIAN_POINT('',(-1.75,-5.77267710627231,0.65));
#7406=DIRECTION('',(1.0,-0.0,0.0));
#7407=DIRECTION('',(0.0,0.0,1.0));
#7408=SURFACE_STYLE_FILL_AREA(#9104);
#7409=ORIENTED_EDGE('',*,*,#7677,.T.);
#7410=ORIENTED_EDGE('',*,*,#9066,.T.);
#7411=ORIENTED_EDGE('',*,*,#9105,.F.);
#7412=CARTESIAN_POINT('',(-2.5,-8.7,0.575000000000001));
#7413=DIRECTION('',(0.0,1.0,0.0));
#7414=DIRECTION('',(0.0,0.0,1.0));
#7415=SURFACE_STYLE_FILL_AREA(#9106);
#7416=ORIENTED_EDGE('',*,*,#7672,.T.);
#7417=ORIENTED_EDGE('',*,*,#9105,.T.);
#7418=ORIENTED_EDGE('',*,*,#9065,.F.);
#7419=ORIENTED_EDGE('',*,*,#7669,.F.);
#7420=CARTESIAN_POINT('',(-2.5,-11.9,0.575000000000001));
#7421=DIRECTION('',(0.0,-1.0,0.0));
#7422=DIRECTION('',(0.0,0.0,1.0));
#7423=SURFACE_STYLE_FILL_AREA(#9107);
#7424=ORIENTED_EDGE('',*,*,#7668,.T.);
#7425=ORIENTED_EDGE('',*,*,#9064,.T.);
#7426=ORIENTED_EDGE('',*,*,#7673,.T.);
#7427=CARTESIAN_POINT('',(-2.5,-11.9,0.575000000000001));
#7428=DIRECTION('',(0.0,-1.0,0.0));
#7429=DIRECTION('',(0.0,0.0,1.0));
#7430=SURFACE_STYLE_FILL_AREA(#9108);
#7431=ORIENTED_EDGE('',*,*,#9109,.F.);
#7432=ORIENTED_EDGE('',*,*,#9110,.F.);
#7433=ORIENTED_EDGE('',*,*,#9111,.F.);
#7434=ORIENTED_EDGE('',*,*,#9060,.F.);
#7435=CARTESIAN_POINT('',(-7.0,-7.82732289372769,0.65));
#7436=DIRECTION('',(1.0,-0.0,0.0));
#7437=DIRECTION('',(0.0,0.0,1.0));
#7438=SURFACE_STYLE_FILL_AREA(#9112);
#7439=ORIENTED_EDGE('',*,*,#9113,.T.);
#7440=ORIENTED_EDGE('',*,*,#9114,.T.);
#7441=ORIENTED_EDGE('',*,*,#9115,.F.);
#7442=ORIENTED_EDGE('',*,*,#9098,.T.);
#7443=CARTESIAN_POINT('',(-1.75,-7.3,1.85));
#7444=DIRECTION('',(0.0,-0.98328200498446,0.182089260182308));
#7445=DIRECTION('',(-1.0,0.0,0.0));
#7446=SURFACE_STYLE_FILL_AREA(#9116);
#7447=ORIENTED_EDGE('',*,*,#9117,.F.);
#7448=ORIENTED_EDGE('',*,*,#9114,.F.);
#7449=ORIENTED_EDGE('',*,*,#9118,.F.);
#7450=ORIENTED_EDGE('',*,*,#9119,.F.);
#7451=CARTESIAN_POINT('',(-1.75,-7.17522744202504,1.7));
#7452=DIRECTION('',(-1.0,0.0,-0.0));
#7453=DIRECTION('',(0.0,0.0,-1.0));
#7454=SURFACE_STYLE_FILL_AREA(#9120);
#7455=ORIENTED_EDGE('',*,*,#9121,.F.);
#7456=ORIENTED_EDGE('',*,*,#9119,.T.);
#7457=ORIENTED_EDGE('',*,*,#9122,.T.);
#7458=ORIENTED_EDGE('',*,*,#9123,.T.);
#7459=CARTESIAN_POINT('',(-1.75,-6.3,1.85));
#7460=DIRECTION('',(-0.0,0.0,1.0));
#7461=DIRECTION('',(1.0,-0.0,0.0));
#7462=SURFACE_STYLE_FILL_AREA(#9124);
#7463=ORIENTED_EDGE('',*,*,#9125,.F.);
#7464=ORIENTED_EDGE('',*,*,#9123,.F.);
#7465=ORIENTED_EDGE('',*,*,#9126,.F.);
#7466=ORIENTED_EDGE('',*,*,#9090,.F.);
#7467=CARTESIAN_POINT('',(-1.75,-6.42477255797496,1.7));
#7468=DIRECTION('',(-1.0,0.0,-0.0));
#7469=DIRECTION('',(0.0,0.0,-1.0));
#7470=SURFACE_STYLE_FILL_AREA(#9127);
#7471=ORIENTED_EDGE('',*,*,#9128,.F.);
#7472=ORIENTED_EDGE('',*,*,#9103,.T.);
#7473=ORIENTED_EDGE('',*,*,#9129,.T.);
#7474=ORIENTED_EDGE('',*,*,#9130,.T.);
#7475=CARTESIAN_POINT('',(-1.75,-6.17522744202505,2.0));
#7476=DIRECTION('',(0.0,-0.98328200498446,-0.182089260182309));
#7477=DIRECTION('',(0.0,0.182089260182309,-0.98328200498446));
#7478=SURFACE_STYLE_FILL_AREA(#9131);
#7479=ORIENTED_EDGE('',*,*,#9132,.F.);
#7480=ORIENTED_EDGE('',*,*,#9130,.F.);
#7481=ORIENTED_EDGE('',*,*,#9133,.F.);
#7482=ORIENTED_EDGE('',*,*,#9134,.F.);
#7483=CARTESIAN_POINT('',(-1.75,-6.42477255797496,1.7));
#7484=DIRECTION('',(1.0,-0.0,0.0));
#7485=DIRECTION('',(0.0,0.0,1.0));
#7486=SURFACE_STYLE_FILL_AREA(#9135);
#7487=ORIENTED_EDGE('',*,*,#9136,.T.);
#7488=ORIENTED_EDGE('',*,*,#9137,.T.);
#7489=ORIENTED_EDGE('',*,*,#9138,.F.);
#7490=ORIENTED_EDGE('',*,*,#9134,.T.);
#7491=CARTESIAN_POINT('',(-1.75,-6.17522744202505,2.0));
#7492=DIRECTION('',(0.0,1.73535498421966E-16,-1.0));
#7493=DIRECTION('',(-1.0,0.0,0.0));
#7494=SURFACE_STYLE_FILL_AREA(#9139);
#7495=ORIENTED_EDGE('',*,*,#9140,.F.);
#7496=ORIENTED_EDGE('',*,*,#9137,.F.);
#7497=ORIENTED_EDGE('',*,*,#9141,.F.);
#7498=ORIENTED_EDGE('',*,*,#9142,.F.);
#7499=CARTESIAN_POINT('',(-1.75,-7.17522744202504,1.7));
#7500=DIRECTION('',(1.0,-0.0,0.0));
#7501=DIRECTION('',(0.0,0.0,1.0));
#7502=SURFACE_STYLE_FILL_AREA(#9143);
#7503=ORIENTED_EDGE('',*,*,#9144,.T.);
#7504=ORIENTED_EDGE('',*,*,#9110,.T.);
#7505=ORIENTED_EDGE('',*,*,#9145,.F.);
#7506=ORIENTED_EDGE('',*,*,#9142,.T.);
#7507=CARTESIAN_POINT('',(-1.75,-7.42477255797495,2.0));
#7508=DIRECTION('',(0.0,0.98328200498446,-0.182089260182309));
#7509=DIRECTION('',(-1.0,0.0,0.0));
#7510=SURFACE_STYLE_FILL_AREA(#9146);
#7511=ORIENTED_EDGE('',*,*,#9147,.T.);
#7512=ORIENTED_EDGE('',*,*,#8109,.F.);
#7513=ORIENTED_EDGE('',*,*,#9148,.T.);
#7514=ORIENTED_EDGE('',*,*,#9101,.T.);
#7515=CARTESIAN_POINT('',(-7.0,6.7,0.5));
#7516=DIRECTION('',(-0.0,0.0,1.0));
#7517=DIRECTION('',(1.0,-0.0,0.0));
#7518=SURFACE_STYLE_FILL_AREA(#9149);
#7519=ORIENTED_EDGE('',*,*,#9150,.F.);
#7520=ORIENTED_EDGE('',*,*,#9151,.T.);
#7521=ORIENTED_EDGE('',*,*,#9152,.F.);
#7522=ORIENTED_EDGE('',*,*,#8111,.T.);
#7523=CARTESIAN_POINT('',(-7.0,6.7,0.35));
#7524=DIRECTION('',(-0.0,0.0,1.0));
#7525=DIRECTION('',(1.0,-0.0,0.0));
#7526=SURFACE_STYLE_FILL_AREA(#9153);
#7527=ORIENTED_EDGE('',*,*,#9089,.T.);
#7528=ORIENTED_EDGE('',*,*,#9154,.T.);
#7529=ORIENTED_EDGE('',*,*,#9150,.T.);
#7530=ORIENTED_EDGE('',*,*,#8110,.T.);
#7531=ORIENTED_EDGE('',*,*,#9147,.F.);
#7532=ORIENTED_EDGE('',*,*,#9100,.T.);
#7533=ORIENTED_EDGE('',*,*,#9128,.T.);
#7534=ORIENTED_EDGE('',*,*,#9132,.T.);
#7535=ORIENTED_EDGE('',*,*,#9138,.T.);
#7536=ORIENTED_EDGE('',*,*,#9140,.T.);
#7537=ORIENTED_EDGE('',*,*,#9145,.T.);
#7538=ORIENTED_EDGE('',*,*,#9109,.T.);
#7539=ORIENTED_EDGE('',*,*,#9059,.F.);
#7540=ORIENTED_EDGE('',*,*,#9083,.F.);
#7541=ORIENTED_EDGE('',*,*,#9072,.T.);
#7542=ORIENTED_EDGE('',*,*,#9096,.T.);
#7543=ORIENTED_EDGE('',*,*,#9115,.T.);
#7544=ORIENTED_EDGE('',*,*,#9117,.T.);
#7545=ORIENTED_EDGE('',*,*,#9121,.T.);
#7546=ORIENTED_EDGE('',*,*,#9125,.T.);
#7547=CARTESIAN_POINT('',(-1.75,-4.5,0.5));
#7548=DIRECTION('',(-1.0,6.99485272571293E-17,0.0));
#7549=DIRECTION('',(0.0,0.0,1.0));
#7550=SURFACE_STYLE_FILL_AREA(#9155);
#7551=ORIENTED_EDGE('',*,*,#9152,.T.);
#7552=ORIENTED_EDGE('',*,*,#9156,.T.);
#7553=ORIENTED_EDGE('',*,*,#9087,.F.);
#7554=ORIENTED_EDGE('',*,*,#9126,.T.);
#7555=ORIENTED_EDGE('',*,*,#9122,.F.);
#7556=ORIENTED_EDGE('',*,*,#9118,.T.);
#7557=ORIENTED_EDGE('',*,*,#9113,.F.);
#7558=ORIENTED_EDGE('',*,*,#9097,.T.);
#7559=ORIENTED_EDGE('',*,*,#9070,.T.);
#7560=ORIENTED_EDGE('',*,*,#9085,.T.);
#7561=ORIENTED_EDGE('',*,*,#9061,.F.);
#7562=ORIENTED_EDGE('',*,*,#9111,.T.);
#7563=ORIENTED_EDGE('',*,*,#9144,.F.);
#7564=ORIENTED_EDGE('',*,*,#9141,.T.);
#7565=ORIENTED_EDGE('',*,*,#9136,.F.);
#7566=ORIENTED_EDGE('',*,*,#9133,.T.);
#7567=ORIENTED_EDGE('',*,*,#9129,.F.);
#7568=ORIENTED_EDGE('',*,*,#9102,.T.);
#7569=ORIENTED_EDGE('',*,*,#9148,.F.);
#7570=ORIENTED_EDGE('',*,*,#8108,.T.);
#7571=CARTESIAN_POINT('',(-3.25,-4.5,0.5));
#7572=DIRECTION('',(1.0,6.99485272571293E-17,-0.0));
#7573=DIRECTION('',(-6.99485272571293E-17,1.0,0.0));
#7574=SURFACE_STYLE_FILL_AREA(#9157);
#7575=ORIENTED_EDGE('',*,*,#7841,.T.);
#7576=ORIENTED_EDGE('',*,*,#8287,.F.);
#7577=ORIENTED_EDGE('',*,*,#7836,.T.);
#7578=ORIENTED_EDGE('',*,*,#7828,.T.);
#7579=CARTESIAN_POINT('',(-7.0,6.7,0.5));
#7580=DIRECTION('',(-0.0,0.0,1.0));
#7581=DIRECTION('',(1.0,-0.0,0.0));
#7582=SURFACE_STYLE_FILL_AREA(#9158);
#7583=ORIENTED_EDGE('',*,*,#8272,.T.);
#7584=ORIENTED_EDGE('',*,*,#9159,.F.);
#7585=ORIENTED_EDGE('',*,*,#8294,.F.);
#7586=ORIENTED_EDGE('',*,*,#8352,.F.);
#7587=CARTESIAN_POINT('',(-7.0,6.7,0.35));
#7588=DIRECTION('',(-0.0,0.0,1.0));
#7589=DIRECTION('',(1.0,-0.0,0.0));
#7590=SURFACE_STYLE_FILL_AREA(#9160);
#7591=ORIENTED_EDGE('',*,*,#9161,.F.);
#7592=ORIENTED_EDGE('',*,*,#9162,.T.);
#7593=ORIENTED_EDGE('',*,*,#7831,.T.);
#7594=ORIENTED_EDGE('',*,*,#8288,.T.);
#7595=CARTESIAN_POINT('',(5.075,-0.399999999999999,0.36));
#7596=DIRECTION('',(-5.56001114095128E-17,1.0,0.0));
#7597=DIRECTION('',(1.0,5.56001114095128E-17,-0.0));
#7598=SURFACE_STYLE_FILL_AREA(#9163);
#7599=ORIENTED_EDGE('',*,*,#9159,.T.);
#7600=ORIENTED_EDGE('',*,*,#9164,.F.);
#7601=ORIENTED_EDGE('',*,*,#9165,.F.);
#7602=ORIENTED_EDGE('',*,*,#8295,.T.);
#7603=CARTESIAN_POINT('',(5.075,-1.2,0.36));
#7604=DIRECTION('',(0.0,-1.0,0.0));
#7605=DIRECTION('',(0.0,0.0,-1.0));
#7606=SURFACE_STYLE_FILL_AREA(#9166);
#7607=ORIENTED_EDGE('',*,*,#8271,.T.);
#7608=ORIENTED_EDGE('',*,*,#9162,.F.);
#7609=ORIENTED_EDGE('',*,*,#9167,.F.);
#7610=ORIENTED_EDGE('',*,*,#9164,.T.);
#7611=CARTESIAN_POINT('',(4.1,-1.2,0.36));
#7612=DIRECTION('',(-1.0,0.0,0.0));
#7613=DIRECTION('',(0.0,0.0,1.0));
#7614=SURFACE_STYLE_FILL_AREA(#9168);
#7615=ORIENTED_EDGE('',*,*,#7826,.T.);
#7616=ORIENTED_EDGE('',*,*,#7835,.T.);
#7617=ORIENTED_EDGE('',*,*,#9165,.T.);
#7618=ORIENTED_EDGE('',*,*,#9167,.T.);
#7619=ORIENTED_EDGE('',*,*,#9161,.T.);
#7620=ORIENTED_EDGE('',*,*,#7839,.T.);
#7621=CARTESIAN_POINT('',(5.075,-1.2,0.36));
#7622=DIRECTION('',(-0.0,-0.0,-1.0));
#7623=DIRECTION('',(0.0,-1.0,0.0));
#7624=SURFACE_STYLE_FILL_AREA(#9169);
#7625=ORIENTED_EDGE('',*,*,#9170,.F.);
#7626=ORIENTED_EDGE('',*,*,#9171,.T.);
#7627=ORIENTED_EDGE('',*,*,#7821,.T.);
#7628=ORIENTED_EDGE('',*,*,#8343,.T.);
#7629=CARTESIAN_POINT('',(-4.1,-1.2,0.36));
#7630=DIRECTION('',(0.0,-1.0,0.0));
#7631=DIRECTION('',(0.0,0.0,-1.0));
#7632=SURFACE_STYLE_FILL_AREA(#9172);
#7633=ORIENTED_EDGE('',*,*,#7973,.T.);
#7634=ORIENTED_EDGE('',*,*,#9173,.F.);
#7635=ORIENTED_EDGE('',*,*,#9174,.F.);
#7636=ORIENTED_EDGE('',*,*,#8347,.T.);
#7637=CARTESIAN_POINT('',(-4.1,-0.399999999999999,0.36));
#7638=DIRECTION('',(5.56001114095129E-17,1.0,0.0));
#7639=DIRECTION('',(1.0,-5.56001114095129E-17,0.0));
#7640=SURFACE_STYLE_FILL_AREA(#9175);
#7641=ORIENTED_EDGE('',*,*,#8268,.T.);
#7642=ORIENTED_EDGE('',*,*,#9171,.F.);
#7643=ORIENTED_EDGE('',*,*,#9176,.F.);
#7644=ORIENTED_EDGE('',*,*,#9173,.T.);
#7645=CARTESIAN_POINT('',(-4.1,-1.2,0.36));
#7646=DIRECTION('',(1.0,0.0,0.0));
#7647=DIRECTION('',(0.0,1.0,0.0));
#7648=SURFACE_STYLE_FILL_AREA(#9177);
#7649=ORIENTED_EDGE('',*,*,#9170,.T.);
#7650=ORIENTED_EDGE('',*,*,#7963,.T.);
#7651=ORIENTED_EDGE('',*,*,#7980,.T.);
#7652=ORIENTED_EDGE('',*,*,#7968,.T.);
#7653=ORIENTED_EDGE('',*,*,#9174,.T.);
#7654=ORIENTED_EDGE('',*,*,#9176,.T.);
#7655=CARTESIAN_POINT('',(-5.075,-1.2,0.36));
#7656=DIRECTION('',(0.0,0.0,1.0));
#7657=DIRECTION('',(1.0,0.0,0.0));
#7658=SURFACE_STYLE_FILL_AREA(#9178);
#7659=ORIENTED_EDGE('',*,*,#9154,.F.);
#7660=ORIENTED_EDGE('',*,*,#9088,.F.);
#7661=ORIENTED_EDGE('',*,*,#9156,.F.);
#7662=ORIENTED_EDGE('',*,*,#9151,.F.);
#7663=CARTESIAN_POINT('',(-7.0,-5.77267710627231,0.65));
#7664=DIRECTION('',(1.0,-0.0,0.0));
#7665=DIRECTION('',(0.0,0.0,1.0));
#7666=SURFACE_STYLE_FILL_AREA(#9179);
#7667=FILL_AREA_STYLE('',(#9180));
#7668=EDGE_CURVE('',#9181,#9182,#9183,.T.);
#7669=EDGE_CURVE('NONE',#9181,#9184,#9185,.T.);
#7670=EDGE_CURVE('NONE',#9184,#9182,#9186,.T.);
#7671=FILL_AREA_STYLE('',(#9187));
#7672=EDGE_CURVE('',#9181,#9188,#9189,.T.);
#7673=EDGE_CURVE('NONE',#9190,#9181,#9191,.T.);
#7674=EDGE_CURVE('NONE',#9190,#9192,#9193,.T.);
#7675=EDGE_CURVE('NONE',#9192,#9188,#9194,.T.);
#7676=FILL_AREA_STYLE('',(#9195));
#7677=EDGE_CURVE('',#9188,#9196,#9197,.T.);
#7678=EDGE_CURVE('NONE',#9192,#9196,#9198,.T.);
#7679=FILL_AREA_STYLE('',(#9199));
#7680=EDGE_CURVE('',#9200,#9201,#9202,.T.);
#7681=EDGE_CURVE('NONE',#9200,#9203,#9204,.T.);
#7682=EDGE_CURVE('NONE',#9203,#9201,#9205,.T.);
#7683=FILL_AREA_STYLE('',(#9206));
#7684=EDGE_CURVE('',#9201,#9207,#9208,.T.);
#7685=EDGE_CURVE('NONE',#9209,#9203,#9210,.T.);
#7686=EDGE_CURVE('NONE',#9209,#9207,#9211,.T.);
#7687=FILL_AREA_STYLE('',(#9212));
#7688=EDGE_CURVE('',#9213,#9207,#9214,.T.);
#7689=EDGE_CURVE('NONE',#9213,#9215,#9216,.T.);
#7690=EDGE_CURVE('NONE',#9207,#9215,#9217,.T.);
#7691=FILL_AREA_STYLE('',(#9218));
#7692=EDGE_CURVE('',#9219,#9220,#9221,.T.);
#7693=EDGE_CURVE('NONE',#9219,#9222,#9223,.T.);
#7694=EDGE_CURVE('NONE',#9222,#9220,#9224,.T.);
#7695=FILL_AREA_STYLE('',(#9225));
#7696=EDGE_CURVE('',#9226,#9227,#9228,.T.);
#7697=EDGE_CURVE('NONE',#9229,#9226,#9230,.T.);
#7698=EDGE_CURVE('NONE',#9229,#9227,#9231,.T.);
#7699=FILL_AREA_STYLE('',(#9232));
#7700=EDGE_CURVE('',#9233,#9234,#9235,.T.);
#7701=EDGE_CURVE('NONE',#9236,#9233,#9237,.T.);
#7702=EDGE_CURVE('NONE',#9238,#9236,#9239,.T.);
#7703=EDGE_CURVE('NONE',#9238,#9234,#9240,.T.);
#7704=FILL_AREA_STYLE('',(#9241));
#7705=EDGE_CURVE('',#9242,#9233,#9243,.T.);
#7706=EDGE_CURVE('NONE',#9242,#9236,#9244,.T.);
#7707=FILL_AREA_STYLE('',(#9245));
#7708=EDGE_CURVE('',#9246,#9234,#9247,.T.);
#7709=EDGE_CURVE('NONE',#9246,#9248,#9249,.T.);
#7710=EDGE_CURVE('NONE',#9234,#9248,#9250,.T.);
#7711=FILL_AREA_STYLE('',(#9251));
#7712=EDGE_CURVE('',#9219,#9226,#9252,.T.);
#7713=EDGE_CURVE('NONE',#9253,#9219,#9254,.T.);
#7714=EDGE_CURVE('NONE',#9253,#9229,#9255,.T.);
#7715=FILL_AREA_STYLE('',(#9256));
#7716=EDGE_CURVE('',#9257,#9258,#9259,.T.);
#7717=EDGE_CURVE('NONE',#9260,#9257,#9261,.T.);
#7718=EDGE_CURVE('NONE',#9262,#9260,#9263,.T.);
#7719=EDGE_CURVE('NONE',#9262,#9258,#9264,.T.);
#7720=FILL_AREA_STYLE('',(#9265));
#7721=EDGE_CURVE('',#9266,#9267,#9268,.T.);
#7722=EDGE_CURVE('NONE',#9266,#9269,#9270,.T.);
#7723=EDGE_CURVE('NONE',#9271,#9269,#9272,.T.);
#7724=EDGE_CURVE('NONE',#9267,#9271,#9273,.T.);
#7725=FILL_AREA_STYLE('',(#9274));
#7726=EDGE_CURVE('',#9275,#9276,#9277,.T.);
#7727=EDGE_CURVE('NONE',#9275,#9278,#9279,.T.);
#7728=EDGE_CURVE('NONE',#9280,#9278,#9281,.T.);
#7729=EDGE_CURVE('NONE',#9276,#9280,#9282,.T.);
#7730=FILL_AREA_STYLE('',(#9283));
#7731=EDGE_CURVE('',#9284,#9285,#9286,.T.);
#7732=EDGE_CURVE('NONE',#9284,#9287,#9288,.T.);
#7733=EDGE_CURVE('NONE',#9285,#9287,#9289,.T.);
#7734=FILL_AREA_STYLE('',(#9290));
#7735=EDGE_CURVE('',#9291,#9285,#9292,.T.);
#7736=EDGE_CURVE('NONE',#9293,#9291,#9294,.T.);
#7737=EDGE_CURVE('NONE',#9295,#9293,#9296,.T.);
#7738=EDGE_CURVE('NONE',#9295,#9285,#9297,.T.);
#7739=FILL_AREA_STYLE('',(#9298));
#7740=EDGE_CURVE('',#9299,#9291,#9300,.T.);
#7741=EDGE_CURVE('NONE',#9299,#9293,#9301,.T.);
#7742=FILL_AREA_STYLE('',(#9302));
#7743=EDGE_CURVE('',#9303,#9304,#9305,.T.);
#7744=EDGE_CURVE('NONE',#9306,#9303,#9307,.T.);
#7745=EDGE_CURVE('NONE',#9306,#9304,#9308,.T.);
#7746=FILL_AREA_STYLE('',(#9309));
#7747=EDGE_CURVE('',#9310,#9303,#9311,.T.);
#7748=EDGE_CURVE('NONE',#9312,#9310,#9313,.T.);
#7749=EDGE_CURVE('NONE',#9312,#9306,#9314,.T.);
#7750=FILL_AREA_STYLE('',(#9315));
#7751=EDGE_CURVE('',#9310,#9316,#9317,.T.);
#7752=EDGE_CURVE('NONE',#9310,#9318,#9319,.T.);
#7753=EDGE_CURVE('NONE',#9318,#9316,#9320,.T.);
#7754=FILL_AREA_STYLE('',(#9321));
#7755=EDGE_CURVE('NONE',#9322,#9323,#9324,.T.);
#7756=EDGE_CURVE('NONE',#9322,#9325,#9326,.T.);
#7757=EDGE_CURVE('NONE',#9327,#9325,#9328,.T.);
#7758=EDGE_CURVE('NONE',#9323,#9327,#9329,.T.);
#7759=FILL_AREA_STYLE('',(#9330));
#7760=EDGE_CURVE('NONE',#9331,#9332,#9333,.T.);
#7761=EDGE_CURVE('NONE',#9332,#9327,#9334,.T.);
#7762=EDGE_CURVE('NONE',#9331,#9325,#9335,.T.);
#7763=FILL_AREA_STYLE('',(#9336));
#7764=EDGE_CURVE('NONE',#9337,#9338,#9339,.T.);
#7765=EDGE_CURVE('NONE',#9337,#9340,#9341,.T.);
#7766=EDGE_CURVE('NONE',#9340,#9342,#9343,.T.);
#7767=EDGE_CURVE('NONE',#9338,#9342,#9344,.T.);
#7768=FILL_AREA_STYLE('',(#9345));
#7769=EDGE_CURVE('NONE',#9346,#9347,#9348,.T.);
#7770=EDGE_CURVE('NONE',#9346,#9349,#9350,.T.);
#7771=EDGE_CURVE('NONE',#9349,#9351,#9352,.T.);
#7772=EDGE_CURVE('NONE',#9347,#9351,#9353,.T.);
#7773=FILL_AREA_STYLE('',(#9354));
#7774=EDGE_CURVE('NONE',#9355,#9356,#9357,.T.);
#7775=EDGE_CURVE('NONE',#9355,#9358,#9359,.T.);
#7776=EDGE_CURVE('NONE',#9358,#9360,#9361,.T.);
#7777=EDGE_CURVE('NONE',#9356,#9360,#9362,.T.);
#7778=FILL_AREA_STYLE('',(#9363));
#7779=EDGE_CURVE('NONE',#9364,#9365,#9366,.T.);
#7780=EDGE_CURVE('NONE',#9364,#9367,#9368,.T.);
#7781=EDGE_CURVE('NONE',#9369,#9367,#9370,.T.);
#7782=EDGE_CURVE('NONE',#9365,#9369,#9371,.T.);
#7783=FILL_AREA_STYLE('',(#9372));
#7784=EDGE_CURVE('NONE',#9373,#9374,#9375,.T.);
#7785=EDGE_CURVE('NONE',#9374,#9376,#9377,.T.);
#7786=EDGE_CURVE('NONE',#9378,#9376,#9379,.T.);
#7787=EDGE_CURVE('NONE',#9373,#9378,#9380,.T.);
#7788=FILL_AREA_STYLE('',(#9381));
#7789=EDGE_CURVE('NONE',#9382,#9383,#9384,.T.);
#7790=EDGE_CURVE('NONE',#9383,#9385,#9386,.T.);
#7791=EDGE_CURVE('NONE',#9387,#9385,#9388,.T.);
#7792=EDGE_CURVE('NONE',#9382,#9387,#9389,.T.);
#7793=FILL_AREA_STYLE('',(#9390));
#7794=EDGE_CURVE('NONE',#9391,#9392,#9393,.T.);
#7795=EDGE_CURVE('NONE',#9392,#9394,#9395,.T.);
#7796=EDGE_CURVE('NONE',#9396,#9394,#9397,.T.);
#7797=EDGE_CURVE('NONE',#9391,#9396,#9398,.T.);
#7798=FILL_AREA_STYLE('',(#9399));
#7799=EDGE_CURVE('NONE',#9400,#9401,#9402,.T.);
#7800=EDGE_CURVE('NONE',#9400,#9403,#9404,.T.);
#7801=EDGE_CURVE('NONE',#9403,#9405,#9406,.T.);
#7802=EDGE_CURVE('NONE',#9405,#9407,#9408,.T.);
#7803=EDGE_CURVE('NONE',#9401,#9407,#9409,.T.);
#7804=FILL_AREA_STYLE('',(#9410));
#7805=EDGE_CURVE('NONE',#9411,#9412,#9413,.T.);
#7806=EDGE_CURVE('NONE',#9411,#9414,#9415,.T.);
#7807=EDGE_CURVE('NONE',#9407,#9414,#9416,.T.);
#7808=EDGE_CURVE('NONE',#9412,#9405,#9417,.T.);
#7809=FILL_AREA_STYLE('',(#9418));
#7810=EDGE_CURVE('NONE',#9419,#9420,#9421,.T.);
#7811=EDGE_CURVE('NONE',#9420,#9422,#9423,.T.);
#7812=EDGE_CURVE('NONE',#9424,#9422,#9425,.T.);
#7813=EDGE_CURVE('NONE',#9419,#9424,#9426,.T.);
#7814=FILL_AREA_STYLE('',(#9427));
#7815=EDGE_CURVE('NONE',#9428,#9429,#9430,.T.);
#7816=EDGE_CURVE('NONE',#9428,#9431,#9432,.T.);
#7817=EDGE_CURVE('NONE',#9433,#9431,#9434,.T.);
#7818=EDGE_CURVE('NONE',#9429,#9433,#9435,.T.);
#7819=FILL_AREA_STYLE('',(#9436));
#7820=EDGE_CURVE('NONE',#9437,#9438,#9439,.T.);
#7821=EDGE_CURVE('NONE',#9440,#9438,#9441,.T.);
#7822=EDGE_CURVE('NONE',#9442,#9440,#9443,.T.);
#7823=EDGE_CURVE('NONE',#9437,#9442,#9444,.T.);
#7824=FILL_AREA_STYLE('',(#9445));
#7825=EDGE_CURVE('NONE',#9446,#9447,#9448,.T.);
#7826=EDGE_CURVE('NONE',#9449,#9446,#9450,.T.);
#7827=EDGE_CURVE('NONE',#9449,#9451,#9452,.T.);
#7828=EDGE_CURVE('NONE',#9447,#9451,#9453,.T.);
#7829=FILL_AREA_STYLE('',(#9454));
#7830=EDGE_CURVE('NONE',#9455,#9456,#9457,.T.);
#7831=EDGE_CURVE('NONE',#9458,#9455,#9459,.T.);
#7832=EDGE_CURVE('NONE',#9458,#9460,#9461,.T.);
#7833=EDGE_CURVE('NONE',#9460,#9456,#9462,.T.);
#7834=FILL_AREA_STYLE('',(#9463));
#7835=EDGE_CURVE('NONE',#9446,#9464,#9465,.T.);
#7836=EDGE_CURVE('NONE',#9466,#9447,#9467,.T.);
#7837=EDGE_CURVE('NONE',#9466,#9464,#9468,.T.);
#7838=FILL_AREA_STYLE('',(#9469));
#7839=EDGE_CURVE('NONE',#9470,#9449,#9471,.T.);
#7840=EDGE_CURVE('NONE',#9470,#9472,#9473,.T.);
#7841=EDGE_CURVE('NONE',#9451,#9472,#9474,.T.);
#7842=FILL_AREA_STYLE('',(#9475));
#7843=EDGE_CURVE('NONE',#9476,#9477,#9478,.T.);
#7844=EDGE_CURVE('NONE',#9479,#9477,#9480,.T.);
#7845=EDGE_CURVE('NONE',#9479,#9481,#9482,.T.);
#7846=EDGE_CURVE('NONE',#9481,#9483,#9484,.T.);
#7847=EDGE_CURVE('NONE',#9483,#9485,#9486,.T.);
#7848=EDGE_CURVE('NONE',#9485,#9487,#9488,.T.);
#7849=EDGE_CURVE('NONE',#9487,#9489,#9490,.T.);
#7850=EDGE_CURVE('NONE',#9489,#9491,#9492,.T.);
#7851=EDGE_CURVE('NONE',#9491,#9493,#9494,.T.);
#7852=EDGE_CURVE('NONE',#9495,#9493,#9496,.T.);
#7853=EDGE_CURVE('NONE',#9497,#9495,#9498,.T.);
#7854=EDGE_CURVE('NONE',#9497,#9499,#9500,.T.);
#7855=EDGE_CURVE('NONE',#9499,#9501,#9502,.T.);
#7856=EDGE_CURVE('NONE',#9501,#9503,#9504,.T.);
#7857=EDGE_CURVE('NONE',#9503,#9505,#9506,.T.);
#7858=EDGE_CURVE('NONE',#9505,#9507,#9508,.T.);
#7859=EDGE_CURVE('NONE',#9507,#9509,#9510,.T.);
#7860=EDGE_CURVE('NONE',#9509,#9511,#9512,.T.);
#7861=EDGE_CURVE('NONE',#9511,#9513,#9514,.T.);
#7862=EDGE_CURVE('NONE',#9513,#9476,#9515,.T.);
#7863=FILL_AREA_STYLE('',(#9516));
#7864=EDGE_CURVE('NONE',#9517,#9476,#9518,.T.);
#7865=EDGE_CURVE('NONE',#9513,#9519,#9520,.T.);
#7866=EDGE_CURVE('NONE',#9517,#9519,#9521,.T.);
#7867=FILL_AREA_STYLE('',(#9522));
#7868=EDGE_CURVE('NONE',#9523,#9477,#9524,.T.);
#7869=EDGE_CURVE('NONE',#9523,#9525,#9526,.T.);
#7870=EDGE_CURVE('NONE',#9525,#9479,#9527,.T.);
#7871=FILL_AREA_STYLE('',(#9528));
#7872=EDGE_CURVE('NONE',#9523,#9517,#9529,.T.);
#7873=EDGE_CURVE('NONE',#9519,#9530,#9531,.T.);
#7874=EDGE_CURVE('NONE',#9532,#9530,#9533,.T.);
#7875=EDGE_CURVE('NONE',#9532,#9534,#9535,.T.);
#7876=EDGE_CURVE('NONE',#9536,#9534,#9537,.T.);
#7877=EDGE_CURVE('NONE',#9536,#9538,#9539,.T.);
#7878=EDGE_CURVE('NONE',#9540,#9538,#9541,.T.);
#7879=EDGE_CURVE('NONE',#9540,#9542,#9543,.T.);
#7880=EDGE_CURVE('NONE',#9542,#9544,#9545,.T.);
#7881=EDGE_CURVE('NONE',#9544,#9546,#9547,.T.);
#7882=EDGE_CURVE('NONE',#9548,#9546,#9549,.T.);
#7883=EDGE_CURVE('NONE',#9548,#9550,#9551,.T.);
#7884=EDGE_CURVE('NONE',#9552,#9550,#9553,.T.);
#7885=EDGE_CURVE('NONE',#9552,#9554,#9555,.T.);
#7886=EDGE_CURVE('NONE',#9556,#9554,#9557,.T.);
#7887=EDGE_CURVE('NONE',#9556,#9558,#9559,.T.);
#7888=EDGE_CURVE('NONE',#9560,#9558,#9561,.T.);
#7889=EDGE_CURVE('NONE',#9560,#9525,#9562,.T.);
#7890=FILL_AREA_STYLE('',(#9563));
#7891=EDGE_CURVE('NONE',#9538,#9503,#9564,.T.);
#7892=EDGE_CURVE('NONE',#9505,#9536,#9565,.T.);
#7893=FILL_AREA_STYLE('',(#9566));
#7894=EDGE_CURVE('NONE',#9534,#9507,#9567,.T.);
#7895=FILL_AREA_STYLE('',(#9568));
#7896=EDGE_CURVE('NONE',#9509,#9532,#9569,.T.);
#7897=FILL_AREA_STYLE('',(#9570));
#7898=EDGE_CURVE('NONE',#9530,#9511,#9571,.T.);
#7899=FILL_AREA_STYLE('',(#9572));
#7900=EDGE_CURVE('NONE',#9481,#9560,#9573,.T.);
#7901=EDGE_CURVE('NONE',#9558,#9483,#9574,.T.);
#7902=FILL_AREA_STYLE('',(#9575));
#7903=EDGE_CURVE('NONE',#9485,#9556,#9576,.T.);
#7904=FILL_AREA_STYLE('',(#9577));
#7905=EDGE_CURVE('NONE',#9554,#9487,#9578,.T.);
#7906=FILL_AREA_STYLE('',(#9579));
#7907=EDGE_CURVE('NONE',#9489,#9552,#9580,.T.);
#7908=FILL_AREA_STYLE('',(#9581));
#7909=EDGE_CURVE('NONE',#9550,#9491,#9582,.T.);
#7910=FILL_AREA_STYLE('',(#9583));
#7911=EDGE_CURVE('NONE',#9501,#9540,#9584,.T.);
#7912=FILL_AREA_STYLE('',(#9585));
#7913=FILL_AREA_STYLE('',(#9586));
#7914=EDGE_CURVE('NONE',#9493,#9548,#9587,.T.);
#7915=FILL_AREA_STYLE('',(#9588));
#7916=EDGE_CURVE('NONE',#9316,#9312,#9589,.T.);
#7917=FILL_AREA_STYLE('',(#9590));
#7918=EDGE_CURVE('NONE',#9303,#9591,#9592,.T.);
#7919=EDGE_CURVE('NONE',#9318,#9591,#9593,.T.);
#7920=FILL_AREA_STYLE('',(#9594));
#7921=EDGE_CURVE('NONE',#9304,#9591,#9595,.T.);
#7922=FILL_AREA_STYLE('',(#9596));
#7923=FILL_AREA_STYLE('',(#9597));
#7924=EDGE_CURVE('NONE',#9542,#9499,#9598,.T.);
#7925=FILL_AREA_STYLE('',(#9599));
#7926=EDGE_CURVE('NONE',#9291,#9600,#9601,.T.);
#7927=EDGE_CURVE('NONE',#9600,#9299,#9602,.T.);
#7928=FILL_AREA_STYLE('',(#9603));
#7929=EDGE_CURVE('NONE',#9287,#9600,#9604,.T.);
#7930=FILL_AREA_STYLE('',(#9605));
#7931=EDGE_CURVE('NONE',#9295,#9284,#9606,.T.);
#7932=FILL_AREA_STYLE('',(#9607));
#7933=EDGE_CURVE('NONE',#9544,#9608,#9609,.T.);
#7934=EDGE_CURVE('NONE',#9608,#9610,#9611,.T.);
#7935=EDGE_CURVE('NONE',#9610,#9546,#9612,.T.);
#7936=FILL_AREA_STYLE('',(#9613));
#7937=EDGE_CURVE('NONE',#9614,#9497,#9615,.T.);
#7938=EDGE_CURVE('NONE',#9495,#9616,#9617,.T.);
#7939=EDGE_CURVE('NONE',#9614,#9616,#9618,.T.);
#7940=FILL_AREA_STYLE('',(#9619));
#7941=EDGE_CURVE('NONE',#9620,#9621,#9622,.T.);
#7942=EDGE_CURVE('NONE',#9620,#9614,#9623,.T.);
#7943=EDGE_CURVE('NONE',#9621,#9616,#9624,.T.);
#7944=FILL_AREA_STYLE('',(#9625));
#7945=EDGE_CURVE('NONE',#9626,#9627,#9628,.T.);
#7946=EDGE_CURVE('NONE',#9610,#9626,#9629,.T.);
#7947=EDGE_CURVE('NONE',#9608,#9627,#9630,.T.);
#7948=FILL_AREA_STYLE('',(#9631));
#7949=EDGE_CURVE('NONE',#9632,#9620,#9633,.T.);
#7950=EDGE_CURVE('NONE',#9634,#9632,#9635,.T.);
#7951=EDGE_CURVE('NONE',#9627,#9634,#9636,.T.);
#7952=FILL_AREA_STYLE('',(#9637));
#7953=EDGE_CURVE('NONE',#9638,#9639,#9640,.T.);
#7954=EDGE_CURVE('NONE',#9639,#9621,#9641,.T.);
#7955=EDGE_CURVE('NONE',#9626,#9638,#9642,.T.);
#7956=FILL_AREA_STYLE('',(#9643));
#7957=EDGE_CURVE('NONE',#9632,#9639,#9644,.T.);
#7958=FILL_AREA_STYLE('',(#9645));
#7959=EDGE_CURVE('NONE',#9634,#9638,#9646,.T.);
#7960=FILL_AREA_STYLE('',(#9647));
#7961=FILL_AREA_STYLE('',(#9648));
#7962=EDGE_CURVE('NONE',#9649,#9650,#9651,.T.);
#7963=EDGE_CURVE('NONE',#9652,#9649,#9653,.T.);
#7964=EDGE_CURVE('NONE',#9652,#9654,#9655,.T.);
#7965=EDGE_CURVE('NONE',#9650,#9654,#9656,.T.);
#7966=FILL_AREA_STYLE('',(#9657));
#7967=EDGE_CURVE('NONE',#9658,#9659,#9660,.T.);
#7968=EDGE_CURVE('NONE',#9661,#9659,#9662,.T.);
#7969=EDGE_CURVE('NONE',#9661,#9663,#9664,.T.);
#7970=EDGE_CURVE('NONE',#9658,#9663,#9665,.T.);
#7971=FILL_AREA_STYLE('',(#9666));
#7972=EDGE_CURVE('NONE',#9667,#9668,#9669,.T.);
#7973=EDGE_CURVE('NONE',#9670,#9667,#9671,.T.);
#7974=EDGE_CURVE('NONE',#9670,#9672,#9673,.T.);
#7975=EDGE_CURVE('NONE',#9672,#9668,#9674,.T.);
#7976=FILL_AREA_STYLE('',(#9675));
#7977=EDGE_CURVE('NONE',#9658,#9654,#9676,.T.);
#7978=EDGE_CURVE('NONE',#9663,#9650,#9677,.T.);
#7979=FILL_AREA_STYLE('',(#9678));
#7980=EDGE_CURVE('NONE',#9649,#9661,#9679,.T.);
#7981=FILL_AREA_STYLE('',(#9680));
#7982=EDGE_CURVE('NONE',#9681,#9682,#9683,.T.);
#7983=EDGE_CURVE('NONE',#9684,#9682,#9685,.T.);
#7984=EDGE_CURVE('NONE',#9686,#9684,#9687,.T.);
#7985=EDGE_CURVE('NONE',#9681,#9686,#9688,.T.);
#7986=FILL_AREA_STYLE('',(#9689));
#7987=EDGE_CURVE('NONE',#9690,#9684,#9691,.T.);
#7988=EDGE_CURVE('NONE',#9692,#9690,#9693,.T.);
#7989=EDGE_CURVE('NONE',#9686,#9692,#9694,.T.);
#7990=FILL_AREA_STYLE('',(#9695));
#7991=EDGE_CURVE('NONE',#9696,#9690,#9697,.T.);
#7992=EDGE_CURVE('NONE',#9698,#9696,#9699,.T.);
#7993=EDGE_CURVE('NONE',#9700,#9698,#9701,.T.);
#7994=EDGE_CURVE('NONE',#9692,#9700,#9702,.T.);
#7995=FILL_AREA_STYLE('',(#9703));
#7996=EDGE_CURVE('NONE',#9698,#9704,#9705,.T.);
#7997=EDGE_CURVE('NONE',#9706,#9704,#9707,.T.);
#7998=EDGE_CURVE('NONE',#9700,#9706,#9708,.T.);
#7999=FILL_AREA_STYLE('',(#9709));
#8000=EDGE_CURVE('NONE',#9710,#9706,#9711,.T.);
#8001=EDGE_CURVE('NONE',#9692,#9710,#9712,.T.);
#8002=FILL_AREA_STYLE('',(#9713));
#8003=EDGE_CURVE('NONE',#9714,#9710,#9715,.T.);
#8004=EDGE_CURVE('NONE',#9686,#9714,#9716,.T.);
#8005=FILL_AREA_STYLE('',(#9717));
#8006=EDGE_CURVE('NONE',#9718,#9714,#9719,.T.);
#8007=EDGE_CURVE('NONE',#9681,#9718,#9720,.T.);
#8008=FILL_AREA_STYLE('',(#9721));
#8009=EDGE_CURVE('NONE',#9722,#9718,#9723,.T.);
#8010=EDGE_CURVE('NONE',#9724,#9722,#9725,.T.);
#8011=EDGE_CURVE('NONE',#9682,#9724,#9726,.T.);
#8012=FILL_AREA_STYLE('',(#9727));
#8013=EDGE_CURVE('NONE',#9728,#9729,#9730,.T.);
#8014=EDGE_CURVE('NONE',#9728,#9722,#9731,.T.);
#8015=EDGE_CURVE('NONE',#9729,#9704,#9732,.T.);
#8016=FILL_AREA_STYLE('',(#9733));
#8017=EDGE_CURVE('NONE',#9734,#9696,#9735,.T.);
#8018=EDGE_CURVE('NONE',#9734,#9736,#9737,.T.);
#8019=EDGE_CURVE('NONE',#9736,#9698,#9738,.T.);
#8020=FILL_AREA_STYLE('',(#9739));
#8021=EDGE_CURVE('NONE',#9740,#9741,#9742,.T.);
#8022=EDGE_CURVE('NONE',#9741,#9734,#9743,.T.);
#8023=EDGE_CURVE('NONE',#9724,#9744,#9745,.T.);
#8024=EDGE_CURVE('NONE',#9744,#9746,#9747,.T.);
#8025=EDGE_CURVE('NONE',#9746,#9740,#9748,.T.);
#8026=FILL_AREA_STYLE('',(#9749));
#8027=EDGE_CURVE('NONE',#9750,#9751,#9752,.T.);
#8028=EDGE_CURVE('NONE',#9751,#9729,#9753,.T.);
#8029=EDGE_CURVE('NONE',#9736,#9754,#9755,.T.);
#8030=EDGE_CURVE('NONE',#9754,#9750,#9756,.T.);
#8031=FILL_AREA_STYLE('',(#9757));
#8032=EDGE_CURVE('NONE',#9758,#9759,#9760,.T.);
#8033=EDGE_CURVE('NONE',#9759,#9761,#9762,.T.);
#8034=EDGE_CURVE('NONE',#9763,#9761,#9764,.T.);
#8035=EDGE_CURVE('NONE',#9765,#9763,#9766,.T.);
#8036=EDGE_CURVE('NONE',#9765,#9767,#9768,.T.);
#8037=EDGE_CURVE('NONE',#9767,#9769,#9770,.T.);
#8038=EDGE_CURVE('NONE',#9769,#9758,#9771,.T.);
#8039=FILL_AREA_STYLE('',(#9772));
#8040=EDGE_CURVE('NONE',#9773,#9774,#9775,.T.);
#8041=EDGE_CURVE('NONE',#9774,#9776,#9777,.T.);
#8042=EDGE_CURVE('NONE',#9778,#9776,#9779,.T.);
#8043=EDGE_CURVE('NONE',#9778,#9780,#9781,.T.);
#8044=EDGE_CURVE('NONE',#9780,#9782,#9783,.T.);
#8045=EDGE_CURVE('NONE',#9782,#9784,#9785,.T.);
#8046=EDGE_CURVE('NONE',#9784,#9786,#9787,.T.);
#8047=EDGE_CURVE('NONE',#9786,#9788,#9789,.T.);
#8048=EDGE_CURVE('NONE',#9788,#9790,#9791,.T.);
#8049=EDGE_CURVE('NONE',#9790,#9773,#9792,.T.);
#8050=FILL_AREA_STYLE('',(#9793));
#8051=EDGE_CURVE('NONE',#9794,#9780,#9795,.T.);
#8052=EDGE_CURVE('NONE',#9778,#9796,#9797,.T.);
#8053=EDGE_CURVE('NONE',#9796,#9798,#9799,.T.);
#8054=EDGE_CURVE('NONE',#9798,#9794,#9800,.T.);
#8055=FILL_AREA_STYLE('',(#9801));
#8056=EDGE_CURVE('NONE',#9802,#9796,#9803,.T.);
#8057=EDGE_CURVE('NONE',#9767,#9802,#9804,.T.);
#8058=EDGE_CURVE('NONE',#9805,#9765,#9806,.T.);
#8059=EDGE_CURVE('NONE',#9807,#9805,#9808,.T.);
#8060=EDGE_CURVE('NONE',#9809,#9807,#9810,.T.);
#8061=EDGE_CURVE('NONE',#9798,#9809,#9811,.T.);
#8062=FILL_AREA_STYLE('',(#9812));
#8063=EDGE_CURVE('NONE',#9761,#9788,#9813,.T.);
#8064=EDGE_CURVE('NONE',#9763,#9786,#9814,.T.);
#8065=FILL_AREA_STYLE('',(#9815));
#8066=EDGE_CURVE('NONE',#9816,#9763,#9817,.T.);
#8067=EDGE_CURVE('NONE',#9805,#9816,#9818,.T.);
#8068=FILL_AREA_STYLE('',(#9819));
#8069=EDGE_CURVE('NONE',#9816,#9820,#9821,.T.);
#8070=EDGE_CURVE('NONE',#9807,#9820,#9822,.T.);
#8071=FILL_AREA_STYLE('',(#9823));
#8072=EDGE_CURVE('NONE',#9820,#9824,#9825,.T.);
#8073=EDGE_CURVE('NONE',#9809,#9824,#9826,.T.);
#8074=FILL_AREA_STYLE('',(#9827));
#8075=EDGE_CURVE('NONE',#9824,#9794,#9828,.T.);
#8076=FILL_AREA_STYLE('',(#9829));
#8077=EDGE_CURVE('NONE',#9824,#9782,#9830,.T.);
#8078=FILL_AREA_STYLE('',(#9831));
#8079=EDGE_CURVE('NONE',#9820,#9784,#9832,.T.);
#8080=FILL_AREA_STYLE('',(#9833));
#8081=FILL_AREA_STYLE('',(#9834));
#8082=EDGE_CURVE('NONE',#9429,#9428,#9835,.T.);
#8083=EDGE_CURVE('NONE',#9431,#9433,#9836,.T.);
#8084=FILL_AREA_STYLE('',(#9837));
#8085=FILL_AREA_STYLE('',(#9838));
#8086=EDGE_CURVE('NONE',#9420,#9419,#9839,.T.);
#8087=EDGE_CURVE('NONE',#9422,#9424,#9840,.T.);
#8088=FILL_AREA_STYLE('',(#9841));
#8089=FILL_AREA_STYLE('',(#9842));
#8090=EDGE_CURVE('NONE',#9843,#9844,#9845,.T.);
#8091=EDGE_CURVE('NONE',#9844,#9846,#9847,.T.);
#8092=EDGE_CURVE('NONE',#9846,#9848,#9849,.T.);
#8093=EDGE_CURVE('NONE',#9848,#9843,#9850,.T.);
#8094=FILL_AREA_STYLE('',(#9851));
#8095=EDGE_CURVE('NONE',#9843,#9852,#9853,.T.);
#8096=EDGE_CURVE('NONE',#9848,#9854,#9855,.T.);
#8097=EDGE_CURVE('NONE',#9854,#9856,#9857,.T.);
#8098=EDGE_CURVE('NONE',#9856,#9858,#9859,.T.);
#8099=EDGE_CURVE('NONE',#9858,#9860,#9861,.T.);
#8100=EDGE_CURVE('NONE',#9862,#9860,#9863,.T.);
#8101=EDGE_CURVE('NONE',#9862,#9864,#9865,.T.);
#8102=EDGE_CURVE('NONE',#9864,#9866,#9867,.T.);
#8103=EDGE_CURVE('NONE',#9868,#9866,#9869,.T.);
#8104=EDGE_CURVE('NONE',#9870,#9868,#9871,.T.);
#8105=EDGE_CURVE('NONE',#9872,#9870,#9873,.T.);
#8106=EDGE_CURVE('NONE',#9872,#9874,#9875,.T.);
#8107=EDGE_CURVE('NONE',#9874,#9852,#9876,.T.);
#8108=EDGE_CURVE('NONE',#9877,#9878,#9879,.T.);
#8109=EDGE_CURVE('NONE',#9877,#9880,#9881,.T.);
#8110=EDGE_CURVE('NONE',#9882,#9880,#9883,.T.);
#8111=EDGE_CURVE('NONE',#9878,#9882,#9884,.T.);
#8112=EDGE_CURVE('NONE',#9885,#9886,#9887,.T.);
#8113=EDGE_CURVE('NONE',#9885,#9888,#9889,.T.);
#8114=EDGE_CURVE('NONE',#9890,#9888,#9891,.T.);
#8115=EDGE_CURVE('NONE',#9886,#9890,#9892,.T.);
#8116=FILL_AREA_STYLE('',(#9893));
#8117=EDGE_CURVE('NONE',#9870,#9894,#9895,.T.);
#8118=EDGE_CURVE('NONE',#9894,#9896,#9897,.T.);
#8119=EDGE_CURVE('NONE',#9896,#9872,#9898,.T.);
#8120=FILL_AREA_STYLE('',(#9899));
#8121=EDGE_CURVE('NONE',#9900,#9391,#9901,.T.);
#8122=EDGE_CURVE('NONE',#9900,#9902,#9903,.T.);
#8123=EDGE_CURVE('NONE',#9904,#9902,#9905,.T.);
#8124=EDGE_CURVE('NONE',#9906,#9904,#9907,.T.);
#8125=EDGE_CURVE('NONE',#9908,#9906,#9909,.T.);
#8126=EDGE_CURVE('NONE',#9910,#9908,#9911,.T.);
#8127=EDGE_CURVE('NONE',#9912,#9910,#9913,.T.);
#8128=EDGE_CURVE('NONE',#9914,#9912,#9915,.T.);
#8129=EDGE_CURVE('NONE',#9916,#9914,#9917,.T.);
#8130=EDGE_CURVE('NONE',#9916,#9918,#9919,.T.);
#8131=EDGE_CURVE('NONE',#9920,#9918,#9921,.T.);
#8132=EDGE_CURVE('NONE',#9920,#9922,#9923,.T.);
#8133=EDGE_CURVE('NONE',#9924,#9922,#9925,.T.);
#8134=EDGE_CURVE('NONE',#9924,#9926,#9927,.T.);
#8135=EDGE_CURVE('NONE',#9926,#9928,#9929,.T.);
#8136=EDGE_CURVE('NONE',#9928,#9930,#9931,.T.);
#8137=EDGE_CURVE('NONE',#9930,#9932,#9933,.T.);
#8138=EDGE_CURVE('NONE',#9932,#9934,#9935,.T.);
#8139=EDGE_CURVE('NONE',#9936,#9934,#9937,.T.);
#8140=EDGE_CURVE('NONE',#9936,#9938,#9939,.T.);
#8141=EDGE_CURVE('NONE',#9940,#9938,#9941,.T.);
#8142=EDGE_CURVE('NONE',#9940,#9942,#9943,.T.);
#8143=EDGE_CURVE('NONE',#9944,#9942,#9945,.T.);
#8144=EDGE_CURVE('NONE',#9946,#9944,#9947,.T.);
#8145=EDGE_CURVE('NONE',#9860,#9946,#9948,.T.);
#8146=EDGE_CURVE('NONE',#9949,#9858,#9950,.T.);
#8147=EDGE_CURVE('NONE',#9951,#9949,#9952,.T.);
#8148=EDGE_CURVE('NONE',#9953,#9951,#9954,.T.);
#8149=EDGE_CURVE('NONE',#9953,#9955,#9956,.T.);
#8150=EDGE_CURVE('NONE',#9957,#9955,#9958,.T.);
#8151=EDGE_CURVE('NONE',#9383,#9957,#9959,.T.);
#8152=EDGE_CURVE('NONE',#9960,#9382,#9961,.T.);
#8153=EDGE_CURVE('NONE',#9960,#9962,#9963,.T.);
#8154=EDGE_CURVE('NONE',#9964,#9962,#9965,.T.);
#8155=EDGE_CURVE('NONE',#9964,#9966,#9967,.T.);
#8156=EDGE_CURVE('NONE',#9966,#9968,#9969,.T.);
#8157=EDGE_CURVE('NONE',#9968,#9970,#9971,.T.);
#8158=EDGE_CURVE('NONE',#9970,#9972,#9973,.T.);
#8159=EDGE_CURVE('NONE',#9972,#9974,#9975,.T.);
#8160=EDGE_CURVE('NONE',#9976,#9974,#9977,.T.);
#8161=EDGE_CURVE('NONE',#9976,#9978,#9979,.T.);
#8162=EDGE_CURVE('NONE',#9980,#9978,#9981,.T.);
#8163=EDGE_CURVE('NONE',#9392,#9980,#9982,.T.);
#8164=EDGE_CURVE('NONE',#9332,#9331,#9983,.T.);
#8165=FILL_AREA_STYLE('',(#9984));
#8166=EDGE_CURVE('NONE',#9985,#9986,#9987,.T.);
#8167=EDGE_CURVE('NONE',#9988,#9985,#9989,.T.);
#8168=EDGE_CURVE('NONE',#9988,#9990,#9991,.T.);
#8169=EDGE_CURVE('NONE',#9990,#9992,#9993,.T.);
#8170=EDGE_CURVE('NONE',#9992,#9994,#9995,.T.);
#8171=EDGE_CURVE('NONE',#9986,#9994,#9996,.T.);
#8172=FILL_AREA_STYLE('',(#9997));
#8173=EDGE_CURVE('NONE',#9998,#9999,#10000,.T.);
#8174=EDGE_CURVE('NONE',#10001,#9999,#10002,.T.);
#8175=EDGE_CURVE('NONE',#10001,#10003,#10004,.T.);
#8176=EDGE_CURVE('NONE',#10003,#10005,#10006,.T.);
#8177=EDGE_CURVE('NONE',#10005,#10007,#10008,.T.);
#8178=EDGE_CURVE('NONE',#10009,#10007,#10010,.T.);
#8179=EDGE_CURVE('NONE',#10011,#10009,#10012,.T.);
#8180=EDGE_CURVE('NONE',#10013,#10011,#10014,.T.);
#8181=EDGE_CURVE('NONE',#9258,#10013,#10015,.T.);
#8182=EDGE_CURVE('NONE',#10016,#9262,#10017,.T.);
#8183=EDGE_CURVE('NONE',#10018,#10016,#10019,.T.);
#8184=EDGE_CURVE('NONE',#10020,#10018,#10021,.T.);
#8185=EDGE_CURVE('NONE',#10020,#10022,#10023,.T.);
#8186=EDGE_CURVE('NONE',#10022,#9998,#10024,.T.);
#8187=FILL_AREA_STYLE('',(#10025));
#8188=EDGE_CURVE('NONE',#10022,#9916,#10026,.T.);
#8189=EDGE_CURVE('NONE',#9998,#9914,#10027,.T.);
#8190=FILL_AREA_STYLE('',(#10028));
#8191=EDGE_CURVE('NONE',#9902,#10005,#10029,.T.);
#8192=EDGE_CURVE('NONE',#10003,#9904,#10030,.T.);
#8193=FILL_AREA_STYLE('',(#10031));
#8194=EDGE_CURVE('NONE',#9936,#10032,#10033,.T.);
#8195=EDGE_CURVE('NONE',#10034,#9934,#10035,.T.);
#8196=EDGE_CURVE('NONE',#10032,#10034,#10036,.T.);
#8197=FILL_AREA_STYLE('',(#10037));
#8198=EDGE_CURVE('NONE',#10038,#10039,#10040,.T.);
#8199=EDGE_CURVE('NONE',#10038,#10041,#10042,.T.);
#8200=EDGE_CURVE('NONE',#10041,#10043,#10044,.T.);
#8201=EDGE_CURVE('NONE',#9924,#10043,#10045,.T.);
#8202=EDGE_CURVE('NONE',#10046,#9922,#10047,.T.);
#8203=EDGE_CURVE('NONE',#10046,#10039,#10048,.T.);
#8204=FILL_AREA_STYLE('',(#10049));
#8205=EDGE_CURVE('NONE',#10038,#10050,#10051,.T.);
#8206=EDGE_CURVE('NONE',#10050,#10052,#10053,.T.);
#8207=EDGE_CURVE('NONE',#10052,#10054,#10055,.T.);
#8208=EDGE_CURVE('NONE',#10056,#10054,#10057,.T.);
#8209=EDGE_CURVE('NONE',#10056,#10041,#10058,.T.);
#8210=FILL_AREA_STYLE('',(#10059));
#8211=EDGE_CURVE('NONE',#10052,#10060,#10061,.T.);
#8212=EDGE_CURVE('NONE',#10062,#10060,#10063,.T.);
#8213=EDGE_CURVE('NONE',#10054,#10062,#10064,.T.);
#8214=FILL_AREA_STYLE('',(#10065));
#8215=EDGE_CURVE('NONE',#10066,#10062,#10067,.T.);
#8216=EDGE_CURVE('NONE',#10060,#10034,#10068,.T.);
#8217=EDGE_CURVE('NONE',#10069,#9932,#10070,.T.);
#8218=EDGE_CURVE('NONE',#10069,#10066,#10071,.T.);
#8219=FILL_AREA_STYLE('',(#10072));
#8220=EDGE_CURVE('NONE',#9953,#10073,#10074,.T.);
#8221=EDGE_CURVE('NONE',#10075,#9951,#10076,.T.);
#8222=EDGE_CURVE('NONE',#10075,#10073,#10077,.T.);
#8223=FILL_AREA_STYLE('',(#10078));
#8224=EDGE_CURVE('NONE',#10079,#9846,#10080,.T.);
#8225=EDGE_CURVE('NONE',#10079,#10081,#10082,.T.);
#8226=EDGE_CURVE('NONE',#10081,#10083,#10084,.T.);
#8227=EDGE_CURVE('NONE',#10083,#9854,#10085,.T.);
#8228=FILL_AREA_STYLE('',(#10086));
#8229=EDGE_CURVE('NONE',#10087,#9942,#10088,.T.);
#8230=EDGE_CURVE('NONE',#10087,#10089,#10090,.T.);
#8231=EDGE_CURVE('NONE',#10089,#9944,#10091,.T.);
#8232=FILL_AREA_STYLE('',(#10092));
#8233=EDGE_CURVE('NONE',#10093,#9949,#10094,.T.);
#8234=EDGE_CURVE('NONE',#10093,#10095,#10096,.T.);
#8235=EDGE_CURVE('NONE',#10095,#10097,#10098,.T.);
#8236=EDGE_CURVE('NONE',#10075,#10097,#10099,.T.);
#8237=FILL_AREA_STYLE('',(#10100));
#8238=EDGE_CURVE('NONE',#10083,#10101,#10102,.T.);
#8239=EDGE_CURVE('NONE',#10101,#10095,#10103,.T.);
#8240=EDGE_CURVE('NONE',#9856,#10093,#10104,.T.);
#8241=FILL_AREA_STYLE('',(#10105));
#8242=EDGE_CURVE('NONE',#10089,#10106,#10107,.T.);
#8243=EDGE_CURVE('NONE',#10106,#10108,#10109,.T.);
#8244=EDGE_CURVE('NONE',#10108,#10110,#10111,.T.);
#8245=EDGE_CURVE('NONE',#10110,#9946,#10112,.T.);
#8246=FILL_AREA_STYLE('',(#10113));
#8247=EDGE_CURVE('NONE',#10110,#9862,#10114,.T.);
#8248=EDGE_CURVE('NONE',#10108,#9864,#10115,.T.);
#8249=FILL_AREA_STYLE('',(#10116));
#8250=EDGE_CURVE('NONE',#9894,#10117,#10118,.T.);
#8251=EDGE_CURVE('NONE',#9868,#10117,#10119,.T.);
#8252=FILL_AREA_STYLE('',(#10120));
#8253=EDGE_CURVE('NONE',#9976,#10121,#10122,.T.);
#8254=EDGE_CURVE('NONE',#10123,#9974,#10124,.T.);
#8255=EDGE_CURVE('NONE',#10123,#10125,#10126,.T.);
#8256=EDGE_CURVE('NONE',#10125,#10127,#10128,.T.);
#8257=EDGE_CURVE('NONE',#10127,#10129,#10130,.T.);
#8258=EDGE_CURVE('NONE',#9964,#10129,#10131,.T.);
#8259=EDGE_CURVE('NONE',#10132,#9962,#10133,.T.);
#8260=EDGE_CURVE('NONE',#10132,#10121,#10134,.T.);
#8261=FILL_AREA_STYLE('',(#10135));
#8262=EDGE_CURVE('NONE',#10136,#9672,#10137,.T.);
#8263=EDGE_CURVE('NONE',#10138,#10136,#10139,.T.);
#8264=EDGE_CURVE('NONE',#9668,#10138,#10140,.T.);
#8265=FILL_AREA_STYLE('',(#10141));
#8266=EDGE_CURVE('NONE',#10142,#10138,#10143,.T.);
#8267=EDGE_CURVE('NONE',#9442,#10142,#10144,.T.);
#8268=EDGE_CURVE('NONE',#9667,#9440,#10145,.T.);
#8269=FILL_AREA_STYLE('',(#10146));
#8270=EDGE_CURVE('NONE',#10147,#9460,#10148,.T.);
#8271=EDGE_CURVE('NONE',#10149,#9458,#10150,.T.);
#8272=EDGE_CURVE('NONE',#10151,#10149,#10152,.T.);
#8273=EDGE_CURVE('NONE',#10153,#10151,#10154,.T.);
#8274=EDGE_CURVE('NONE',#10153,#10147,#10155,.T.);
#8275=FILL_AREA_STYLE('',(#10156));
#8276=EDGE_CURVE('NONE',#10157,#10147,#10158,.T.);
#8277=EDGE_CURVE('NONE',#9456,#10157,#10159,.T.);
#8278=FILL_AREA_STYLE('',(#10160));
#8279=EDGE_CURVE('NONE',#9986,#10001,#10161,.T.);
#8280=EDGE_CURVE('NONE',#9994,#9906,#10162,.T.);
#8281=FILL_AREA_STYLE('',(#10163));
#8282=EDGE_CURVE('NONE',#9999,#9985,#10164,.T.);
#8283=EDGE_CURVE('NONE',#9988,#9912,#10165,.T.);
#8284=FILL_AREA_STYLE('',(#10166));
#8285=FILL_AREA_STYLE('',(#10167));
#8286=FILL_AREA_STYLE('',(#10168));
#8287=EDGE_CURVE('NONE',#9466,#9472,#10169,.T.);
#8288=EDGE_CURVE('NONE',#9455,#9470,#10170,.T.);
#8289=EDGE_CURVE('NONE',#10157,#10171,#10172,.T.);
#8290=EDGE_CURVE('NONE',#10171,#10173,#10174,.T.);
#8291=EDGE_CURVE('NONE',#10173,#10056,#10175,.T.);
#8292=EDGE_CURVE('NONE',#10066,#10176,#10177,.T.);
#8293=EDGE_CURVE('NONE',#10178,#10176,#10179,.T.);
#8294=EDGE_CURVE('NONE',#10178,#10180,#10181,.T.);
#8295=EDGE_CURVE('NONE',#9464,#10180,#10182,.T.);
#8296=FILL_AREA_STYLE('',(#10183));
#8297=EDGE_CURVE('NONE',#10184,#9930,#10185,.T.);
#8298=EDGE_CURVE('NONE',#10184,#10069,#10186,.T.);
#8299=FILL_AREA_STYLE('',(#10187));
#8300=EDGE_CURVE('NONE',#10176,#10153,#10188,.T.);
#8301=EDGE_CURVE('NONE',#10189,#10184,#10190,.T.);
#8302=EDGE_CURVE('NONE',#10191,#10189,#10192,.T.);
#8303=EDGE_CURVE('NONE',#10171,#10191,#10193,.T.);
#8304=FILL_AREA_STYLE('',(#10194));
#8305=EDGE_CURVE('NONE',#10043,#10173,#10195,.T.);
#8306=FILL_AREA_STYLE('',(#10196));
#8307=EDGE_CURVE('NONE',#10191,#9926,#10197,.T.);
#8308=FILL_AREA_STYLE('',(#10198));
#8309=EDGE_CURVE('NONE',#10199,#10200,#10201,.T.);
#8310=EDGE_CURVE('NONE',#10200,#10123,#10202,.T.);
#8311=EDGE_CURVE('NONE',#10203,#9972,#10204,.T.);
#8312=EDGE_CURVE('NONE',#10203,#10199,#10205,.T.);
#8313=FILL_AREA_STYLE('',(#10206));
#8314=EDGE_CURVE('NONE',#10207,#10200,#10208,.T.);
#8315=EDGE_CURVE('NONE',#10125,#10207,#10209,.T.);
#8316=FILL_AREA_STYLE('',(#10210));
#8317=EDGE_CURVE('NONE',#10211,#10207,#10212,.T.);
#8318=EDGE_CURVE('NONE',#10211,#10127,#10213,.T.);
#8319=FILL_AREA_STYLE('',(#10214));
#8320=EDGE_CURVE('NONE',#10215,#10211,#10216,.T.);
#8321=EDGE_CURVE('NONE',#10129,#10215,#10217,.T.);
#8322=FILL_AREA_STYLE('',(#10218));
#8323=EDGE_CURVE('NONE',#10219,#10215,#10220,.T.);
#8324=EDGE_CURVE('NONE',#10219,#10221,#10222,.T.);
#8325=EDGE_CURVE('NONE',#10221,#9966,#10223,.T.);
#8326=FILL_AREA_STYLE('',(#10224));
#8327=EDGE_CURVE('NONE',#9990,#9910,#10225,.T.);
#8328=FILL_AREA_STYLE('',(#10226));
#8329=EDGE_CURVE('NONE',#9992,#9908,#10227,.T.);
#8330=FILL_AREA_STYLE('',(#10228));
#8331=FILL_AREA_STYLE('',(#10229));
#8332=EDGE_CURVE('NONE',#10189,#9928,#10230,.T.);
#8333=FILL_AREA_STYLE('',(#10231));
#8334=FILL_AREA_STYLE('',(#10232));
#8335=EDGE_CURVE('NONE',#10221,#10233,#10234,.T.);
#8336=EDGE_CURVE('NONE',#10233,#9968,#10235,.T.);
#8337=FILL_AREA_STYLE('',(#10236));
#8338=EDGE_CURVE('NONE',#10233,#10237,#10238,.T.);
#8339=EDGE_CURVE('NONE',#10237,#9970,#10239,.T.);
#8340=FILL_AREA_STYLE('',(#10240));
#8341=EDGE_CURVE('NONE',#10237,#10203,#10241,.T.);
#8342=FILL_AREA_STYLE('',(#10242));
#8343=EDGE_CURVE('NONE',#9438,#9652,#10243,.T.);
#8344=EDGE_CURVE('NONE',#10244,#9437,#10245,.T.);
#8345=EDGE_CURVE('NONE',#10244,#10219,#10246,.T.);
#8346=EDGE_CURVE('NONE',#10199,#10136,#10247,.T.);
#8347=EDGE_CURVE('NONE',#9659,#9670,#10248,.T.);
#8348=FILL_AREA_STYLE('',(#10249));
#8349=EDGE_CURVE('NONE',#10142,#10244,#10250,.T.);
#8350=FILL_AREA_STYLE('',(#10251));
#8351=FILL_AREA_STYLE('',(#10252));
#8352=EDGE_CURVE('NONE',#10151,#10178,#10253,.T.);
#8353=FILL_AREA_STYLE('',(#10254));
#8354=EDGE_CURVE('NONE',#9412,#9411,#10255,.T.);
#8355=EDGE_CURVE('NONE',#9414,#9403,#10256,.T.);
#8356=FILL_AREA_STYLE('',(#10257));
#8357=EDGE_CURVE('NONE',#9401,#9400,#10258,.T.);
#8358=FILL_AREA_STYLE('',(#10259));
#8359=EDGE_CURVE('NONE',#10260,#10261,#10262,.T.);
#8360=EDGE_CURVE('NONE',#10260,#10263,#10264,.T.);
#8361=EDGE_CURVE('NONE',#10263,#10265,#10266,.T.);
#8362=EDGE_CURVE('NONE',#10265,#10267,#10268,.T.);
#8363=EDGE_CURVE('NONE',#10267,#10269,#10270,.T.);
#8364=EDGE_CURVE('NONE',#10269,#10271,#10272,.T.);
#8365=EDGE_CURVE('NONE',#10271,#10273,#10274,.T.);
#8366=EDGE_CURVE('NONE',#10273,#10275,#10276,.T.);
#8367=EDGE_CURVE('NONE',#10277,#10275,#10278,.T.);
#8368=EDGE_CURVE('NONE',#10277,#10279,#10280,.T.);
#8369=EDGE_CURVE('NONE',#10279,#10281,#10282,.T.);
#8370=EDGE_CURVE('NONE',#10281,#10283,#10284,.T.);
#8371=EDGE_CURVE('NONE',#10283,#9260,#10285,.T.);
#8372=EDGE_CURVE('NONE',#9257,#10286,#10287,.T.);
#8373=EDGE_CURVE('NONE',#10286,#10288,#10289,.T.);
#8374=EDGE_CURVE('NONE',#10288,#10290,#10291,.T.);
#8375=EDGE_CURVE('NONE',#10290,#10292,#10293,.T.);
#8376=EDGE_CURVE('NONE',#10292,#10294,#10295,.T.);
#8377=EDGE_CURVE('NONE',#10296,#10294,#10297,.T.);
#8378=EDGE_CURVE('NONE',#10296,#10298,#10299,.T.);
#8379=EDGE_CURVE('NONE',#10298,#10300,#10301,.T.);
#8380=EDGE_CURVE('NONE',#10300,#10302,#10303,.T.);
#8381=EDGE_CURVE('NONE',#10302,#10304,#10305,.T.);
#8382=EDGE_CURVE('NONE',#10304,#10306,#10307,.T.);
#8383=EDGE_CURVE('NONE',#10306,#10308,#10309,.T.);
#8384=EDGE_CURVE('NONE',#10308,#10310,#10311,.T.);
#8385=EDGE_CURVE('NONE',#10312,#10310,#10313,.T.);
#8386=EDGE_CURVE('NONE',#10312,#10314,#10315,.T.);
#8387=EDGE_CURVE('NONE',#10314,#10316,#10317,.T.);
#8388=EDGE_CURVE('NONE',#10316,#10318,#10319,.T.);
#8389=EDGE_CURVE('NONE',#10318,#10320,#10321,.T.);
#8390=EDGE_CURVE('NONE',#10320,#10322,#10323,.T.);
#8391=EDGE_CURVE('NONE',#10322,#10324,#10325,.T.);
#8392=EDGE_CURVE('NONE',#10324,#10261,#10326,.T.);
#8393=FILL_AREA_STYLE('',(#10327));
#8394=EDGE_CURVE('NONE',#10328,#9396,#10329,.T.);
#8395=EDGE_CURVE('NONE',#10328,#9900,#10330,.T.);
#8396=FILL_AREA_STYLE('',(#10331));
#8397=EDGE_CURVE('NONE',#10328,#10332,#10333,.T.);
#8398=EDGE_CURVE('NONE',#9394,#10334,#10335,.T.);
#8399=EDGE_CURVE('NONE',#10334,#10332,#10336,.T.);
#8400=FILL_AREA_STYLE('',(#10337));
#8401=EDGE_CURVE('NONE',#9978,#10332,#10338,.T.);
#8402=EDGE_CURVE('NONE',#9980,#10334,#10339,.T.);
#8403=FILL_AREA_STYLE('',(#10340));
#8404=FILL_AREA_STYLE('',(#10341));
#8405=EDGE_CURVE('NONE',#10342,#9387,#10343,.T.);
#8406=EDGE_CURVE('NONE',#10342,#9960,#10344,.T.);
#8407=FILL_AREA_STYLE('',(#10345));
#8408=EDGE_CURVE('NONE',#10342,#10346,#10347,.T.);
#8409=EDGE_CURVE('NONE',#9385,#10348,#10349,.T.);
#8410=EDGE_CURVE('NONE',#10348,#10346,#10350,.T.);
#8411=FILL_AREA_STYLE('',(#10351));
#8412=EDGE_CURVE('NONE',#9955,#10346,#10352,.T.);
#8413=EDGE_CURVE('NONE',#9957,#10348,#10353,.T.);
#8414=FILL_AREA_STYLE('',(#10354));
#8415=FILL_AREA_STYLE('',(#10355));
#8416=EDGE_CURVE('NONE',#10328,#10356,#10357,.T.);
#8417=EDGE_CURVE('NONE',#10358,#10332,#10359,.T.);
#8418=EDGE_CURVE('NONE',#10356,#10358,#10360,.T.);
#8419=FILL_AREA_STYLE('',(#10361));
#8420=EDGE_CURVE('NONE',#10342,#10362,#10363,.T.);
#8421=EDGE_CURVE('NONE',#10364,#10346,#10365,.T.);
#8422=EDGE_CURVE('NONE',#10362,#10364,#10366,.T.);
#8423=FILL_AREA_STYLE('',(#10367));
#8424=EDGE_CURVE('NONE',#10368,#10369,#10370,.T.);
#8425=EDGE_CURVE('NONE',#9280,#10368,#10371,.T.);
#8426=EDGE_CURVE('NONE',#9278,#10369,#10372,.T.);
#8427=FILL_AREA_STYLE('',(#10373));
#8428=EDGE_CURVE('NONE',#10369,#10374,#10375,.T.);
#8429=EDGE_CURVE('NONE',#10376,#9275,#10377,.T.);
#8430=EDGE_CURVE('NONE',#10374,#10376,#10378,.T.);
#8431=FILL_AREA_STYLE('',(#10379));
#8432=EDGE_CURVE('NONE',#10374,#10380,#10381,.T.);
#8433=EDGE_CURVE('NONE',#10382,#10376,#10383,.T.);
#8434=EDGE_CURVE('NONE',#10380,#10382,#10384,.T.);
#8435=FILL_AREA_STYLE('',(#10385));
#8436=EDGE_CURVE('NONE',#10380,#10368,#10386,.T.);
#8437=EDGE_CURVE('NONE',#10382,#9276,#10387,.T.);
#8438=FILL_AREA_STYLE('',(#10388));
#8439=FILL_AREA_STYLE('',(#10389));
#8440=EDGE_CURVE('NONE',#10390,#10391,#10392,.T.);
#8441=EDGE_CURVE('NONE',#9271,#10390,#10393,.T.);
#8442=EDGE_CURVE('NONE',#9269,#10391,#10394,.T.);
#8443=FILL_AREA_STYLE('',(#10395));
#8444=EDGE_CURVE('NONE',#10391,#10396,#10397,.T.);
#8445=EDGE_CURVE('NONE',#10398,#9266,#10399,.T.);
#8446=EDGE_CURVE('NONE',#10396,#10398,#10400,.T.);
#8447=FILL_AREA_STYLE('',(#10401));
#8448=EDGE_CURVE('NONE',#10396,#10402,#10403,.T.);
#8449=EDGE_CURVE('NONE',#10404,#10398,#10405,.T.);
#8450=EDGE_CURVE('NONE',#10402,#10404,#10406,.T.);
#8451=FILL_AREA_STYLE('',(#10407));
#8452=EDGE_CURVE('NONE',#10402,#10390,#10408,.T.);
#8453=EDGE_CURVE('NONE',#10404,#9267,#10409,.T.);
#8454=FILL_AREA_STYLE('',(#10410));
#8455=FILL_AREA_STYLE('',(#10411));
#8456=EDGE_CURVE('NONE',#10369,#10412,#10413,.T.);
#8457=EDGE_CURVE('NONE',#10414,#10374,#10415,.T.);
#8458=EDGE_CURVE('NONE',#10412,#10414,#10416,.T.);
#8459=FILL_AREA_STYLE('',(#10417));
#8460=EDGE_CURVE('NONE',#10368,#9940,#10418,.T.);
#8461=EDGE_CURVE('NONE',#9938,#10380,#10419,.T.);
#8462=FILL_AREA_STYLE('',(#10420));
#8463=EDGE_CURVE('NONE',#10391,#10421,#10422,.T.);
#8464=EDGE_CURVE('NONE',#10423,#10396,#10424,.T.);
#8465=EDGE_CURVE('NONE',#10421,#10423,#10425,.T.);
#8466=FILL_AREA_STYLE('',(#10426));
#8467=EDGE_CURVE('NONE',#10390,#9920,#10427,.T.);
#8468=EDGE_CURVE('NONE',#9918,#10402,#10428,.T.);
#8469=FILL_AREA_STYLE('',(#10429));
#8470=EDGE_CURVE('NONE',#10430,#10431,#10432,.T.);
#8471=EDGE_CURVE('NONE',#10433,#10430,#10434,.T.);
#8472=EDGE_CURVE('NONE',#10435,#10433,#10436,.T.);
#8473=EDGE_CURVE('NONE',#10437,#10435,#10438,.T.);
#8474=EDGE_CURVE('NONE',#10439,#10437,#10440,.T.);
#8475=EDGE_CURVE('NONE',#10431,#10439,#10441,.T.);
#8476=FILL_AREA_STYLE('',(#10442));
#8477=EDGE_CURVE('NONE',#10443,#10260,#10444,.T.);
#8478=EDGE_CURVE('NONE',#10261,#10445,#10446,.T.);
#8479=EDGE_CURVE('NONE',#10443,#10445,#10447,.T.);
#8480=FILL_AREA_STYLE('',(#10448));
#8481=EDGE_CURVE('NONE',#10430,#10443,#10449,.T.);
#8482=EDGE_CURVE('NONE',#10431,#10260,#10450,.T.);
#8483=FILL_AREA_STYLE('',(#10451));
#8484=EDGE_CURVE('NONE',#10437,#10261,#10452,.T.);
#8485=EDGE_CURVE('NONE',#10435,#10445,#10453,.T.);
#8486=FILL_AREA_STYLE('',(#10454));
#8487=EDGE_CURVE('NONE',#10455,#10277,#10456,.T.);
#8488=EDGE_CURVE('NONE',#10275,#10457,#10458,.T.);
#8489=EDGE_CURVE('NONE',#10455,#10457,#10459,.T.);
#8490=FILL_AREA_STYLE('',(#10460));
#8491=EDGE_CURVE('NONE',#10461,#10462,#10463,.T.);
#8492=EDGE_CURVE('NONE',#10464,#10462,#10465,.T.);
#8493=EDGE_CURVE('NONE',#10466,#10464,#10467,.T.);
#8494=EDGE_CURVE('NONE',#10461,#10466,#10468,.T.);
#8495=FILL_AREA_STYLE('',(#10469));
#8496=EDGE_CURVE('NONE',#10464,#10470,#10471,.T.);
#8497=EDGE_CURVE('NONE',#10470,#10462,#10472,.T.);
#8498=FILL_AREA_STYLE('',(#10473));
#8499=EDGE_CURVE('NONE',#10466,#10474,#10475,.T.);
#8500=EDGE_CURVE('NONE',#10474,#10461,#10476,.T.);
#8501=FILL_AREA_STYLE('',(#10477));
#8502=EDGE_CURVE('NONE',#10478,#10296,#10479,.T.);
#8503=EDGE_CURVE('NONE',#10294,#10480,#10481,.T.);
#8504=EDGE_CURVE('NONE',#10478,#10480,#10482,.T.);
#8505=FILL_AREA_STYLE('',(#10483));
#8506=EDGE_CURVE('NONE',#10484,#10485,#10486,.T.);
#8507=EDGE_CURVE('NONE',#10487,#10484,#10488,.T.);
#8508=EDGE_CURVE('NONE',#10489,#10487,#10490,.T.);
#8509=EDGE_CURVE('NONE',#10491,#10489,#10492,.T.);
#8510=EDGE_CURVE('NONE',#10485,#10491,#10493,.T.);
#8511=FILL_AREA_STYLE('',(#10494));
#8512=EDGE_CURVE('NONE',#10495,#10312,#10496,.T.);
#8513=EDGE_CURVE('NONE',#10310,#10497,#10498,.T.);
#8514=EDGE_CURVE('NONE',#10495,#10497,#10499,.T.);
#8515=FILL_AREA_STYLE('',(#10500));
#8516=EDGE_CURVE('NONE',#10484,#10495,#10501,.T.);
#8517=EDGE_CURVE('NONE',#10485,#10312,#10502,.T.);
#8518=FILL_AREA_STYLE('',(#10503));
#8519=EDGE_CURVE('NONE',#10491,#10310,#10504,.T.);
#8520=EDGE_CURVE('NONE',#10489,#10497,#10505,.T.);
#8521=FILL_AREA_STYLE('',(#10506));
#8522=EDGE_CURVE('NONE',#10020,#10279,#10507,.T.);
#8523=EDGE_CURVE('NONE',#10018,#10281,#10508,.T.);
#8524=FILL_AREA_STYLE('',(#10509));
#8525=EDGE_CURVE('NONE',#10016,#10283,#10510,.T.);
#8526=FILL_AREA_STYLE('',(#10511));
#8527=FILL_AREA_STYLE('',(#10512));
#8528=EDGE_CURVE('NONE',#10013,#10286,#10513,.T.);
#8529=FILL_AREA_STYLE('',(#10514));
#8530=EDGE_CURVE('NONE',#10011,#10288,#10515,.T.);
#8531=FILL_AREA_STYLE('',(#10516));
#8532=EDGE_CURVE('NONE',#10009,#10290,#10517,.T.);
#8533=FILL_AREA_STYLE('',(#10518));
#8534=EDGE_CURVE('NONE',#10007,#10292,#10519,.T.);
#8535=FILL_AREA_STYLE('',(#10520));
#8536=EDGE_CURVE('NONE',#10485,#10521,#10522,.T.);
#8537=EDGE_CURVE('NONE',#10521,#10314,#10523,.T.);
#8538=FILL_AREA_STYLE('',(#10524));
#8539=EDGE_CURVE('NONE',#10521,#10525,#10526,.T.);
#8540=EDGE_CURVE('NONE',#10525,#10316,#10527,.T.);
#8541=FILL_AREA_STYLE('',(#10528));
#8542=EDGE_CURVE('NONE',#10525,#10529,#10530,.T.);
#8543=EDGE_CURVE('NONE',#10529,#10318,#10531,.T.);
#8544=FILL_AREA_STYLE('',(#10532));
#8545=EDGE_CURVE('NONE',#10529,#10533,#10534,.T.);
#8546=EDGE_CURVE('NONE',#10533,#10320,#10535,.T.);
#8547=FILL_AREA_STYLE('',(#10536));
#8548=EDGE_CURVE('NONE',#10533,#10537,#10538,.T.);
#8549=EDGE_CURVE('NONE',#10537,#10322,#10539,.T.);
#8550=FILL_AREA_STYLE('',(#10540));
#8551=EDGE_CURVE('NONE',#10537,#10541,#10542,.T.);
#8552=EDGE_CURVE('NONE',#10541,#10324,#10543,.T.);
#8553=FILL_AREA_STYLE('',(#10544));
#8554=EDGE_CURVE('NONE',#10541,#10437,#10545,.T.);
#8555=FILL_AREA_STYLE('',(#10546));
#8556=EDGE_CURVE('NONE',#10495,#10547,#10548,.T.);
#8557=EDGE_CURVE('NONE',#10549,#10547,#10550,.T.);
#8558=EDGE_CURVE('NONE',#10549,#10484,#10551,.T.);
#8559=FILL_AREA_STYLE('',(#10552));
#8560=EDGE_CURVE('NONE',#10553,#10470,#10554,.T.);
#8561=EDGE_CURVE('NONE',#10555,#10553,#10556,.T.);
#8562=EDGE_CURVE('NONE',#10555,#10464,#10557,.T.);
#8563=FILL_AREA_STYLE('',(#10558));
#8564=EDGE_CURVE('NONE',#10474,#10559,#10560,.T.);
#8565=EDGE_CURVE('NONE',#10561,#10466,#10562,.T.);
#8566=EDGE_CURVE('NONE',#10561,#10559,#10563,.T.);
#8567=FILL_AREA_STYLE('',(#10564));
#8568=EDGE_CURVE('NONE',#10559,#10565,#10566,.T.);
#8569=EDGE_CURVE('NONE',#10561,#10567,#10568,.T.);
#8570=EDGE_CURVE('NONE',#10567,#10565,#10569,.T.);
#8571=FILL_AREA_STYLE('',(#10570));
#8572=EDGE_CURVE('NONE',#10565,#10571,#10572,.T.);
#8573=EDGE_CURVE('NONE',#10567,#10573,#10574,.T.);
#8574=EDGE_CURVE('NONE',#10573,#10571,#10575,.T.);
#8575=FILL_AREA_STYLE('',(#10576));
#8576=EDGE_CURVE('NONE',#10571,#10577,#10578,.T.);
#8577=EDGE_CURVE('NONE',#10573,#10579,#10580,.T.);
#8578=EDGE_CURVE('NONE',#10579,#10577,#10581,.T.);
#8579=FILL_AREA_STYLE('',(#10582));
#8580=EDGE_CURVE('NONE',#10577,#10583,#10584,.T.);
#8581=EDGE_CURVE('NONE',#10579,#10585,#10586,.T.);
#8582=EDGE_CURVE('NONE',#10585,#10583,#10587,.T.);
#8583=FILL_AREA_STYLE('',(#10588));
#8584=EDGE_CURVE('NONE',#10583,#10589,#10590,.T.);
#8585=EDGE_CURVE('NONE',#10585,#10591,#10592,.T.);
#8586=EDGE_CURVE('NONE',#10591,#10589,#10593,.T.);
#8587=FILL_AREA_STYLE('',(#10594));
#8588=EDGE_CURVE('NONE',#10589,#10547,#10595,.T.);
#8589=EDGE_CURVE('NONE',#10591,#10549,#10596,.T.);
#8590=FILL_AREA_STYLE('',(#10597));
#8591=EDGE_CURVE('NONE',#10598,#10599,#10600,.T.);
#8592=EDGE_CURVE('NONE',#10601,#10598,#10602,.T.);
#8593=EDGE_CURVE('NONE',#10601,#10603,#10604,.T.);
#8594=EDGE_CURVE('NONE',#10603,#10599,#10605,.T.);
#8595=FILL_AREA_STYLE('',(#10606));
#8596=EDGE_CURVE('NONE',#10599,#10607,#10608,.T.);
#8597=EDGE_CURVE('NONE',#10603,#10609,#10610,.T.);
#8598=EDGE_CURVE('NONE',#10609,#10607,#10611,.T.);
#8599=FILL_AREA_STYLE('',(#10612));
#8600=EDGE_CURVE('NONE',#10607,#10613,#10614,.T.);
#8601=EDGE_CURVE('NONE',#10609,#10615,#10616,.T.);
#8602=EDGE_CURVE('NONE',#10615,#10613,#10617,.T.);
#8603=FILL_AREA_STYLE('',(#10618));
#8604=EDGE_CURVE('NONE',#10613,#10619,#10620,.T.);
#8605=EDGE_CURVE('NONE',#10615,#10621,#10622,.T.);
#8606=EDGE_CURVE('NONE',#10621,#10619,#10623,.T.);
#8607=FILL_AREA_STYLE('',(#10624));
#8608=EDGE_CURVE('NONE',#10619,#10553,#10625,.T.);
#8609=EDGE_CURVE('NONE',#10621,#10555,#10626,.T.);
#8610=FILL_AREA_STYLE('',(#10627));
#8611=EDGE_CURVE('NONE',#10628,#10629,#10630,.T.);
#8612=EDGE_CURVE('NONE',#10474,#10628,#10631,.T.);
#8613=EDGE_CURVE('NONE',#10470,#10474,#10632,.T.);
#8614=EDGE_CURVE('NONE',#10629,#10470,#10633,.T.);
#8615=FILL_AREA_STYLE('',(#10634));
#8616=EDGE_CURVE('NONE',#10628,#10635,#10636,.T.);
#8617=EDGE_CURVE('NONE',#10635,#10461,#10637,.T.);
#8618=FILL_AREA_STYLE('',(#10638));
#8619=EDGE_CURVE('NONE',#10639,#10635,#10640,.T.);
#8620=EDGE_CURVE('NONE',#10462,#10639,#10641,.T.);
#8621=FILL_AREA_STYLE('',(#10642));
#8622=EDGE_CURVE('NONE',#10629,#10639,#10643,.T.);
#8623=FILL_AREA_STYLE('',(#10644));
#8624=EDGE_CURVE('NONE',#10639,#10645,#10646,.T.);
#8625=EDGE_CURVE('NONE',#10645,#10629,#10647,.T.);
#8626=FILL_AREA_STYLE('',(#10648));
#8627=EDGE_CURVE('NONE',#10628,#10649,#10650,.T.);
#8628=EDGE_CURVE('NONE',#10635,#10649,#10651,.T.);
#8629=FILL_AREA_STYLE('',(#10652));
#8630=EDGE_CURVE('NONE',#10645,#10649,#10653,.T.);
#8631=FILL_AREA_STYLE('',(#10654));
#8632=EDGE_CURVE('NONE',#9378,#10645,#10655,.T.);
#8633=EDGE_CURVE('NONE',#10639,#9373,#10656,.T.);
#8634=FILL_AREA_STYLE('',(#10657));
#8635=EDGE_CURVE('NONE',#10658,#10635,#10659,.T.);
#8636=EDGE_CURVE('NONE',#9374,#10658,#10660,.T.);
#8637=FILL_AREA_STYLE('',(#10661));
#8638=EDGE_CURVE('NONE',#10649,#10662,#10663,.T.);
#8639=EDGE_CURVE('NONE',#10658,#10662,#10664,.T.);
#8640=FILL_AREA_STYLE('',(#10665));
#8641=EDGE_CURVE('NONE',#9376,#10662,#10666,.T.);
#8642=FILL_AREA_STYLE('',(#10667));
#8643=FILL_AREA_STYLE('',(#10668));
#8644=EDGE_CURVE('NONE',#10669,#10670,#10671,.T.);
#8645=EDGE_CURVE('NONE',#10445,#10670,#10672,.T.);
#8646=EDGE_CURVE('NONE',#10669,#10435,#10673,.T.);
#8647=FILL_AREA_STYLE('',(#10674));
#8648=EDGE_CURVE('NONE',#10675,#10676,#10677,.T.);
#8649=EDGE_CURVE('NONE',#10676,#10678,#10679,.T.);
#8650=EDGE_CURVE('NONE',#10680,#10678,#10681,.T.);
#8651=EDGE_CURVE('NONE',#10675,#10680,#10682,.T.);
#8652=FILL_AREA_STYLE('',(#10683));
#8653=EDGE_CURVE('NONE',#10684,#10685,#10686,.T.);
#8654=EDGE_CURVE('NONE',#10685,#10687,#10688,.T.);
#8655=EDGE_CURVE('NONE',#10689,#10687,#10690,.T.);
#8656=EDGE_CURVE('NONE',#10684,#10689,#10691,.T.);
#8657=FILL_AREA_STYLE('',(#10692));
#8658=EDGE_CURVE('NONE',#10693,#10694,#10695,.T.);
#8659=EDGE_CURVE('NONE',#10694,#10685,#10696,.T.);
#8660=EDGE_CURVE('NONE',#10693,#10684,#10697,.T.);
#8661=FILL_AREA_STYLE('',(#10698));
#8662=EDGE_CURVE('NONE',#10699,#10700,#10701,.T.);
#8663=EDGE_CURVE('NONE',#10700,#10694,#10702,.T.);
#8664=EDGE_CURVE('NONE',#10699,#10693,#10703,.T.);
#8665=FILL_AREA_STYLE('',(#10704));
#8666=EDGE_CURVE('NONE',#10705,#10706,#10707,.T.);
#8667=EDGE_CURVE('NONE',#10706,#10700,#10708,.T.);
#8668=EDGE_CURVE('NONE',#10705,#10699,#10709,.T.);
#8669=FILL_AREA_STYLE('',(#10710));
#8670=EDGE_CURVE('NONE',#10711,#10712,#10713,.T.);
#8671=EDGE_CURVE('NONE',#10712,#10706,#10714,.T.);
#8672=EDGE_CURVE('NONE',#10711,#10705,#10715,.T.);
#8673=FILL_AREA_STYLE('',(#10716));
#8674=EDGE_CURVE('NONE',#10717,#10718,#10719,.T.);
#8675=EDGE_CURVE('NONE',#10718,#10712,#10720,.T.);
#8676=EDGE_CURVE('NONE',#10717,#10711,#10721,.T.);
#8677=FILL_AREA_STYLE('',(#10722));
#8678=EDGE_CURVE('NONE',#10723,#10724,#10725,.T.);
#8679=EDGE_CURVE('NONE',#10724,#10670,#10726,.T.);
#8680=EDGE_CURVE('NONE',#10723,#10669,#10727,.T.);
#8681=FILL_AREA_STYLE('',(#10728));
#8682=EDGE_CURVE('NONE',#10729,#10730,#10731,.T.);
#8683=EDGE_CURVE('NONE',#10730,#10724,#10732,.T.);
#8684=EDGE_CURVE('NONE',#10729,#10723,#10733,.T.);
#8685=FILL_AREA_STYLE('',(#10734));
#8686=EDGE_CURVE('NONE',#10735,#10736,#10737,.T.);
#8687=EDGE_CURVE('NONE',#10736,#10730,#10738,.T.);
#8688=EDGE_CURVE('NONE',#10735,#10729,#10739,.T.);
#8689=FILL_AREA_STYLE('',(#10740));
#8690=EDGE_CURVE('NONE',#10741,#10742,#10743,.T.);
#8691=EDGE_CURVE('NONE',#10742,#10736,#10744,.T.);
#8692=EDGE_CURVE('NONE',#10741,#10735,#10745,.T.);
#8693=FILL_AREA_STYLE('',(#10746));
#8694=EDGE_CURVE('NONE',#10747,#10748,#10749,.T.);
#8695=EDGE_CURVE('NONE',#10748,#10742,#10750,.T.);
#8696=EDGE_CURVE('NONE',#10747,#10741,#10751,.T.);
#8697=FILL_AREA_STYLE('',(#10752));
#8698=EDGE_CURVE('NONE',#10678,#10748,#10753,.T.);
#8699=EDGE_CURVE('NONE',#10680,#10747,#10754,.T.);
#8700=FILL_AREA_STYLE('',(#10755));
#8701=EDGE_CURVE('NONE',#10756,#10689,#10757,.T.);
#8702=EDGE_CURVE('NONE',#10758,#10756,#10759,.T.);
#8703=EDGE_CURVE('NONE',#10675,#10758,#10760,.T.);
#8704=EDGE_CURVE('NONE',#10689,#10675,#10761,.T.);
#8705=FILL_AREA_STYLE('',(#10762));
#8706=EDGE_CURVE('NONE',#10676,#10758,#10763,.T.);
#8707=FILL_AREA_STYLE('',(#10764));
#8708=EDGE_CURVE('NONE',#10687,#10756,#10765,.T.);
#8709=FILL_AREA_STYLE('',(#10766));
#8710=EDGE_CURVE('NONE',#10767,#10676,#10768,.T.);
#8711=EDGE_CURVE('NONE',#10767,#10769,#10770,.T.);
#8712=EDGE_CURVE('NONE',#10769,#10687,#10771,.T.);
#8713=EDGE_CURVE('NONE',#10687,#10676,#10772,.T.);
#8714=FILL_AREA_STYLE('',(#10773));
#8715=EDGE_CURVE('NONE',#10756,#10774,#10775,.T.);
#8716=EDGE_CURVE('NONE',#10776,#10774,#10777,.T.);
#8717=EDGE_CURVE('NONE',#10758,#10776,#10778,.T.);
#8718=FILL_AREA_STYLE('',(#10779));
#8719=EDGE_CURVE('NONE',#10767,#10776,#10780,.T.);
#8720=FILL_AREA_STYLE('',(#10781));
#8721=EDGE_CURVE('NONE',#10769,#10774,#10782,.T.);
#8722=FILL_AREA_STYLE('',(#10783));
#8723=EDGE_CURVE('NONE',#10784,#10767,#10785,.T.);
#8724=EDGE_CURVE('NONE',#10786,#10784,#10787,.T.);
#8725=EDGE_CURVE('NONE',#10769,#10786,#10788,.T.);
#8726=FILL_AREA_STYLE('',(#10789));
#8727=EDGE_CURVE('NONE',#10776,#10784,#10790,.T.);
#8728=FILL_AREA_STYLE('',(#10791));
#8729=EDGE_CURVE('NONE',#10774,#10786,#10792,.T.);
#8730=FILL_AREA_STYLE('',(#10793));
#8731=EDGE_CURVE('NONE',#10794,#10786,#10795,.T.);
#8732=EDGE_CURVE('NONE',#9369,#10784,#10796,.T.);
#8733=EDGE_CURVE('NONE',#9367,#10794,#10797,.T.);
#8734=FILL_AREA_STYLE('',(#10798));
#8735=EDGE_CURVE('NONE',#9365,#10776,#10799,.T.);
#8736=EDGE_CURVE('NONE',#10774,#10800,#10801,.T.);
#8737=EDGE_CURVE('NONE',#10800,#9364,#10802,.T.);
#8738=FILL_AREA_STYLE('',(#10803));
#8739=FILL_AREA_STYLE('',(#10804));
#8740=EDGE_CURVE('NONE',#10800,#10794,#10805,.T.);
#8741=FILL_AREA_STYLE('',(#10806));
#8742=FILL_AREA_STYLE('',(#10807));
#8743=EDGE_CURVE('NONE',#10412,#10808,#10809,.T.);
#8744=EDGE_CURVE('NONE',#10810,#10414,#10811,.T.);
#8745=EDGE_CURVE('NONE',#10812,#10810,#10813,.T.);
#8746=EDGE_CURVE('NONE',#10421,#10812,#10814,.T.);
#8747=EDGE_CURVE('NONE',#10455,#10423,#10815,.T.);
#8748=EDGE_CURVE('NONE',#10457,#10816,#10817,.T.);
#8749=EDGE_CURVE('NONE',#10818,#10816,#10819,.T.);
#8750=EDGE_CURVE('NONE',#10443,#10818,#10820,.T.);
#8751=EDGE_CURVE('NONE',#10808,#10718,#10821,.T.);
#8752=FILL_AREA_STYLE('',(#10822));
#8753=EDGE_CURVE('NONE',#10480,#10356,#10823,.T.);
#8754=EDGE_CURVE('NONE',#10358,#10824,#10825,.T.);
#8755=EDGE_CURVE('NONE',#10824,#10826,#10827,.T.);
#8756=EDGE_CURVE('NONE',#10826,#10362,#10828,.T.);
#8757=EDGE_CURVE('NONE',#10364,#10829,#10830,.T.);
#8758=EDGE_CURVE('NONE',#10829,#10598,#10831,.T.);
#8759=EDGE_CURVE('NONE',#10497,#10832,#10833,.T.);
#8760=EDGE_CURVE('NONE',#10832,#10834,#10835,.T.);
#8761=EDGE_CURVE('NONE',#10478,#10834,#10836,.T.);
#8762=FILL_AREA_STYLE('',(#10837));
#8763=EDGE_CURVE('NONE',#10838,#10839,#10840,.T.);
#8764=EDGE_CURVE('NONE',#10841,#10838,#10842,.T.);
#8765=EDGE_CURVE('NONE',#9852,#10841,#10843,.T.);
#8766=EDGE_CURVE('NONE',#10844,#9874,#10845,.T.);
#8767=EDGE_CURVE('NONE',#10439,#10844,#10846,.T.);
#8768=EDGE_CURVE('NONE',#10839,#10491,#10847,.T.);
#8769=FILL_AREA_STYLE('',(#10848));
#8770=EDGE_CURVE('NONE',#10849,#10850,#10851,.T.);
#8771=EDGE_CURVE('NONE',#10487,#10849,#10852,.T.);
#8772=EDGE_CURVE('NONE',#10097,#10601,#10853,.T.);
#8773=EDGE_CURVE('NONE',#10850,#10101,#10854,.T.);
#8774=FILL_AREA_STYLE('',(#10855));
#8775=EDGE_CURVE('NONE',#10856,#10433,#10857,.T.);
#8776=EDGE_CURVE('NONE',#9866,#10856,#10858,.T.);
#8777=EDGE_CURVE('NONE',#10106,#10717,#10859,.T.);
#8778=FILL_AREA_STYLE('',(#10860));
#8779=EDGE_CURVE('NONE',#9356,#9355,#10861,.T.);
#8780=EDGE_CURVE('NONE',#9360,#9358,#10862,.T.);
#8781=FILL_AREA_STYLE('',(#10863));
#8782=FILL_AREA_STYLE('',(#10864));
#8783=EDGE_CURVE('NONE',#9347,#9346,#10865,.T.);
#8784=EDGE_CURVE('NONE',#9351,#9349,#10866,.T.);
#8785=FILL_AREA_STYLE('',(#10867));
#8786=EDGE_CURVE('NONE',#9338,#9337,#10868,.T.);
#8787=EDGE_CURVE('NONE',#9342,#9340,#10869,.T.);
#8788=FILL_AREA_STYLE('',(#10870));
#8789=FILL_AREA_STYLE('',(#10871));
#8790=EDGE_CURVE('NONE',#9325,#9327,#10872,.T.);
#8791=FILL_AREA_STYLE('',(#10873));
#8792=EDGE_CURVE('NONE',#9323,#9322,#10874,.T.);
#8793=EDGE_CURVE('NONE',#10875,#10876,#10877,.T.);
#8794=EDGE_CURVE('NONE',#10878,#10875,#10879,.T.);
#8795=EDGE_CURVE('NONE',#10880,#10878,#10881,.T.);
#8796=EDGE_CURVE('NONE',#10882,#10880,#10883,.T.);
#8797=EDGE_CURVE('NONE',#10884,#10882,#10885,.T.);
#8798=EDGE_CURVE('NONE',#10876,#10884,#10886,.T.);
#8799=FILL_AREA_STYLE('',(#10887));
#8800=FILL_AREA_STYLE('',(#10888));
#8801=EDGE_CURVE('NONE',#10889,#10890,#10891,.T.);
#8802=EDGE_CURVE('NONE',#10892,#10889,#10893,.T.);
#8803=EDGE_CURVE('NONE',#10894,#10892,#10895,.T.);
#8804=EDGE_CURVE('NONE',#10896,#10894,#10897,.T.);
#8805=EDGE_CURVE('NONE',#10898,#10896,#10899,.T.);
#8806=EDGE_CURVE('NONE',#10890,#10898,#10900,.T.);
#8807=FILL_AREA_STYLE('',(#10901));
#8808=EDGE_CURVE('NONE',#10902,#10890,#10903,.T.);
#8809=EDGE_CURVE('NONE',#10904,#10902,#10905,.T.);
#8810=EDGE_CURVE('NONE',#10904,#10889,#10906,.T.);
#8811=FILL_AREA_STYLE('',(#10907));
#8812=EDGE_CURVE('NONE',#10908,#10904,#10909,.T.);
#8813=EDGE_CURVE('NONE',#10908,#10892,#10910,.T.);
#8814=FILL_AREA_STYLE('',(#10911));
#8815=EDGE_CURVE('NONE',#10912,#10908,#10913,.T.);
#8816=EDGE_CURVE('NONE',#10912,#10894,#10914,.T.);
#8817=FILL_AREA_STYLE('',(#10915));
#8818=EDGE_CURVE('NONE',#10916,#10912,#10917,.T.);
#8819=EDGE_CURVE('NONE',#10916,#10896,#10918,.T.);
#8820=FILL_AREA_STYLE('',(#10919));
#8821=EDGE_CURVE('NONE',#10920,#10916,#10921,.T.);
#8822=EDGE_CURVE('NONE',#10920,#10898,#10922,.T.);
#8823=FILL_AREA_STYLE('',(#10923));
#8824=EDGE_CURVE('NONE',#10902,#10920,#10924,.T.);
#8825=FILL_AREA_STYLE('',(#10925));
#8826=EDGE_CURVE('NONE',#10875,#10908,#10926,.T.);
#8827=EDGE_CURVE('NONE',#10878,#10904,#10927,.T.);
#8828=FILL_AREA_STYLE('',(#10928));
#8829=EDGE_CURVE('NONE',#10876,#10912,#10929,.T.);
#8830=FILL_AREA_STYLE('',(#10930));
#8831=EDGE_CURVE('NONE',#10884,#10916,#10931,.T.);
#8832=FILL_AREA_STYLE('',(#10932));
#8833=EDGE_CURVE('NONE',#10882,#10920,#10933,.T.);
#8834=FILL_AREA_STYLE('',(#10934));
#8835=EDGE_CURVE('NONE',#10880,#10902,#10935,.T.);
#8836=FILL_AREA_STYLE('',(#10936));
#8837=FILL_AREA_STYLE('',(#10937));
#8838=EDGE_CURVE('NONE',#10081,#10850,#10938,.T.);
#8839=FILL_AREA_STYLE('',(#10939));
#8840=EDGE_CURVE('NONE',#10079,#10849,#10940,.T.);
#8841=FILL_AREA_STYLE('',(#10941));
#8842=EDGE_CURVE('NONE',#10942,#10487,#10943,.T.);
#8843=EDGE_CURVE('NONE',#10944,#10942,#10945,.T.);
#8844=EDGE_CURVE('NONE',#10944,#10489,#10946,.T.);
#8845=FILL_AREA_STYLE('',(#10947));
#8846=EDGE_CURVE('NONE',#9728,#10834,#10948,.T.);
#8847=EDGE_CURVE('NONE',#10949,#10832,#10950,.T.);
#8848=EDGE_CURVE('NONE',#9722,#10949,#10951,.T.);
#8849=FILL_AREA_STYLE('',(#10952));
#8850=EDGE_CURVE('NONE',#10121,#10824,#10953,.T.);
#8851=FILL_AREA_STYLE('',(#10954));
#8852=EDGE_CURVE('NONE',#10132,#10826,#10955,.T.);
#8853=FILL_AREA_STYLE('',(#10956));
#8854=FILL_AREA_STYLE('',(#10957));
#8855=EDGE_CURVE('NONE',#10073,#10829,#10958,.T.);
#8856=FILL_AREA_STYLE('',(#10959));
#8857=FILL_AREA_STYLE('',(#10960));
#8858=EDGE_CURVE('NONE',#9744,#10949,#10961,.T.);
#8859=FILL_AREA_STYLE('',(#10962));
#8860=EDGE_CURVE('NONE',#10046,#10812,#10963,.T.);
#8861=FILL_AREA_STYLE('',(#10964));
#8862=EDGE_CURVE('NONE',#10965,#10818,#10966,.T.);
#8863=EDGE_CURVE('NONE',#9802,#10816,#10967,.T.);
#8864=EDGE_CURVE('NONE',#10965,#9796,#10968,.T.);
#8865=FILL_AREA_STYLE('',(#10969));
#8866=EDGE_CURVE('NONE',#10117,#10856,#10970,.T.);
#8867=FILL_AREA_STYLE('',(#10971));
#8868=EDGE_CURVE('NONE',#10087,#10808,#10972,.T.);
#8869=FILL_AREA_STYLE('',(#10973));
#8870=FILL_AREA_STYLE('',(#10974));
#8871=EDGE_CURVE('NONE',#10965,#9776,#10975,.T.);
#8872=FILL_AREA_STYLE('',(#10976));
#8873=EDGE_CURVE('NONE',#10032,#10977,#10978,.T.);
#8874=EDGE_CURVE('NONE',#10977,#10979,#10980,.T.);
#8875=EDGE_CURVE('NONE',#10979,#10810,#10981,.T.);
#8876=FILL_AREA_STYLE('',(#10982));
#8877=EDGE_CURVE('NONE',#10979,#10983,#10984,.T.);
#8878=EDGE_CURVE('NONE',#10983,#10039,#10985,.T.);
#8879=FILL_AREA_STYLE('',(#10986));
#8880=EDGE_CURVE('NONE',#10430,#10433,#10987,.T.);
#8881=FILL_AREA_STYLE('',(#10988));
#8882=FILL_AREA_STYLE('',(#10989));
#8883=EDGE_CURVE('NONE',#10944,#10839,#10990,.T.);
#8884=EDGE_CURVE('NONE',#9746,#10308,#10991,.T.);
#8885=FILL_AREA_STYLE('',(#10992));
#8886=EDGE_CURVE('NONE',#9740,#10306,#10993,.T.);
#8887=FILL_AREA_STYLE('',(#10994));
#8888=EDGE_CURVE('NONE',#9741,#10304,#10995,.T.);
#8889=FILL_AREA_STYLE('',(#10996));
#8890=EDGE_CURVE('NONE',#9754,#10302,#10997,.T.);
#8891=FILL_AREA_STYLE('',(#10998));
#8892=EDGE_CURVE('NONE',#9750,#10300,#10999,.T.);
#8893=FILL_AREA_STYLE('',(#11000));
#8894=EDGE_CURVE('NONE',#9751,#10298,#11001,.T.);
#8895=FILL_AREA_STYLE('',(#11002));
#8896=FILL_AREA_STYLE('',(#11003));
#8897=EDGE_CURVE('NONE',#9769,#10273,#11004,.T.);
#8898=FILL_AREA_STYLE('',(#11005));
#8899=EDGE_CURVE('NONE',#9758,#10271,#11006,.T.);
#8900=FILL_AREA_STYLE('',(#11007));
#8901=EDGE_CURVE('NONE',#9759,#10269,#11008,.T.);
#8902=FILL_AREA_STYLE('',(#11009));
#8903=EDGE_CURVE('NONE',#9790,#10267,#11010,.T.);
#8904=FILL_AREA_STYLE('',(#11011));
#8905=EDGE_CURVE('NONE',#9773,#10265,#11012,.T.);
#8906=FILL_AREA_STYLE('',(#11013));
#8907=EDGE_CURVE('NONE',#9774,#10263,#11014,.T.);
#8908=FILL_AREA_STYLE('',(#11015));
#8909=EDGE_CURVE('NONE',#9896,#10844,#11016,.T.);
#8910=FILL_AREA_STYLE('',(#11017));
#8911=EDGE_CURVE('NONE',#9844,#10841,#11018,.T.);
#8912=FILL_AREA_STYLE('',(#11019));
#8913=EDGE_CURVE('NONE',#10942,#10838,#11020,.T.);
#8914=FILL_AREA_STYLE('',(#11021));
#8915=EDGE_CURVE('NONE',#10430,#10431,#11022,.T.);
#8916=FILL_AREA_STYLE('',(#11023));
#8917=EDGE_CURVE('NONE',#10050,#10983,#11024,.T.);
#8918=EDGE_CURVE('NONE',#10977,#10060,#11025,.T.);
#8919=FILL_AREA_STYLE('',(#11026));
#8920=EDGE_CURVE('NONE',#10433,#10439,#11027,.T.);
#8921=FILL_AREA_STYLE('',(#11028));
#8922=FILL_AREA_STYLE('',(#11029));
#8923=FILL_AREA_STYLE('',(#11030));
#8924=FILL_AREA_STYLE('',(#11031));
#8925=FILL_AREA_STYLE('',(#11032));
#8926=FILL_AREA_STYLE('',(#11033));
#8927=FILL_AREA_STYLE('',(#11034));
#8928=FILL_AREA_STYLE('',(#11035));
#8929=EDGE_CURVE('NONE',#11036,#11037,#11038,.T.);
#8930=EDGE_CURVE('NONE',#11037,#11039,#11040,.T.);
#8931=EDGE_CURVE('NONE',#11041,#11039,#11042,.T.);
#8932=EDGE_CURVE('NONE',#11036,#11041,#11043,.T.);
#8933=FILL_AREA_STYLE('',(#11044));
#8934=EDGE_CURVE('NONE',#11045,#11036,#11046,.T.);
#8935=EDGE_CURVE('NONE',#11047,#11041,#11048,.T.);
#8936=EDGE_CURVE('NONE',#11047,#11045,#11049,.T.);
#8937=FILL_AREA_STYLE('',(#11050));
#8938=EDGE_CURVE('NONE',#11037,#11051,#11052,.T.);
#8939=EDGE_CURVE('NONE',#11051,#11053,#11054,.T.);
#8940=EDGE_CURVE('NONE',#11039,#11053,#11055,.T.);
#8941=FILL_AREA_STYLE('',(#11056));
#8942=EDGE_CURVE('NONE',#9226,#11057,#11058,.T.);
#8943=EDGE_CURVE('NONE',#9222,#11057,#11059,.T.);
#8944=FILL_AREA_STYLE('',(#11060));
#8945=EDGE_CURVE('NONE',#9238,#9246,#11061,.T.);
#8946=FILL_AREA_STYLE('',(#11062));
#8947=EDGE_CURVE('NONE',#9233,#11063,#11064,.T.);
#8948=EDGE_CURVE('NONE',#11063,#9242,#11065,.T.);
#8949=FILL_AREA_STYLE('',(#11066));
#8950=EDGE_CURVE('NONE',#9248,#11063,#11067,.T.);
#8951=FILL_AREA_STYLE('',(#11068));
#8952=EDGE_CURVE('NONE',#11069,#11070,#11071,.T.);
#8953=EDGE_CURVE('NONE',#11072,#11069,#11073,.T.);
#8954=EDGE_CURVE('NONE',#11074,#11072,#11075,.T.);
#8955=EDGE_CURVE('NONE',#11070,#11074,#11076,.T.);
#8956=FILL_AREA_STYLE('',(#11077));
#8957=EDGE_CURVE('NONE',#11078,#11079,#11080,.T.);
#8958=EDGE_CURVE('NONE',#11081,#11078,#11082,.T.);
#8959=EDGE_CURVE('NONE',#11083,#11081,#11084,.T.);
#8960=EDGE_CURVE('NONE',#11079,#11083,#11085,.T.);
#8961=FILL_AREA_STYLE('',(#11086));
#8962=EDGE_CURVE('NONE',#11087,#11088,#11089,.T.);
#8963=EDGE_CURVE('NONE',#11090,#11087,#11091,.T.);
#8964=EDGE_CURVE('NONE',#11092,#11090,#11093,.T.);
#8965=EDGE_CURVE('NONE',#11088,#11092,#11094,.T.);
#8966=FILL_AREA_STYLE('',(#11095));
#8967=EDGE_CURVE('NONE',#11096,#11097,#11098,.T.);
#8968=EDGE_CURVE('NONE',#11099,#11096,#11100,.T.);
#8969=EDGE_CURVE('NONE',#11101,#11099,#11102,.T.);
#8970=EDGE_CURVE('NONE',#11097,#11101,#11103,.T.);
#8971=FILL_AREA_STYLE('',(#11104));
#8972=EDGE_CURVE('NONE',#11105,#11106,#11107,.T.);
#8973=EDGE_CURVE('NONE',#11108,#11105,#11109,.T.);
#8974=EDGE_CURVE('NONE',#11110,#11108,#11111,.T.);
#8975=EDGE_CURVE('NONE',#11106,#11110,#11112,.T.);
#8976=FILL_AREA_STYLE('',(#11113));
#8977=EDGE_CURVE('NONE',#11114,#11115,#11116,.T.);
#8978=EDGE_CURVE('NONE',#11117,#11114,#11118,.T.);
#8979=EDGE_CURVE('NONE',#11119,#11117,#11120,.T.);
#8980=EDGE_CURVE('NONE',#11115,#11119,#11121,.T.);
#8981=FILL_AREA_STYLE('',(#11122));
#8982=EDGE_CURVE('NONE',#11123,#11124,#11125,.T.);
#8983=EDGE_CURVE('NONE',#11126,#11123,#11127,.T.);
#8984=EDGE_CURVE('NONE',#11128,#11126,#11129,.T.);
#8985=EDGE_CURVE('NONE',#11124,#11128,#11130,.T.);
#8986=FILL_AREA_STYLE('',(#11131));
#8987=EDGE_CURVE('NONE',#11132,#11133,#11134,.T.);
#8988=EDGE_CURVE('NONE',#11135,#11132,#11136,.T.);
#8989=EDGE_CURVE('NONE',#11137,#11135,#11138,.T.);
#8990=EDGE_CURVE('NONE',#11133,#11137,#11139,.T.);
#8991=FILL_AREA_STYLE('',(#11140));
#8992=EDGE_CURVE('NONE',#11128,#11081,#11141,.T.);
#8993=EDGE_CURVE('NONE',#11124,#11078,#11142,.T.);
#8994=FILL_AREA_STYLE('',(#11143));
#8995=EDGE_CURVE('NONE',#11119,#11099,#11144,.T.);
#8996=EDGE_CURVE('NONE',#11115,#11096,#11145,.T.);
#8997=FILL_AREA_STYLE('',(#11146));
#8998=EDGE_CURVE('NONE',#11110,#11117,#11147,.T.);
#8999=EDGE_CURVE('NONE',#11106,#11114,#11148,.T.);
#9000=FILL_AREA_STYLE('',(#11149));
#9001=EDGE_CURVE('NONE',#11070,#11105,#11150,.T.);
#9002=EDGE_CURVE('NONE',#11074,#11108,#11151,.T.);
#9003=FILL_AREA_STYLE('',(#11152));
#9004=EDGE_CURVE('NONE',#11088,#11132,#11153,.T.);
#9005=EDGE_CURVE('NONE',#11092,#11135,#11154,.T.);
#9006=FILL_AREA_STYLE('',(#11155));
#9007=EDGE_CURVE('NONE',#11083,#11090,#11156,.T.);
#9008=EDGE_CURVE('NONE',#11079,#11087,#11157,.T.);
#9009=FILL_AREA_STYLE('',(#11158));
#9010=EDGE_CURVE('NONE',#11159,#11160,#11161,.T.);
#9011=EDGE_CURVE('NONE',#11160,#11162,#11163,.T.);
#9012=EDGE_CURVE('NONE',#11162,#11164,#11165,.T.);
#9013=EDGE_CURVE('NONE',#11159,#11164,#11166,.T.);
#9014=FILL_AREA_STYLE('',(#11167));
#9015=EDGE_CURVE('NONE',#11168,#11169,#11170,.T.);
#9016=EDGE_CURVE('NONE',#11169,#11171,#11172,.T.);
#9017=EDGE_CURVE('NONE',#11171,#11173,#11174,.T.);
#9018=EDGE_CURVE('NONE',#11168,#11173,#11175,.T.);
#9019=FILL_AREA_STYLE('',(#11176));
#9020=EDGE_CURVE('NONE',#9227,#11057,#11177,.T.);
#9021=FILL_AREA_STYLE('',(#11178));
#9022=EDGE_CURVE('NONE',#9220,#9253,#11179,.T.);
#9023=FILL_AREA_STYLE('',(#11180));
#9024=EDGE_CURVE('NONE',#11051,#11168,#11181,.T.);
#9025=EDGE_CURVE('NONE',#11053,#11173,#11182,.T.);
#9026=FILL_AREA_STYLE('',(#11183));
#9027=EDGE_CURVE('NONE',#11162,#11047,#11184,.T.);
#9028=EDGE_CURVE('NONE',#11160,#11045,#11185,.T.);
#9029=FILL_AREA_STYLE('',(#11186));
#9030=EDGE_CURVE('NONE',#11126,#11159,#11187,.T.);
#9031=EDGE_CURVE('NONE',#11169,#11123,#11188,.T.);
#9032=FILL_AREA_STYLE('',(#11189));
#9033=EDGE_CURVE('NONE',#11171,#11097,#11190,.T.);
#9034=EDGE_CURVE('NONE',#11101,#11164,#11191,.T.);
#9035=FILL_AREA_STYLE('',(#11192));
#9036=EDGE_CURVE('NONE',#11069,#9888,#11193,.T.);
#9037=EDGE_CURVE('NONE',#9885,#11072,#11194,.T.);
#9038=FILL_AREA_STYLE('',(#11195));
#9039=EDGE_CURVE('NONE',#9886,#11137,#11196,.T.);
#9040=FILL_AREA_STYLE('',(#11197));
#9041=EDGE_CURVE('NONE',#11133,#9890,#11198,.T.);
#9042=FILL_AREA_STYLE('',(#11199));
#9043=FILL_AREA_STYLE('',(#11200));
#9044=EDGE_CURVE('NONE',#11201,#11202,#11203,.T.);
#9045=EDGE_CURVE('NONE',#11202,#11204,#11205,.T.);
#9046=EDGE_CURVE('NONE',#11206,#11204,#11207,.T.);
#9047=EDGE_CURVE('NONE',#11201,#11206,#11208,.T.);
#9048=FILL_AREA_STYLE('',(#11209));
#9049=EDGE_CURVE('NONE',#11210,#11211,#11212,.T.);
#9050=EDGE_CURVE('NONE',#11211,#11213,#11214,.T.);
#9051=EDGE_CURVE('NONE',#11215,#11213,#11216,.T.);
#9052=EDGE_CURVE('NONE',#11215,#11210,#11217,.T.);
#9053=FILL_AREA_STYLE('',(#11218));
#9054=EDGE_CURVE('NONE',#11211,#11201,#11219,.T.);
#9055=EDGE_CURVE('NONE',#11213,#11206,#11220,.T.);
#9056=FILL_AREA_STYLE('',(#11221));
#9057=EDGE_CURVE('NONE',#11204,#11222,#11223,.T.);
#9058=EDGE_CURVE('NONE',#11224,#11222,#11225,.T.);
#9059=EDGE_CURVE('NONE',#11224,#11226,#11227,.T.);
#9060=EDGE_CURVE('NONE',#11226,#11228,#11229,.T.);
#9061=EDGE_CURVE('NONE',#11228,#11230,#11231,.T.);
#9062=EDGE_CURVE('NONE',#11232,#11230,#11233,.T.);
#9063=EDGE_CURVE('NONE',#11232,#11215,#11234,.T.);
#9064=EDGE_CURVE('NONE',#9182,#9190,#11235,.T.);
#9065=EDGE_CURVE('NONE',#9184,#11236,#11237,.T.);
#9066=EDGE_CURVE('NONE',#9196,#11236,#11238,.T.);
#9067=FILL_AREA_STYLE('',(#11239));
#9068=EDGE_CURVE('NONE',#11240,#11210,#11241,.T.);
#9069=EDGE_CURVE('NONE',#11242,#11240,#11243,.T.);
#9070=EDGE_CURVE('NONE',#11244,#11242,#11245,.T.);
#9071=EDGE_CURVE('NONE',#11244,#11246,#11247,.T.);
#9072=EDGE_CURVE('NONE',#11248,#11246,#11249,.T.);
#9073=EDGE_CURVE('NONE',#11250,#11248,#11251,.T.);
#9074=EDGE_CURVE('NONE',#11202,#11250,#11252,.T.);
#9075=EDGE_CURVE('NONE',#9209,#9213,#11253,.T.);
#9076=EDGE_CURVE('NONE',#11254,#9200,#11255,.T.);
#9077=EDGE_CURVE('NONE',#9215,#11254,#11256,.T.);
#9078=FILL_AREA_STYLE('',(#11257));
#9079=EDGE_CURVE('NONE',#11240,#11232,#11258,.T.);
#9080=FILL_AREA_STYLE('',(#11259));
#9081=EDGE_CURVE('NONE',#11250,#11222,#11260,.T.);
#9082=FILL_AREA_STYLE('',(#11261));
#9083=EDGE_CURVE('NONE',#11248,#11224,#11262,.T.);
#9084=FILL_AREA_STYLE('',(#11263));
#9085=EDGE_CURVE('NONE',#11242,#11230,#11264,.T.);
#9086=FILL_AREA_STYLE('',(#11265));
#9087=EDGE_CURVE('NONE',#11266,#11267,#11268,.T.);
#9088=EDGE_CURVE('NONE',#11267,#11269,#11270,.T.);
#9089=EDGE_CURVE('NONE',#11271,#11269,#11272,.T.);
#9090=EDGE_CURVE('NONE',#11271,#11266,#11273,.T.);
#9091=FILL_AREA_STYLE('',(#11274));
#9092=FILL_AREA_STYLE('',(#11275));
#9093=EDGE_CURVE('NONE',#9201,#11254,#11276,.T.);
#9094=FILL_AREA_STYLE('',(#11277));
#9095=FILL_AREA_STYLE('',(#11278));
#9096=EDGE_CURVE('NONE',#11246,#11279,#11280,.T.);
#9097=EDGE_CURVE('NONE',#11281,#11244,#11282,.T.);
#9098=EDGE_CURVE('NONE',#11279,#11281,#11283,.T.);
#9099=FILL_AREA_STYLE('',(#11284));
#9100=EDGE_CURVE('NONE',#11285,#11286,#11287,.T.);
#9101=EDGE_CURVE('NONE',#11288,#11285,#11289,.T.);
#9102=EDGE_CURVE('NONE',#11290,#11288,#11291,.T.);
#9103=EDGE_CURVE('NONE',#11286,#11290,#11292,.T.);
#9104=FILL_AREA_STYLE('',(#11293));
#9105=EDGE_CURVE('NONE',#9188,#11236,#11294,.T.);
#9106=FILL_AREA_STYLE('',(#11295));
#9107=FILL_AREA_STYLE('',(#11296));
#9108=FILL_AREA_STYLE('',(#11297));
#9109=EDGE_CURVE('NONE',#11298,#11226,#11299,.T.);
#9110=EDGE_CURVE('NONE',#11300,#11298,#11301,.T.);
#9111=EDGE_CURVE('NONE',#11228,#11300,#11302,.T.);
#9112=FILL_AREA_STYLE('',(#11303));
#9113=EDGE_CURVE('NONE',#11281,#11304,#11305,.T.);
#9114=EDGE_CURVE('NONE',#11304,#11306,#11307,.T.);
#9115=EDGE_CURVE('NONE',#11279,#11306,#11308,.T.);
#9116=FILL_AREA_STYLE('',(#11309));
#9117=EDGE_CURVE('NONE',#11306,#11310,#11311,.T.);
#9118=EDGE_CURVE('NONE',#11312,#11304,#11313,.T.);
#9119=EDGE_CURVE('NONE',#11310,#11312,#11314,.T.);
#9120=FILL_AREA_STYLE('',(#11315));
#9121=EDGE_CURVE('NONE',#11310,#11316,#11317,.T.);
#9122=EDGE_CURVE('NONE',#11312,#11318,#11319,.T.);
#9123=EDGE_CURVE('NONE',#11318,#11316,#11320,.T.);
#9124=FILL_AREA_STYLE('',(#11321));
#9125=EDGE_CURVE('NONE',#11316,#11271,#11322,.T.);
#9126=EDGE_CURVE('NONE',#11266,#11318,#11323,.T.);
#9127=FILL_AREA_STYLE('',(#11324));
#9128=EDGE_CURVE('NONE',#11286,#11325,#11326,.T.);
#9129=EDGE_CURVE('NONE',#11290,#11327,#11328,.T.);
#9130=EDGE_CURVE('NONE',#11327,#11325,#11329,.T.);
#9131=FILL_AREA_STYLE('',(#11330));
#9132=EDGE_CURVE('NONE',#11325,#11331,#11332,.T.);
#9133=EDGE_CURVE('NONE',#11333,#11327,#11334,.T.);
#9134=EDGE_CURVE('NONE',#11331,#11333,#11335,.T.);
#9135=FILL_AREA_STYLE('',(#11336));
#9136=EDGE_CURVE('NONE',#11333,#11337,#11338,.T.);
#9137=EDGE_CURVE('NONE',#11337,#11339,#11340,.T.);
#9138=EDGE_CURVE('NONE',#11331,#11339,#11341,.T.);
#9139=FILL_AREA_STYLE('',(#11342));
#9140=EDGE_CURVE('NONE',#11339,#11343,#11344,.T.);
#9141=EDGE_CURVE('NONE',#11345,#11337,#11346,.T.);
#9142=EDGE_CURVE('NONE',#11343,#11345,#11347,.T.);
#9143=FILL_AREA_STYLE('',(#11348));
#9144=EDGE_CURVE('NONE',#11345,#11300,#11349,.T.);
#9145=EDGE_CURVE('NONE',#11343,#11298,#11350,.T.);
#9146=FILL_AREA_STYLE('',(#11351));
#9147=EDGE_CURVE('NONE',#11285,#9880,#11352,.T.);
#9148=EDGE_CURVE('NONE',#9877,#11288,#11353,.T.);
#9149=FILL_AREA_STYLE('',(#11354));
#9150=EDGE_CURVE('NONE',#11355,#9882,#11356,.T.);
#9151=EDGE_CURVE('NONE',#11355,#11357,#11358,.T.);
#9152=EDGE_CURVE('NONE',#9878,#11357,#11359,.T.);
#9153=FILL_AREA_STYLE('',(#11360));
#9154=EDGE_CURVE('NONE',#11269,#11355,#11361,.T.);
#9155=FILL_AREA_STYLE('',(#11362));
#9156=EDGE_CURVE('NONE',#11357,#11267,#11363,.T.);
#9157=FILL_AREA_STYLE('',(#11364));
#9158=FILL_AREA_STYLE('',(#11365));
#9159=EDGE_CURVE('NONE',#10180,#10149,#11366,.T.);
#9160=FILL_AREA_STYLE('',(#11367));
#9161=EDGE_CURVE('NONE',#11368,#9470,#11369,.T.);
#9162=EDGE_CURVE('NONE',#11368,#9458,#11370,.T.);
#9163=FILL_AREA_STYLE('',(#11371));
#9164=EDGE_CURVE('NONE',#11372,#10149,#11373,.T.);
#9165=EDGE_CURVE('NONE',#9464,#11372,#11374,.T.);
#9166=FILL_AREA_STYLE('',(#11375));
#9167=EDGE_CURVE('NONE',#11372,#11368,#11376,.T.);
#9168=FILL_AREA_STYLE('',(#11377));
#9169=FILL_AREA_STYLE('',(#11378));
#9170=EDGE_CURVE('NONE',#11379,#9652,#11380,.T.);
#9171=EDGE_CURVE('NONE',#11379,#9440,#11381,.T.);
#9172=FILL_AREA_STYLE('',(#11382));
#9173=EDGE_CURVE('NONE',#11383,#9667,#11384,.T.);
#9174=EDGE_CURVE('NONE',#9659,#11383,#11385,.T.);
#9175=FILL_AREA_STYLE('',(#11386));
#9176=EDGE_CURVE('NONE',#11383,#11379,#11387,.T.);
#9177=FILL_AREA_STYLE('',(#11388));
#9178=FILL_AREA_STYLE('',(#11389));
#9179=FILL_AREA_STYLE('',(#11390));
#9180=FILL_AREA_STYLE_COLOUR('',#11391);
#9181=VERTEX_POINT('',#11392);
#9182=VERTEX_POINT('',#11393);
#9183=CIRCLE('',#11394,0.225);
#9184=VERTEX_POINT('NONE',#11395);
#9185=CIRCLE('',#11396,0.225);
#9186=CIRCLE('',#11397,0.212132034355965);
#9187=FILL_AREA_STYLE_COLOUR('',#11398);
#9188=VERTEX_POINT('',#11399);
#9189=LINE('',#11400,#11401);
#9190=VERTEX_POINT('NONE',#11402);
#9191=CIRCLE('',#11403,0.225);
#9192=VERTEX_POINT('NONE',#11404);
#9193=LINE('',#11405,#11406);
#9194=CIRCLE('',#11407,0.225);
#9195=FILL_AREA_STYLE_COLOUR('',#11408);
#9196=VERTEX_POINT('',#11409);
#9197=CIRCLE('',#11410,0.225);
#9198=CIRCLE('',#11411,0.212132034355965);
#9199=FILL_AREA_STYLE_COLOUR('',#11412);
#9200=VERTEX_POINT('',#11413);
#9201=VERTEX_POINT('',#11414);
#9202=CIRCLE('',#11415,0.375);
#9203=VERTEX_POINT('NONE',#11416);
#9204=CIRCLE('',#11417,0.299999999999999);
#9205=CIRCLE('',#11418,0.375);
#9206=FILL_AREA_STYLE_COLOUR('',#11419);
#9207=VERTEX_POINT('',#11420);
#9208=LINE('',#11421,#11422);
#9209=VERTEX_POINT('NONE',#11423);
#9210=LINE('',#11424,#11425);
#9211=CIRCLE('',#11426,0.375);
#9212=FILL_AREA_STYLE_COLOUR('',#11427);
#9213=VERTEX_POINT('',#11428);
#9214=CIRCLE('',#11429,0.375);
#9215=VERTEX_POINT('NONE',#11430);
#9216=CIRCLE('',#11431,0.299999999999999);
#9217=CIRCLE('',#11432,0.375);
#9218=FILL_AREA_STYLE_COLOUR('',#11433);
#9219=VERTEX_POINT('',#11434);
#9220=VERTEX_POINT('',#11435);
#9221=CIRCLE('',#11436,0.225);
#9222=VERTEX_POINT('NONE',#11437);
#9223=CIRCLE('',#11438,0.225);
#9224=CIRCLE('',#11439,0.212132034355964);
#9225=FILL_AREA_STYLE_COLOUR('',#11440);
#9226=VERTEX_POINT('',#11441);
#9227=VERTEX_POINT('',#11442);
#9228=CIRCLE('',#11443,0.225);
#9229=VERTEX_POINT('NONE',#11444);
#9230=CIRCLE('',#11445,0.225);
#9231=CIRCLE('',#11446,0.212132034355964);
#9232=FILL_AREA_STYLE_COLOUR('',#11447);
#9233=VERTEX_POINT('',#11448);
#9234=VERTEX_POINT('',#11449);
#9235=LINE('',#11450,#11451);
#9236=VERTEX_POINT('NONE',#11452);
#9237=CIRCLE('',#11453,0.375);
#9238=VERTEX_POINT('NONE',#11454);
#9239=LINE('',#11455,#11456);
#9240=CIRCLE('',#11457,0.375);
#9241=FILL_AREA_STYLE_COLOUR('',#11458);
#9242=VERTEX_POINT('',#11459);
#9243=CIRCLE('',#11460,0.375);
#9244=CIRCLE('',#11461,0.299999999999999);
#9245=FILL_AREA_STYLE_COLOUR('',#11462);
#9246=VERTEX_POINT('',#11463);
#9247=CIRCLE('',#11464,0.375);
#9248=VERTEX_POINT('NONE',#11465);
#9249=CIRCLE('',#11466,0.299999999999999);
#9250=CIRCLE('',#11467,0.375);
#9251=FILL_AREA_STYLE_COLOUR('',#11468);
#9252=LINE('',#11469,#11470);
#9253=VERTEX_POINT('NONE',#11471);
#9254=CIRCLE('',#11472,0.225);
#9255=LINE('',#11473,#11474);
#9256=FILL_AREA_STYLE_COLOUR('',#11475);
#9257=VERTEX_POINT('',#11476);
#9258=VERTEX_POINT('',#11477);
#9259=LINE('',#11478,#11479);
#9260=VERTEX_POINT('NONE',#11480);
#9261=CIRCLE('',#11481,3.5);
#9262=VERTEX_POINT('NONE',#11482);
#9263=LINE('',#11483,#11484);
#9264=CIRCLE('',#11485,3.5);
#9265=FILL_AREA_STYLE_COLOUR('',#11486);
#9266=VERTEX_POINT('',#11487);
#9267=VERTEX_POINT('',#11488);
#9268=LINE('',#11489,#11490);
#9269=VERTEX_POINT('NONE',#11491);
#9270=CIRCLE('',#11492,0.55);
#9271=VERTEX_POINT('NONE',#11493);
#9272=LINE('',#11494,#11495);
#9273=CIRCLE('',#11496,0.55);
#9274=FILL_AREA_STYLE_COLOUR('',#11497);
#9275=VERTEX_POINT('',#11498);
#9276=VERTEX_POINT('',#11499);
#9277=LINE('',#11500,#11501);
#9278=VERTEX_POINT('NONE',#11502);
#9279=CIRCLE('',#11503,0.55);
#9280=VERTEX_POINT('NONE',#11504);
#9281=LINE('',#11505,#11506);
#9282=CIRCLE('',#11507,0.55);
#9283=FILL_AREA_STYLE_COLOUR('',#11508);
#9284=VERTEX_POINT('',#11509);
#9285=VERTEX_POINT('',#11510);
#9286=CIRCLE('',#11511,0.375);
#9287=VERTEX_POINT('NONE',#11512);
#9288=CIRCLE('',#11513,0.299999999999999);
#9289=CIRCLE('',#11514,0.375);
#9290=FILL_AREA_STYLE_COLOUR('',#11515);
#9291=VERTEX_POINT('',#11516);
#9292=LINE('',#11517,#11518);
#9293=VERTEX_POINT('NONE',#11519);
#9294=CIRCLE('',#11520,0.375);
#9295=VERTEX_POINT('NONE',#11521);
#9296=LINE('',#11522,#11523);
#9297=CIRCLE('',#11524,0.375);
#9298=FILL_AREA_STYLE_COLOUR('',#11525);
#9299=VERTEX_POINT('',#11526);
#9300=CIRCLE('',#11527,0.375);
#9301=CIRCLE('',#11528,0.299999999999999);
#9302=FILL_AREA_STYLE_COLOUR('',#11529);
#9303=VERTEX_POINT('',#11530);
#9304=VERTEX_POINT('',#11531);
#9305=CIRCLE('',#11532,0.225);
#9306=VERTEX_POINT('NONE',#11533);
#9307=CIRCLE('',#11534,0.225);
#9308=CIRCLE('',#11535,0.212132034355965);
#9309=FILL_AREA_STYLE_COLOUR('',#11536);
#9310=VERTEX_POINT('',#11537);
#9311=LINE('',#11538,#11539);
#9312=VERTEX_POINT('NONE',#11540);
#9313=CIRCLE('',#11541,0.225);
#9314=LINE('',#11542,#11543);
#9315=FILL_AREA_STYLE_COLOUR('',#11544);
#9316=VERTEX_POINT('',#11545);
#9317=CIRCLE('',#11546,0.225);
#9318=VERTEX_POINT('NONE',#11547);
#9319=CIRCLE('',#11548,0.225);
#9320=CIRCLE('',#11549,0.212132034355965);
#9321=FILL_AREA_STYLE_COLOUR('',#11550);
#9322=VERTEX_POINT('NONE',#11551);
#9323=VERTEX_POINT('NONE',#11552);
#9324=CIRCLE('',#11553,1.28);
#9325=VERTEX_POINT('NONE',#11554);
#9326=LINE('',#11555,#11556);
#9327=VERTEX_POINT('NONE',#11557);
#9328=CIRCLE('',#11558,1.48);
#9329=LINE('',#11559,#11560);
#9330=FILL_AREA_STYLE_COLOUR('',#11561);
#9331=VERTEX_POINT('NONE',#11562);
#9332=VERTEX_POINT('NONE',#11563);
#9333=CIRCLE('',#11564,1.48);
#9334=LINE('',#11565,#11566);
#9335=LINE('',#11567,#11568);
#9336=FILL_AREA_STYLE_COLOUR('',#11569);
#9337=VERTEX_POINT('NONE',#11570);
#9338=VERTEX_POINT('NONE',#11571);
#9339=CIRCLE('',#11572,1.29000000000001);
#9340=VERTEX_POINT('NONE',#11573);
#9341=LINE('',#11574,#11575);
#9342=VERTEX_POINT('NONE',#11576);
#9343=CIRCLE('',#11577,1.49);
#9344=LINE('',#11578,#11579);
#9345=FILL_AREA_STYLE_COLOUR('',#11580);
#9346=VERTEX_POINT('NONE',#11581);
#9347=VERTEX_POINT('NONE',#11582);
#9348=CIRCLE('',#11583,1.1);
#9349=VERTEX_POINT('NONE',#11584);
#9350=LINE('',#11585,#11586);
#9351=VERTEX_POINT('NONE',#11587);
#9352=CIRCLE('',#11588,1.1);
#9353=LINE('',#11589,#11590);
#9354=FILL_AREA_STYLE_COLOUR('',#11591);
#9355=VERTEX_POINT('NONE',#11592);
#9356=VERTEX_POINT('NONE',#11593);
#9357=CIRCLE('',#11594,1.5);
#9358=VERTEX_POINT('NONE',#11595);
#9359=LINE('',#11596,#11597);
#9360=VERTEX_POINT('NONE',#11598);
#9361=CIRCLE('',#11599,1.5);
#9362=LINE('',#11600,#11601);
#9363=FILL_AREA_STYLE_COLOUR('',#11602);
#9364=VERTEX_POINT('NONE',#11603);
#9365=VERTEX_POINT('NONE',#11604);
#9366=CIRCLE('',#11605,0.999999999999998);
#9367=VERTEX_POINT('NONE',#11606);
#9368=LINE('',#11607,#11608);
#9369=VERTEX_POINT('NONE',#11609);
#9370=CIRCLE('',#11610,1.0);
#9371=LINE('',#11611,#11612);
#9372=FILL_AREA_STYLE_COLOUR('',#11613);
#9373=VERTEX_POINT('NONE',#11614);
#9374=VERTEX_POINT('NONE',#11615);
#9375=CIRCLE('',#11616,0.999999999999999);
#9376=VERTEX_POINT('NONE',#11617);
#9377=LINE('',#11618,#11619);
#9378=VERTEX_POINT('NONE',#11620);
#9379=CIRCLE('',#11621,0.999999999999999);
#9380=LINE('',#11622,#11623);
#9381=FILL_AREA_STYLE_COLOUR('',#11624);
#9382=VERTEX_POINT('NONE',#11625);
#9383=VERTEX_POINT('NONE',#11626);
#9384=CIRCLE('',#11627,0.55);
#9385=VERTEX_POINT('NONE',#11628);
#9386=LINE('',#11629,#11630);
#9387=VERTEX_POINT('NONE',#11631);
#9388=CIRCLE('',#11632,0.55);
#9389=LINE('',#11633,#11634);
#9390=FILL_AREA_STYLE_COLOUR('',#11635);
#9391=VERTEX_POINT('NONE',#11636);
#9392=VERTEX_POINT('NONE',#11637);
#9393=CIRCLE('',#11638,0.55);
#9394=VERTEX_POINT('NONE',#11639);
#9395=LINE('',#11640,#11641);
#9396=VERTEX_POINT('NONE',#11642);
#9397=CIRCLE('',#11643,0.55);
#9398=LINE('',#11644,#11645);
#9399=FILL_AREA_STYLE_COLOUR('',#11646);
#9400=VERTEX_POINT('NONE',#11647);
#9401=VERTEX_POINT('NONE',#11648);
#9402=CIRCLE('',#11649,1.8);
#9403=VERTEX_POINT('NONE',#11650);
#9404=LINE('',#11651,#11652);
#9405=VERTEX_POINT('NONE',#11653);
#9406=CIRCLE('',#11654,1.8);
#9407=VERTEX_POINT('NONE',#11655);
#9408=CIRCLE('',#11656,1.8);
#9409=LINE('',#11657,#11658);
#9410=FILL_AREA_STYLE_COLOUR('',#11659);
#9411=VERTEX_POINT('NONE',#11660);
#9412=VERTEX_POINT('NONE',#11661);
#9413=CIRCLE('',#11662,2.0);
#9414=VERTEX_POINT('NONE',#11663);
#9415=CIRCLE('',#11664,0.2);
#9416=CIRCLE('',#11665,1.8);
#9417=CIRCLE('',#11666,0.2);
#9418=FILL_AREA_STYLE_COLOUR('',#11667);
#9419=VERTEX_POINT('NONE',#11668);
#9420=VERTEX_POINT('NONE',#11669);
#9421=CIRCLE('',#11670,0.329615242270663);
#9422=VERTEX_POINT('NONE',#11671);
#9423=LINE('',#11672,#11673);
#9424=VERTEX_POINT('NONE',#11674);
#9425=CIRCLE('',#11675,0.337653718043597);
#9426=LINE('',#11676,#11677);
#9427=FILL_AREA_STYLE_COLOUR('',#11678);
#9428=VERTEX_POINT('NONE',#11679);
#9429=VERTEX_POINT('NONE',#11680);
#9430=CIRCLE('',#11681,0.329615242270663);
#9431=VERTEX_POINT('NONE',#11682);
#9432=LINE('',#11683,#11684);
#9433=VERTEX_POINT('NONE',#11685);
#9434=CIRCLE('',#11686,0.337653718043597);
#9435=LINE('',#11687,#11688);
#9436=FILL_AREA_STYLE_COLOUR('',#11689);
#9437=VERTEX_POINT('NONE',#11690);
#9438=VERTEX_POINT('NONE',#11691);
#9439=LINE('',#11692,#11693);
#9440=VERTEX_POINT('NONE',#11694);
#9441=LINE('',#11695,#11696);
#9442=VERTEX_POINT('NONE',#11697);
#9443=LINE('',#11698,#11699);
#9444=LINE('',#11700,#11701);
#9445=FILL_AREA_STYLE_COLOUR('',#11702);
#9446=VERTEX_POINT('NONE',#11703);
#9447=VERTEX_POINT('NONE',#11704);
#9448=LINE('',#11705,#11706);
#9449=VERTEX_POINT('NONE',#11707);
#9450=LINE('',#11708,#11709);
#9451=VERTEX_POINT('NONE',#11710);
#9452=LINE('',#11711,#11712);
#9453=LINE('',#11713,#11714);
#9454=FILL_AREA_STYLE_COLOUR('',#11715);
#9455=VERTEX_POINT('NONE',#11716);
#9456=VERTEX_POINT('NONE',#11717);
#9457=LINE('',#11718,#11719);
#9458=VERTEX_POINT('NONE',#11720);
#9459=LINE('',#11721,#11722);
#9460=VERTEX_POINT('NONE',#11723);
#9461=LINE('',#11724,#11725);
#9462=LINE('',#11726,#11727);
#9463=FILL_AREA_STYLE_COLOUR('',#11728);
#9464=VERTEX_POINT('NONE',#11729);
#9465=LINE('',#11730,#11731);
#9466=VERTEX_POINT('NONE',#11732);
#9467=LINE('',#11733,#11734);
#9468=LINE('',#11735,#11736);
#9469=FILL_AREA_STYLE_COLOUR('',#11737);
#9470=VERTEX_POINT('NONE',#11738);
#9471=LINE('',#11739,#11740);
#9472=VERTEX_POINT('NONE',#11741);
#9473=LINE('',#11742,#11743);
#9474=LINE('',#11744,#11745);
#9475=FILL_AREA_STYLE_COLOUR('',#11746);
#9476=VERTEX_POINT('NONE',#11747);
#9477=VERTEX_POINT('NONE',#11748);
#9478=LINE('',#11749,#11750);
#9479=VERTEX_POINT('NONE',#11751);
#9480=LINE('',#11752,#11753);
#9481=VERTEX_POINT('NONE',#11754);
#9482=CIRCLE('',#11755,0.15);
#9483=VERTEX_POINT('NONE',#11756);
#9484=LINE('',#11757,#11758);
#9485=VERTEX_POINT('NONE',#11759);
#9486=CIRCLE('',#11760,0.3);
#9487=VERTEX_POINT('NONE',#11761);
#9488=LINE('',#11762,#11763);
#9489=VERTEX_POINT('NONE',#11764);
#9490=CIRCLE('',#11765,0.3);
#9491=VERTEX_POINT('NONE',#11766);
#9492=LINE('',#11767,#11768);
#9493=VERTEX_POINT('NONE',#11769);
#9494=CIRCLE('',#11770,0.15);
#9495=VERTEX_POINT('NONE',#11771);
#9496=LINE('',#11772,#11773);
#9497=VERTEX_POINT('NONE',#11774);
#9498=LINE('',#11775,#11776);
#9499=VERTEX_POINT('NONE',#11777);
#9500=LINE('',#11778,#11779);
#9501=VERTEX_POINT('NONE',#11780);
#9502=CIRCLE('',#11781,0.3);
#9503=VERTEX_POINT('NONE',#11782);
#9504=LINE('',#11783,#11784);
#9505=VERTEX_POINT('NONE',#11785);
#9506=CIRCLE('',#11786,0.15);
#9507=VERTEX_POINT('NONE',#11787);
#9508=LINE('',#11788,#11789);
#9509=VERTEX_POINT('NONE',#11790);
#9510=CIRCLE('',#11791,0.15);
#9511=VERTEX_POINT('NONE',#11792);
#9512=LINE('',#11793,#11794);
#9513=VERTEX_POINT('NONE',#11795);
#9514=CIRCLE('',#11796,0.3);
#9515=LINE('',#11797,#11798);
#9516=FILL_AREA_STYLE_COLOUR('',#11799);
#9517=VERTEX_POINT('NONE',#11800);
#9518=LINE('',#11801,#11802);
#9519=VERTEX_POINT('NONE',#11803);
#9520=LINE('',#11804,#11805);
#9521=LINE('',#11806,#11807);
#9522=FILL_AREA_STYLE_COLOUR('',#11808);
#9523=VERTEX_POINT('NONE',#11809);
#9524=LINE('',#11810,#11811);
#9525=VERTEX_POINT('NONE',#11812);
#9526=LINE('',#11813,#11814);
#9527=LINE('',#11815,#11816);
#9528=FILL_AREA_STYLE_COLOUR('',#11817);
#9529=LINE('',#11818,#11819);
#9530=VERTEX_POINT('NONE',#11820);
#9531=CIRCLE('',#11821,0.3);
#9532=VERTEX_POINT('NONE',#11822);
#9533=LINE('',#11823,#11824);
#9534=VERTEX_POINT('NONE',#11825);
#9535=CIRCLE('',#11826,0.15);
#9536=VERTEX_POINT('NONE',#11827);
#9537=LINE('',#11828,#11829);
#9538=VERTEX_POINT('NONE',#11830);
#9539=CIRCLE('',#11831,0.15);
#9540=VERTEX_POINT('NONE',#11832);
#9541=LINE('',#11833,#11834);
#9542=VERTEX_POINT('NONE',#11835);
#9543=CIRCLE('',#11836,0.3);
#9544=VERTEX_POINT('NONE',#11837);
#9545=LINE('',#11838,#11839);
#9546=VERTEX_POINT('NONE',#11840);
#9547=LINE('',#11841,#11842);
#9548=VERTEX_POINT('NONE',#11843);
#9549=LINE('',#11844,#11845);
#9550=VERTEX_POINT('NONE',#11846);
#9551=CIRCLE('',#11847,0.15);
#9552=VERTEX_POINT('NONE',#11848);
#9553=LINE('',#11849,#11850);
#9554=VERTEX_POINT('NONE',#11851);
#9555=CIRCLE('',#11852,0.3);
#9556=VERTEX_POINT('NONE',#11853);
#9557=LINE('',#11854,#11855);
#9558=VERTEX_POINT('NONE',#11856);
#9559=CIRCLE('',#11857,0.3);
#9560=VERTEX_POINT('NONE',#11858);
#9561=LINE('',#11859,#11860);
#9562=CIRCLE('',#11861,0.15);
#9563=FILL_AREA_STYLE_COLOUR('',#11862);
#9564=LINE('',#11863,#11864);
#9565=LINE('',#11865,#11866);
#9566=FILL_AREA_STYLE_COLOUR('',#11867);
#9567=LINE('',#11868,#11869);
#9568=FILL_AREA_STYLE_COLOUR('',#11870);
#9569=LINE('',#11871,#11872);
#9570=FILL_AREA_STYLE_COLOUR('',#11873);
#9571=LINE('',#11874,#11875);
#9572=FILL_AREA_STYLE_COLOUR('',#11876);
#9573=LINE('',#11877,#11878);
#9574=LINE('',#11879,#11880);
#9575=FILL_AREA_STYLE_COLOUR('',#11881);
#9576=LINE('',#11882,#11883);
#9577=FILL_AREA_STYLE_COLOUR('',#11884);
#9578=LINE('',#11885,#11886);
#9579=FILL_AREA_STYLE_COLOUR('',#11887);
#9580=LINE('',#11888,#11889);
#9581=FILL_AREA_STYLE_COLOUR('',#11890);
#9582=LINE('',#11891,#11892);
#9583=FILL_AREA_STYLE_COLOUR('',#11893);
#9584=LINE('',#11894,#11895);
#9585=FILL_AREA_STYLE_COLOUR('',#11896);
#9586=FILL_AREA_STYLE_COLOUR('',#11897);
#9587=LINE('',#11898,#11899);
#9588=FILL_AREA_STYLE_COLOUR('',#11900);
#9589=CIRCLE('',#11901,0.212132034355965);
#9590=FILL_AREA_STYLE_COLOUR('',#11902);
#9591=VERTEX_POINT('NONE',#11903);
#9592=CIRCLE('',#11904,0.225);
#9593=LINE('',#11905,#11906);
#9594=FILL_AREA_STYLE_COLOUR('',#11907);
#9595=CIRCLE('',#11908,0.212132034355965);
#9596=FILL_AREA_STYLE_COLOUR('',#11909);
#9597=FILL_AREA_STYLE_COLOUR('',#11910);
#9598=LINE('',#11911,#11912);
#9599=FILL_AREA_STYLE_COLOUR('',#11913);
#9600=VERTEX_POINT('NONE',#11914);
#9601=CIRCLE('',#11915,0.375);
#9602=CIRCLE('',#11916,0.299999999999999);
#9603=FILL_AREA_STYLE_COLOUR('',#11917);
#9604=LINE('',#11918,#11919);
#9605=FILL_AREA_STYLE_COLOUR('',#11920);
#9606=CIRCLE('',#11921,0.299999999999999);
#9607=FILL_AREA_STYLE_COLOUR('',#11922);
#9608=VERTEX_POINT('NONE',#11923);
#9609=LINE('',#11924,#11925);
#9610=VERTEX_POINT('NONE',#11926);
#9611=LINE('',#11927,#11928);
#9612=LINE('',#11929,#11930);
#9613=FILL_AREA_STYLE_COLOUR('',#11931);
#9614=VERTEX_POINT('NONE',#11932);
#9615=LINE('',#11933,#11934);
#9616=VERTEX_POINT('NONE',#11935);
#9617=LINE('',#11936,#11937);
#9618=LINE('',#11938,#11939);
#9619=FILL_AREA_STYLE_COLOUR('',#11940);
#9620=VERTEX_POINT('NONE',#11941);
#9621=VERTEX_POINT('NONE',#11942);
#9622=LINE('',#11943,#11944);
#9623=LINE('',#11945,#11946);
#9624=LINE('',#11947,#11948);
#9625=FILL_AREA_STYLE_COLOUR('',#11949);
#9626=VERTEX_POINT('NONE',#11950);
#9627=VERTEX_POINT('NONE',#11951);
#9628=LINE('',#11952,#11953);
#9629=LINE('',#11954,#11955);
#9630=LINE('',#11956,#11957);
#9631=FILL_AREA_STYLE_COLOUR('',#11958);
#9632=VERTEX_POINT('NONE',#11959);
#9633=LINE('',#11960,#11961);
#9634=VERTEX_POINT('NONE',#11962);
#9635=CIRCLE('',#11963,0.299999999999999);
#9636=LINE('',#11964,#11965);
#9637=FILL_AREA_STYLE_COLOUR('',#11966);
#9638=VERTEX_POINT('NONE',#11967);
#9639=VERTEX_POINT('NONE',#11968);
#9640=CIRCLE('',#11969,0.299999999999999);
#9641=LINE('',#11970,#11971);
#9642=LINE('',#11972,#11973);
#9643=FILL_AREA_STYLE_COLOUR('',#11974);
#9644=LINE('',#11975,#11976);
#9645=FILL_AREA_STYLE_COLOUR('',#11977);
#9646=LINE('',#11978,#11979);
#9647=FILL_AREA_STYLE_COLOUR('',#11980);
#9648=FILL_AREA_STYLE_COLOUR('',#11981);
#9649=VERTEX_POINT('NONE',#11982);
#9650=VERTEX_POINT('NONE',#11983);
#9651=LINE('',#11984,#11985);
#9652=VERTEX_POINT('NONE',#11986);
#9653=LINE('',#11987,#11988);
#9654=VERTEX_POINT('NONE',#11989);
#9655=LINE('',#11990,#11991);
#9656=LINE('',#11992,#11993);
#9657=FILL_AREA_STYLE_COLOUR('',#11994);
#9658=VERTEX_POINT('NONE',#11995);
#9659=VERTEX_POINT('NONE',#11996);
#9660=LINE('',#11997,#11998);
#9661=VERTEX_POINT('NONE',#11999);
#9662=LINE('',#12000,#12001);
#9663=VERTEX_POINT('NONE',#12002);
#9664=LINE('',#12003,#12004);
#9665=LINE('',#12005,#12006);
#9666=FILL_AREA_STYLE_COLOUR('',#12007);
#9667=VERTEX_POINT('NONE',#12008);
#9668=VERTEX_POINT('NONE',#12009);
#9669=LINE('',#12010,#12011);
#9670=VERTEX_POINT('NONE',#12012);
#9671=LINE('',#12013,#12014);
#9672=VERTEX_POINT('NONE',#12015);
#9673=LINE('',#12016,#12017);
#9674=LINE('',#12018,#12019);
#9675=FILL_AREA_STYLE_COLOUR('',#12020);
#9676=LINE('',#12021,#12022);
#9677=LINE('',#12023,#12024);
#9678=FILL_AREA_STYLE_COLOUR('',#12025);
#9679=LINE('',#12026,#12027);
#9680=FILL_AREA_STYLE_COLOUR('',#12028);
#9681=VERTEX_POINT('NONE',#12029);
#9682=VERTEX_POINT('NONE',#12030);
#9683=LINE('',#12031,#12032);
#9684=VERTEX_POINT('NONE',#12033);
#9685=LINE('',#12034,#12035);
#9686=VERTEX_POINT('NONE',#12036);
#9687=LINE('',#12037,#12038);
#9688=LINE('',#12039,#12040);
#9689=FILL_AREA_STYLE_COLOUR('',#12041);
#9690=VERTEX_POINT('NONE',#12042);
#9691=LINE('',#12043,#12044);
#9692=VERTEX_POINT('NONE',#12045);
#9693=LINE('',#12046,#12047);
#9694=LINE('',#12048,#12049);
#9695=FILL_AREA_STYLE_COLOUR('',#12050);
#9696=VERTEX_POINT('NONE',#12051);
#9697=LINE('',#12052,#12053);
#9698=VERTEX_POINT('NONE',#12054);
#9699=LINE('',#12055,#12056);
#9700=VERTEX_POINT('NONE',#12057);
#9701=LINE('',#12058,#12059);
#9702=LINE('',#12060,#12061);
#9703=FILL_AREA_STYLE_COLOUR('',#12062);
#9704=VERTEX_POINT('NONE',#12063);
#9705=LINE('',#12064,#12065);
#9706=VERTEX_POINT('NONE',#12066);
#9707=LINE('',#12067,#12068);
#9708=LINE('',#12069,#12070);
#9709=FILL_AREA_STYLE_COLOUR('',#12071);
#9710=VERTEX_POINT('NONE',#12072);
#9711=LINE('',#12073,#12074);
#9712=LINE('',#12075,#12076);
#9713=FILL_AREA_STYLE_COLOUR('',#12077);
#9714=VERTEX_POINT('NONE',#12078);
#9715=LINE('',#12079,#12080);
#9716=LINE('',#12081,#12082);
#9717=FILL_AREA_STYLE_COLOUR('',#12083);
#9718=VERTEX_POINT('NONE',#12084);
#9719=LINE('',#12085,#12086);
#9720=LINE('',#12087,#12088);
#9721=FILL_AREA_STYLE_COLOUR('',#12089);
#9722=VERTEX_POINT('NONE',#12090);
#9723=LINE('',#12091,#12092);
#9724=VERTEX_POINT('NONE',#12093);
#9725=LINE('',#12094,#12095);
#9726=LINE('',#12096,#12097);
#9727=FILL_AREA_STYLE_COLOUR('',#12098);
#9728=VERTEX_POINT('NONE',#12099);
#9729=VERTEX_POINT('NONE',#12100);
#9730=LINE('',#12101,#12102);
#9731=LINE('',#12103,#12104);
#9732=LINE('',#12105,#12106);
#9733=FILL_AREA_STYLE_COLOUR('',#12107);
#9734=VERTEX_POINT('NONE',#12108);
#9735=LINE('',#12109,#12110);
#9736=VERTEX_POINT('NONE',#12111);
#9737=LINE('',#12112,#12113);
#9738=LINE('',#12114,#12115);
#9739=FILL_AREA_STYLE_COLOUR('',#12116);
#9740=VERTEX_POINT('NONE',#12117);
#9741=VERTEX_POINT('NONE',#12118);
#9742=LINE('',#12119,#12120);
#9743=LINE('',#12121,#12122);
#9744=VERTEX_POINT('NONE',#12123);
#9745=LINE('',#12124,#12125);
#9746=VERTEX_POINT('NONE',#12126);
#9747=LINE('',#12127,#12128);
#9748=LINE('',#12129,#12130);
#9749=FILL_AREA_STYLE_COLOUR('',#12131);
#9750=VERTEX_POINT('NONE',#12132);
#9751=VERTEX_POINT('NONE',#12133);
#9752=LINE('',#12134,#12135);
#9753=LINE('',#12136,#12137);
#9754=VERTEX_POINT('NONE',#12138);
#9755=LINE('',#12139,#12140);
#9756=LINE('',#12141,#12142);
#9757=FILL_AREA_STYLE_COLOUR('',#12143);
#9758=VERTEX_POINT('NONE',#12144);
#9759=VERTEX_POINT('NONE',#12145);
#9760=LINE('',#12146,#12147);
#9761=VERTEX_POINT('NONE',#12148);
#9762=LINE('',#12149,#12150);
#9763=VERTEX_POINT('NONE',#12151);
#9764=LINE('',#12152,#12153);
#9765=VERTEX_POINT('NONE',#12154);
#9766=LINE('',#12155,#12156);
#9767=VERTEX_POINT('NONE',#12157);
#9768=LINE('',#12158,#12159);
#9769=VERTEX_POINT('NONE',#12160);
#9770=LINE('',#12161,#12162);
#9771=LINE('',#12163,#12164);
#9772=FILL_AREA_STYLE_COLOUR('',#12165);
#9773=VERTEX_POINT('NONE',#12166);
#9774=VERTEX_POINT('NONE',#12167);
#9775=LINE('',#12168,#12169);
#9776=VERTEX_POINT('NONE',#12170);
#9777=LINE('',#12171,#12172);
#9778=VERTEX_POINT('NONE',#12173);
#9779=LINE('',#12174,#12175);
#9780=VERTEX_POINT('NONE',#12176);
#9781=LINE('',#12177,#12178);
#9782=VERTEX_POINT('NONE',#12179);
#9783=LINE('',#12180,#12181);
#9784=VERTEX_POINT('NONE',#12182);
#9785=LINE('',#12183,#12184);
#9786=VERTEX_POINT('NONE',#12185);
#9787=LINE('',#12186,#12187);
#9788=VERTEX_POINT('NONE',#12188);
#9789=LINE('',#12189,#12190);
#9790=VERTEX_POINT('NONE',#12191);
#9791=LINE('',#12192,#12193);
#9792=LINE('',#12194,#12195);
#9793=FILL_AREA_STYLE_COLOUR('',#12196);
#9794=VERTEX_POINT('NONE',#12197);
#9795=LINE('',#12198,#12199);
#9796=VERTEX_POINT('NONE',#12200);
#9797=LINE('',#12201,#12202);
#9798=VERTEX_POINT('NONE',#12203);
#9799=LINE('',#12204,#12205);
#9800=LINE('',#12206,#12207);
#9801=FILL_AREA_STYLE_COLOUR('',#12208);
#9802=VERTEX_POINT('NONE',#12209);
#9803=LINE('',#12210,#12211);
#9804=LINE('',#12212,#12213);
#9805=VERTEX_POINT('NONE',#12214);
#9806=LINE('',#12215,#12216);
#9807=VERTEX_POINT('NONE',#12217);
#9808=LINE('',#12218,#12219);
#9809=VERTEX_POINT('NONE',#12220);
#9810=LINE('',#12221,#12222);
#9811=LINE('',#12223,#12224);
#9812=FILL_AREA_STYLE_COLOUR('',#12225);
#9813=LINE('',#12226,#12227);
#9814=LINE('',#12228,#12229);
#9815=FILL_AREA_STYLE_COLOUR('',#12230);
#9816=VERTEX_POINT('NONE',#12231);
#9817=LINE('',#12232,#12233);
#9818=LINE('',#12234,#12235);
#9819=FILL_AREA_STYLE_COLOUR('',#12236);
#9820=VERTEX_POINT('NONE',#12237);
#9821=LINE('',#12238,#12239);
#9822=LINE('',#12240,#12241);
#9823=FILL_AREA_STYLE_COLOUR('',#12242);
#9824=VERTEX_POINT('NONE',#12243);
#9825=LINE('',#12244,#12245);
#9826=LINE('',#12246,#12247);
#9827=FILL_AREA_STYLE_COLOUR('',#12248);
#9828=LINE('',#12249,#12250);
#9829=FILL_AREA_STYLE_COLOUR('',#12251);
#9830=LINE('',#12252,#12253);
#9831=FILL_AREA_STYLE_COLOUR('',#12254);
#9832=LINE('',#12255,#12256);
#9833=FILL_AREA_STYLE_COLOUR('',#12257);
#9834=FILL_AREA_STYLE_COLOUR('',#12258);
#9835=CIRCLE('',#12259,0.329615242270663);
#9836=CIRCLE('',#12260,0.337653718043597);
#9837=FILL_AREA_STYLE_COLOUR('',#12261);
#9838=FILL_AREA_STYLE_COLOUR('',#12262);
#9839=CIRCLE('',#12263,0.329615242270663);
#9840=CIRCLE('',#12264,0.337653718043597);
#9841=FILL_AREA_STYLE_COLOUR('',#12265);
#9842=FILL_AREA_STYLE_COLOUR('',#12266);
#9843=VERTEX_POINT('NONE',#12267);
#9844=VERTEX_POINT('NONE',#12268);
#9845=LINE('',#12269,#12270);
#9846=VERTEX_POINT('NONE',#12271);
#9847=LINE('',#12272,#12273);
#9848=VERTEX_POINT('NONE',#12274);
#9849=LINE('',#12275,#12276);
#9850=LINE('',#12277,#12278);
#9851=FILL_AREA_STYLE_COLOUR('',#12279);
#9852=VERTEX_POINT('NONE',#12280);
#9853=LINE('',#12281,#12282);
#9854=VERTEX_POINT('NONE',#12283);
#9855=LINE('',#12284,#12285);
#9856=VERTEX_POINT('NONE',#12286);
#9857=LINE('',#12287,#12288);
#9858=VERTEX_POINT('NONE',#12289);
#9859=LINE('',#12290,#12291);
#9860=VERTEX_POINT('NONE',#12292);
#9861=LINE('',#12293,#12294);
#9862=VERTEX_POINT('NONE',#12295);
#9863=LINE('',#12296,#12297);
#9864=VERTEX_POINT('NONE',#12298);
#9865=LINE('',#12299,#12300);
#9866=VERTEX_POINT('NONE',#12301);
#9867=LINE('',#12302,#12303);
#9868=VERTEX_POINT('NONE',#12304);
#9869=LINE('',#12305,#12306);
#9870=VERTEX_POINT('NONE',#12307);
#9871=LINE('',#12308,#12309);
#9872=VERTEX_POINT('NONE',#12310);
#9873=LINE('',#12311,#12312);
#9874=VERTEX_POINT('NONE',#12313);
#9875=LINE('',#12314,#12315);
#9876=LINE('',#12316,#12317);
#9877=VERTEX_POINT('NONE',#12318);
#9878=VERTEX_POINT('NONE',#12319);
#9879=LINE('',#12320,#12321);
#9880=VERTEX_POINT('NONE',#12322);
#9881=LINE('',#12323,#12324);
#9882=VERTEX_POINT('NONE',#12325);
#9883=LINE('',#12326,#12327);
#9884=LINE('',#12328,#12329);
#9885=VERTEX_POINT('NONE',#12330);
#9886=VERTEX_POINT('NONE',#12331);
#9887=LINE('',#12332,#12333);
#9888=VERTEX_POINT('NONE',#12334);
#9889=LINE('',#12335,#12336);
#9890=VERTEX_POINT('NONE',#12337);
#9891=LINE('',#12338,#12339);
#9892=LINE('',#12340,#12341);
#9893=FILL_AREA_STYLE_COLOUR('',#12342);
#9894=VERTEX_POINT('NONE',#12343);
#9895=LINE('',#12344,#12345);
#9896=VERTEX_POINT('NONE',#12346);
#9897=LINE('',#12347,#12348);
#9898=LINE('',#12349,#12350);
#9899=FILL_AREA_STYLE_COLOUR('',#12351);
#9900=VERTEX_POINT('NONE',#12352);
#9901=LINE('',#12353,#12354);
#9902=VERTEX_POINT('NONE',#12355);
#9903=LINE('',#12356,#12357);
#9904=VERTEX_POINT('NONE',#12358);
#9905=LINE('',#12359,#12360);
#9906=VERTEX_POINT('NONE',#12361);
#9907=LINE('',#12362,#12363);
#9908=VERTEX_POINT('NONE',#12364);
#9909=LINE('',#12365,#12366);
#9910=VERTEX_POINT('NONE',#12367);
#9911=CIRCLE('',#12368,3.6);
#9912=VERTEX_POINT('NONE',#12369);
#9913=LINE('',#12370,#12371);
#9914=VERTEX_POINT('NONE',#12372);
#9915=LINE('',#12373,#12374);
#9916=VERTEX_POINT('NONE',#12375);
#9917=LINE('',#12376,#12377);
#9918=VERTEX_POINT('NONE',#12378);
#9919=LINE('',#12379,#12380);
#9920=VERTEX_POINT('NONE',#12381);
#9921=LINE('',#12382,#12383);
#9922=VERTEX_POINT('NONE',#12384);
#9923=LINE('',#12385,#12386);
#9924=VERTEX_POINT('NONE',#12387);
#9925=LINE('',#12388,#12389);
#9926=VERTEX_POINT('NONE',#12390);
#9927=LINE('',#12391,#12392);
#9928=VERTEX_POINT('NONE',#12393);
#9929=LINE('',#12394,#12395);
#9930=VERTEX_POINT('NONE',#12396);
#9931=LINE('',#12397,#12398);
#9932=VERTEX_POINT('NONE',#12399);
#9933=LINE('',#12400,#12401);
#9934=VERTEX_POINT('NONE',#12402);
#9935=LINE('',#12403,#12404);
#9936=VERTEX_POINT('NONE',#12405);
#9937=LINE('',#12406,#12407);
#9938=VERTEX_POINT('NONE',#12408);
#9939=LINE('',#12409,#12410);
#9940=VERTEX_POINT('NONE',#12411);
#9941=LINE('',#12412,#12413);
#9942=VERTEX_POINT('NONE',#12414);
#9943=LINE('',#12415,#12416);
#9944=VERTEX_POINT('NONE',#12417);
#9945=LINE('',#12418,#12419);
#9946=VERTEX_POINT('NONE',#12420);
#9947=LINE('',#12421,#12422);
#9948=LINE('',#12423,#12424);
#9949=VERTEX_POINT('NONE',#12425);
#9950=LINE('',#12426,#12427);
#9951=VERTEX_POINT('NONE',#12428);
#9952=LINE('',#12429,#12430);
#9953=VERTEX_POINT('NONE',#12431);
#9954=LINE('',#12432,#12433);
#9955=VERTEX_POINT('NONE',#12434);
#9956=LINE('',#12435,#12436);
#9957=VERTEX_POINT('NONE',#12437);
#9958=LINE('',#12438,#12439);
#9959=CIRCLE('',#12440,0.55);
#9960=VERTEX_POINT('NONE',#12441);
#9961=LINE('',#12442,#12443);
#9962=VERTEX_POINT('NONE',#12444);
#9963=LINE('',#12445,#12446);
#9964=VERTEX_POINT('NONE',#12447);
#9965=LINE('',#12448,#12449);
#9966=VERTEX_POINT('NONE',#12450);
#9967=LINE('',#12451,#12452);
#9968=VERTEX_POINT('NONE',#12453);
#9969=LINE('',#12454,#12455);
#9970=VERTEX_POINT('NONE',#12456);
#9971=LINE('',#12457,#12458);
#9972=VERTEX_POINT('NONE',#12459);
#9973=LINE('',#12460,#12461);
#9974=VERTEX_POINT('NONE',#12462);
#9975=LINE('',#12463,#12464);
#9976=VERTEX_POINT('NONE',#12465);
#9977=LINE('',#12466,#12467);
#9978=VERTEX_POINT('NONE',#12468);
#9979=LINE('',#12469,#12470);
#9980=VERTEX_POINT('NONE',#12471);
#9981=LINE('',#12472,#12473);
#9982=CIRCLE('',#12474,0.55);
#9983=CIRCLE('',#12475,1.48);
#9984=FILL_AREA_STYLE_COLOUR('',#12476);
#9985=VERTEX_POINT('NONE',#12477);
#9986=VERTEX_POINT('NONE',#12478);
#9987=CIRCLE('',#12479,3.55);
#9988=VERTEX_POINT('NONE',#12480);
#9989=LINE('',#12481,#12482);
#9990=VERTEX_POINT('NONE',#12483);
#9991=LINE('',#12484,#12485);
#9992=VERTEX_POINT('NONE',#12486);
#9993=CIRCLE('',#12487,3.6);
#9994=VERTEX_POINT('NONE',#12488);
#9995=LINE('',#12489,#12490);
#9996=LINE('',#12491,#12492);
#9997=FILL_AREA_STYLE_COLOUR('',#12493);
#9998=VERTEX_POINT('NONE',#12494);
#9999=VERTEX_POINT('NONE',#12495);
#10000=LINE('',#12496,#12497);
#10001=VERTEX_POINT('NONE',#12498);
#10002=CIRCLE('',#12499,3.55);
#10003=VERTEX_POINT('NONE',#12500);
#10004=LINE('',#12501,#12502);
#10005=VERTEX_POINT('NONE',#12503);
#10006=LINE('',#12504,#12505);
#10007=VERTEX_POINT('NONE',#12506);
#10008=LINE('',#12507,#12508);
#10009=VERTEX_POINT('NONE',#12509);
#10010=CIRCLE('',#12510,3.5);
#10011=VERTEX_POINT('NONE',#12511);
#10012=LINE('',#12512,#12513);
#10013=VERTEX_POINT('NONE',#12514);
#10014=CIRCLE('',#12515,1.9837496009362);
#10015=CIRCLE('',#12516,3.5);
#10016=VERTEX_POINT('NONE',#12517);
#10017=CIRCLE('',#12518,1.9837496009362);
#10018=VERTEX_POINT('NONE',#12519);
#10019=LINE('',#12520,#12521);
#10020=VERTEX_POINT('NONE',#12522);
#10021=CIRCLE('',#12523,3.5);
#10022=VERTEX_POINT('NONE',#12524);
#10023=LINE('',#12525,#12526);
#10024=LINE('',#12527,#12528);
#10025=FILL_AREA_STYLE_COLOUR('',#12529);
#10026=LINE('',#12530,#12531);
#10027=LINE('',#12532,#12533);
#10028=FILL_AREA_STYLE_COLOUR('',#12534);
#10029=LINE('',#12535,#12536);
#10030=LINE('',#12537,#12538);
#10031=FILL_AREA_STYLE_COLOUR('',#12539);
#10032=VERTEX_POINT('NONE',#12540);
#10033=LINE('',#12541,#12542);
#10034=VERTEX_POINT('NONE',#12543);
#10035=LINE('',#12544,#12545);
#10036=LINE('',#12546,#12547);
#10037=FILL_AREA_STYLE_COLOUR('',#12548);
#10038=VERTEX_POINT('NONE',#12549);
#10039=VERTEX_POINT('NONE',#12550);
#10040=LINE('',#12551,#12552);
#10041=VERTEX_POINT('NONE',#12553);
#10042=LINE('',#12554,#12555);
#10043=VERTEX_POINT('NONE',#12556);
#10044=LINE('',#12557,#12558);
#10045=LINE('',#12559,#12560);
#10046=VERTEX_POINT('NONE',#12561);
#10047=LINE('',#12562,#12563);
#10048=LINE('',#12564,#12565);
#10049=FILL_AREA_STYLE_COLOUR('',#12566);
#10050=VERTEX_POINT('NONE',#12567);
#10051=LINE('',#12568,#12569);
#10052=VERTEX_POINT('NONE',#12570);
#10053=LINE('',#12571,#12572);
#10054=VERTEX_POINT('NONE',#12573);
#10055=LINE('',#12574,#12575);
#10056=VERTEX_POINT('NONE',#12576);
#10057=LINE('',#12577,#12578);
#10058=LINE('',#12579,#12580);
#10059=FILL_AREA_STYLE_COLOUR('',#12581);
#10060=VERTEX_POINT('NONE',#12582);
#10061=LINE('',#12583,#12584);
#10062=VERTEX_POINT('NONE',#12585);
#10063=LINE('',#12586,#12587);
#10064=LINE('',#12588,#12589);
#10065=FILL_AREA_STYLE_COLOUR('',#12590);
#10066=VERTEX_POINT('NONE',#12591);
#10067=LINE('',#12592,#12593);
#10068=LINE('',#12594,#12595);
#10069=VERTEX_POINT('NONE',#12596);
#10070=LINE('',#12597,#12598);
#10071=LINE('',#12599,#12600);
#10072=FILL_AREA_STYLE_COLOUR('',#12601);
#10073=VERTEX_POINT('NONE',#12602);
#10074=LINE('',#12603,#12604);
#10075=VERTEX_POINT('NONE',#12605);
#10076=LINE('',#12606,#12607);
#10077=LINE('',#12608,#12609);
#10078=FILL_AREA_STYLE_COLOUR('',#12610);
#10079=VERTEX_POINT('NONE',#12611);
#10080=LINE('',#12612,#12613);
#10081=VERTEX_POINT('NONE',#12614);
#10082=LINE('',#12615,#12616);
#10083=VERTEX_POINT('NONE',#12617);
#10084=LINE('',#12618,#12619);
#10085=LINE('',#12620,#12621);
#10086=FILL_AREA_STYLE_COLOUR('',#12622);
#10087=VERTEX_POINT('NONE',#12623);
#10088=LINE('',#12624,#12625);
#10089=VERTEX_POINT('NONE',#12626);
#10090=LINE('',#12627,#12628);
#10091=LINE('',#12629,#12630);
#10092=FILL_AREA_STYLE_COLOUR('',#12631);
#10093=VERTEX_POINT('NONE',#12632);
#10094=LINE('',#12633,#12634);
#10095=VERTEX_POINT('NONE',#12635);
#10096=LINE('',#12636,#12637);
#10097=VERTEX_POINT('NONE',#12638);
#10098=LINE('',#12639,#12640);
#10099=LINE('',#12641,#12642);
#10100=FILL_AREA_STYLE_COLOUR('',#12643);
#10101=VERTEX_POINT('NONE',#12644);
#10102=LINE('',#12645,#12646);
#10103=LINE('',#12647,#12648);
#10104=LINE('',#12649,#12650);
#10105=FILL_AREA_STYLE_COLOUR('',#12651);
#10106=VERTEX_POINT('NONE',#12652);
#10107=LINE('',#12653,#12654);
#10108=VERTEX_POINT('NONE',#12655);
#10109=LINE('',#12656,#12657);
#10110=VERTEX_POINT('NONE',#12658);
#10111=LINE('',#12659,#12660);
#10112=LINE('',#12661,#12662);
#10113=FILL_AREA_STYLE_COLOUR('',#12663);
#10114=LINE('',#12664,#12665);
#10115=LINE('',#12666,#12667);
#10116=FILL_AREA_STYLE_COLOUR('',#12668);
#10117=VERTEX_POINT('NONE',#12669);
#10118=LINE('',#12670,#12671);
#10119=LINE('',#12672,#12673);
#10120=FILL_AREA_STYLE_COLOUR('',#12674);
#10121=VERTEX_POINT('NONE',#12675);
#10122=LINE('',#12676,#12677);
#10123=VERTEX_POINT('NONE',#12678);
#10124=LINE('',#12679,#12680);
#10125=VERTEX_POINT('NONE',#12681);
#10126=LINE('',#12682,#12683);
#10127=VERTEX_POINT('NONE',#12684);
#10128=LINE('',#12685,#12686);
#10129=VERTEX_POINT('NONE',#12687);
#10130=LINE('',#12688,#12689);
#10131=LINE('',#12690,#12691);
#10132=VERTEX_POINT('NONE',#12692);
#10133=LINE('',#12693,#12694);
#10134=LINE('',#12695,#12696);
#10135=FILL_AREA_STYLE_COLOUR('',#12697);
#10136=VERTEX_POINT('NONE',#12698);
#10137=LINE('',#12699,#12700);
#10138=VERTEX_POINT('NONE',#12701);
#10139=LINE('',#12702,#12703);
#10140=LINE('',#12704,#12705);
#10141=FILL_AREA_STYLE_COLOUR('',#12706);
#10142=VERTEX_POINT('NONE',#12707);
#10143=LINE('',#12708,#12709);
#10144=LINE('',#12710,#12711);
#10145=LINE('',#12712,#12713);
#10146=FILL_AREA_STYLE_COLOUR('',#12714);
#10147=VERTEX_POINT('NONE',#12715);
#10148=LINE('',#12716,#12717);
#10149=VERTEX_POINT('NONE',#12718);
#10150=LINE('',#12719,#12720);
#10151=VERTEX_POINT('NONE',#12721);
#10152=LINE('',#12722,#12723);
#10153=VERTEX_POINT('NONE',#12724);
#10154=LINE('',#12725,#12726);
#10155=LINE('',#12727,#12728);
#10156=FILL_AREA_STYLE_COLOUR('',#12729);
#10157=VERTEX_POINT('NONE',#12730);
#10158=LINE('',#12731,#12732);
#10159=LINE('',#12733,#12734);
#10160=FILL_AREA_STYLE_COLOUR('',#12735);
#10161=LINE('',#12736,#12737);
#10162=LINE('',#12738,#12739);
#10163=FILL_AREA_STYLE_COLOUR('',#12740);
#10164=LINE('',#12741,#12742);
#10165=LINE('',#12743,#12744);
#10166=FILL_AREA_STYLE_COLOUR('',#12745);
#10167=FILL_AREA_STYLE_COLOUR('',#12746);
#10168=FILL_AREA_STYLE_COLOUR('',#12747);
#10169=LINE('',#12748,#12749);
#10170=LINE('',#12750,#12751);
#10171=VERTEX_POINT('NONE',#12752);
#10172=LINE('',#12753,#12754);
#10173=VERTEX_POINT('NONE',#12755);
#10174=LINE('',#12756,#12757);
#10175=LINE('',#12758,#12759);
#10176=VERTEX_POINT('NONE',#12760);
#10177=LINE('',#12761,#12762);
#10178=VERTEX_POINT('NONE',#12763);
#10179=LINE('',#12764,#12765);
#10180=VERTEX_POINT('NONE',#12766);
#10181=LINE('',#12767,#12768);
#10182=LINE('',#12769,#12770);
#10183=FILL_AREA_STYLE_COLOUR('',#12771);
#10184=VERTEX_POINT('NONE',#12772);
#10185=LINE('',#12773,#12774);
#10186=LINE('',#12775,#12776);
#10187=FILL_AREA_STYLE_COLOUR('',#12777);
#10188=LINE('',#12778,#12779);
#10189=VERTEX_POINT('NONE',#12780);
#10190=LINE('',#12781,#12782);
#10191=VERTEX_POINT('NONE',#12783);
#10192=LINE('',#12784,#12785);
#10193=LINE('',#12786,#12787);
#10194=FILL_AREA_STYLE_COLOUR('',#12788);
#10195=LINE('',#12789,#12790);
#10196=FILL_AREA_STYLE_COLOUR('',#12791);
#10197=LINE('',#12792,#12793);
#10198=FILL_AREA_STYLE_COLOUR('',#12794);
#10199=VERTEX_POINT('NONE',#12795);
#10200=VERTEX_POINT('NONE',#12796);
#10201=LINE('',#12797,#12798);
#10202=LINE('',#12799,#12800);
#10203=VERTEX_POINT('NONE',#12801);
#10204=LINE('',#12802,#12803);
#10205=LINE('',#12804,#12805);
#10206=FILL_AREA_STYLE_COLOUR('',#12806);
#10207=VERTEX_POINT('NONE',#12807);
#10208=LINE('',#12808,#12809);
#10209=LINE('',#12810,#12811);
#10210=FILL_AREA_STYLE_COLOUR('',#12812);
#10211=VERTEX_POINT('NONE',#12813);
#10212=LINE('',#12814,#12815);
#10213=LINE('',#12816,#12817);
#10214=FILL_AREA_STYLE_COLOUR('',#12818);
#10215=VERTEX_POINT('NONE',#12819);
#10216=LINE('',#12820,#12821);
#10217=LINE('',#12822,#12823);
#10218=FILL_AREA_STYLE_COLOUR('',#12824);
#10219=VERTEX_POINT('NONE',#12825);
#10220=LINE('',#12826,#12827);
#10221=VERTEX_POINT('NONE',#12828);
#10222=LINE('',#12829,#12830);
#10223=LINE('',#12831,#12832);
#10224=FILL_AREA_STYLE_COLOUR('',#12833);
#10225=LINE('',#12834,#12835);
#10226=FILL_AREA_STYLE_COLOUR('',#12836);
#10227=LINE('',#12837,#12838);
#10228=FILL_AREA_STYLE_COLOUR('',#12839);
#10229=FILL_AREA_STYLE_COLOUR('',#12840);
#10230=LINE('',#12841,#12842);
#10231=FILL_AREA_STYLE_COLOUR('',#12843);
#10232=FILL_AREA_STYLE_COLOUR('',#12844);
#10233=VERTEX_POINT('NONE',#12845);
#10234=LINE('',#12846,#12847);
#10235=LINE('',#12848,#12849);
#10236=FILL_AREA_STYLE_COLOUR('',#12850);
#10237=VERTEX_POINT('NONE',#12851);
#10238=LINE('',#12852,#12853);
#10239=LINE('',#12854,#12855);
#10240=FILL_AREA_STYLE_COLOUR('',#12856);
#10241=LINE('',#12857,#12858);
#10242=FILL_AREA_STYLE_COLOUR('',#12859);
#10243=LINE('',#12860,#12861);
#10244=VERTEX_POINT('NONE',#12862);
#10245=LINE('',#12863,#12864);
#10246=LINE('',#12865,#12866);
#10247=LINE('',#12867,#12868);
#10248=LINE('',#12869,#12870);
#10249=FILL_AREA_STYLE_COLOUR('',#12871);
#10250=LINE('',#12872,#12873);
#10251=FILL_AREA_STYLE_COLOUR('',#12874);
#10252=FILL_AREA_STYLE_COLOUR('',#12875);
#10253=LINE('',#12876,#12877);
#10254=FILL_AREA_STYLE_COLOUR('',#12878);
#10255=CIRCLE('',#12879,2.0);
#10256=CIRCLE('',#12880,1.8);
#10257=FILL_AREA_STYLE_COLOUR('',#12881);
#10258=CIRCLE('',#12882,1.8);
#10259=FILL_AREA_STYLE_COLOUR('',#12883);
#10260=VERTEX_POINT('NONE',#12884);
#10261=VERTEX_POINT('NONE',#12885);
#10262=LINE('',#12886,#12887);
#10263=VERTEX_POINT('NONE',#12888);
#10264=LINE('',#12889,#12890);
#10265=VERTEX_POINT('NONE',#12891);
#10266=LINE('',#12892,#12893);
#10267=VERTEX_POINT('NONE',#12894);
#10268=LINE('',#12895,#12896);
#10269=VERTEX_POINT('NONE',#12897);
#10270=LINE('',#12898,#12899);
#10271=VERTEX_POINT('NONE',#12900);
#10272=LINE('',#12901,#12902);
#10273=VERTEX_POINT('NONE',#12903);
#10274=LINE('',#12904,#12905);
#10275=VERTEX_POINT('NONE',#12906);
#10276=LINE('',#12907,#12908);
#10277=VERTEX_POINT('NONE',#12909);
#10278=LINE('',#12910,#12911);
#10279=VERTEX_POINT('NONE',#12912);
#10280=LINE('',#12913,#12914);
#10281=VERTEX_POINT('NONE',#12915);
#10282=CIRCLE('',#12916,3.5);
#10283=VERTEX_POINT('NONE',#12917);
#10284=LINE('',#12918,#12919);
#10285=CIRCLE('',#12920,1.9837496009362);
#10286=VERTEX_POINT('NONE',#12921);
#10287=CIRCLE('',#12922,3.5);
#10288=VERTEX_POINT('NONE',#12923);
#10289=CIRCLE('',#12924,1.9837496009362);
#10290=VERTEX_POINT('NONE',#12925);
#10291=LINE('',#12926,#12927);
#10292=VERTEX_POINT('NONE',#12928);
#10293=CIRCLE('',#12929,3.5);
#10294=VERTEX_POINT('NONE',#12930);
#10295=LINE('',#12931,#12932);
#10296=VERTEX_POINT('NONE',#12933);
#10297=LINE('',#12934,#12935);
#10298=VERTEX_POINT('NONE',#12936);
#10299=LINE('',#12937,#12938);
#10300=VERTEX_POINT('NONE',#12939);
#10301=LINE('',#12940,#12941);
#10302=VERTEX_POINT('NONE',#12942);
#10303=LINE('',#12943,#12944);
#10304=VERTEX_POINT('NONE',#12945);
#10305=LINE('',#12946,#12947);
#10306=VERTEX_POINT('NONE',#12948);
#10307=LINE('',#12949,#12950);
#10308=VERTEX_POINT('NONE',#12951);
#10309=LINE('',#12952,#12953);
#10310=VERTEX_POINT('NONE',#12954);
#10311=LINE('',#12955,#12956);
#10312=VERTEX_POINT('NONE',#12957);
#10313=LINE('',#12958,#12959);
#10314=VERTEX_POINT('NONE',#12960);
#10315=LINE('',#12961,#12962);
#10316=VERTEX_POINT('NONE',#12963);
#10317=LINE('',#12964,#12965);
#10318=VERTEX_POINT('NONE',#12966);
#10319=LINE('',#12967,#12968);
#10320=VERTEX_POINT('NONE',#12969);
#10321=LINE('',#12970,#12971);
#10322=VERTEX_POINT('NONE',#12972);
#10323=LINE('',#12973,#12974);
#10324=VERTEX_POINT('NONE',#12975);
#10325=LINE('',#12976,#12977);
#10326=LINE('',#12978,#12979);
#10327=FILL_AREA_STYLE_COLOUR('',#12980);
#10328=VERTEX_POINT('NONE',#12981);
#10329=LINE('',#12982,#12983);
#10330=LINE('',#12984,#12985);
#10331=FILL_AREA_STYLE_COLOUR('',#12986);
#10332=VERTEX_POINT('NONE',#12987);
#10333=LINE('',#12988,#12989);
#10334=VERTEX_POINT('NONE',#12990);
#10335=CIRCLE('',#12991,0.55);
#10336=LINE('',#12992,#12993);
#10337=FILL_AREA_STYLE_COLOUR('',#12994);
#10338=LINE('',#12995,#12996);
#10339=LINE('',#12997,#12998);
#10340=FILL_AREA_STYLE_COLOUR('',#12999);
#10341=FILL_AREA_STYLE_COLOUR('',#13000);
#10342=VERTEX_POINT('NONE',#13001);
#10343=LINE('',#13002,#13003);
#10344=LINE('',#13004,#13005);
#10345=FILL_AREA_STYLE_COLOUR('',#13006);
#10346=VERTEX_POINT('NONE',#13007);
#10347=LINE('',#13008,#13009);
#10348=VERTEX_POINT('NONE',#13010);
#10349=CIRCLE('',#13011,0.55);
#10350=LINE('',#13012,#13013);
#10351=FILL_AREA_STYLE_COLOUR('',#13014);
#10352=LINE('',#13015,#13016);
#10353=LINE('',#13017,#13018);
#10354=FILL_AREA_STYLE_COLOUR('',#13019);
#10355=FILL_AREA_STYLE_COLOUR('',#13020);
#10356=VERTEX_POINT('NONE',#13021);
#10357=CIRCLE('',#13022,0.37);
#10358=VERTEX_POINT('NONE',#13023);
#10359=CIRCLE('',#13024,0.37);
#10360=LINE('',#13025,#13026);
#10361=FILL_AREA_STYLE_COLOUR('',#13027);
#10362=VERTEX_POINT('NONE',#13028);
#10363=CIRCLE('',#13029,0.37);
#10364=VERTEX_POINT('NONE',#13030);
#10365=CIRCLE('',#13031,0.37);
#10366=LINE('',#13032,#13033);
#10367=FILL_AREA_STYLE_COLOUR('',#13034);
#10368=VERTEX_POINT('NONE',#13035);
#10369=VERTEX_POINT('NONE',#13036);
#10370=LINE('',#13037,#13038);
#10371=LINE('',#13039,#13040);
#10372=LINE('',#13041,#13042);
#10373=FILL_AREA_STYLE_COLOUR('',#13043);
#10374=VERTEX_POINT('NONE',#13044);
#10375=LINE('',#13045,#13046);
#10376=VERTEX_POINT('NONE',#13047);
#10377=CIRCLE('',#13048,0.55);
#10378=LINE('',#13049,#13050);
#10379=FILL_AREA_STYLE_COLOUR('',#13051);
#10380=VERTEX_POINT('NONE',#13052);
#10381=LINE('',#13053,#13054);
#10382=VERTEX_POINT('NONE',#13055);
#10383=LINE('',#13056,#13057);
#10384=LINE('',#13058,#13059);
#10385=FILL_AREA_STYLE_COLOUR('',#13060);
#10386=LINE('',#13061,#13062);
#10387=CIRCLE('',#13063,0.55);
#10388=FILL_AREA_STYLE_COLOUR('',#13064);
#10389=FILL_AREA_STYLE_COLOUR('',#13065);
#10390=VERTEX_POINT('NONE',#13066);
#10391=VERTEX_POINT('NONE',#13067);
#10392=LINE('',#13068,#13069);
#10393=LINE('',#13070,#13071);
#10394=LINE('',#13072,#13073);
#10395=FILL_AREA_STYLE_COLOUR('',#13074);
#10396=VERTEX_POINT('NONE',#13075);
#10397=LINE('',#13076,#13077);
#10398=VERTEX_POINT('NONE',#13078);
#10399=CIRCLE('',#13079,0.55);
#10400=LINE('',#13080,#13081);
#10401=FILL_AREA_STYLE_COLOUR('',#13082);
#10402=VERTEX_POINT('NONE',#13083);
#10403=LINE('',#13084,#13085);
#10404=VERTEX_POINT('NONE',#13086);
#10405=LINE('',#13087,#13088);
#10406=LINE('',#13089,#13090);
#10407=FILL_AREA_STYLE_COLOUR('',#13091);
#10408=LINE('',#13092,#13093);
#10409=CIRCLE('',#13094,0.55);
#10410=FILL_AREA_STYLE_COLOUR('',#13095);
#10411=FILL_AREA_STYLE_COLOUR('',#13096);
#10412=VERTEX_POINT('NONE',#13097);
#10413=CIRCLE('',#13098,0.37);
#10414=VERTEX_POINT('NONE',#13099);
#10415=CIRCLE('',#13100,0.37);
#10416=LINE('',#13101,#13102);
#10417=FILL_AREA_STYLE_COLOUR('',#13103);
#10418=CIRCLE('',#13104,0.0499999999999997);
#10419=CIRCLE('',#13105,0.0499999999999997);
#10420=FILL_AREA_STYLE_COLOUR('',#13106);
#10421=VERTEX_POINT('NONE',#13107);
#10422=CIRCLE('',#13108,0.37);
#10423=VERTEX_POINT('NONE',#13109);
#10424=CIRCLE('',#13110,0.37);
#10425=LINE('',#13111,#13112);
#10426=FILL_AREA_STYLE_COLOUR('',#13113);
#10427=CIRCLE('',#13114,0.0499999999999999);
#10428=CIRCLE('',#13115,0.0499999999999997);
#10429=FILL_AREA_STYLE_COLOUR('',#13116);
#10430=VERTEX_POINT('NONE',#13117);
#10431=VERTEX_POINT('NONE',#13118);
#10432=CIRCLE('',#13119,0.000999999999999265);
#10433=VERTEX_POINT('NONE',#13120);
#10434=LINE('',#13121,#13122);
#10435=VERTEX_POINT('NONE',#13123);
#10436=LINE('',#13124,#13125);
#10437=VERTEX_POINT('NONE',#13126);
#10438=CIRCLE('',#13127,0.000999999999999265);
#10439=VERTEX_POINT('NONE',#13128);
#10440=LINE('',#13129,#13130);
#10441=LINE('',#13131,#13132);
#10442=FILL_AREA_STYLE_COLOUR('',#13133);
#10443=VERTEX_POINT('NONE',#13134);
#10444=CIRCLE('',#13135,0.320999999999999);
#10445=VERTEX_POINT('NONE',#13136);
#10446=CIRCLE('',#13137,0.320999999999999);
#10447=LINE('',#13138,#13139);
#10448=FILL_AREA_STYLE_COLOUR('',#13140);
#10449=LINE('',#13141,#13142);
#10450=LINE('',#13143,#13144);
#10451=FILL_AREA_STYLE_COLOUR('',#13145);
#10452=LINE('',#13146,#13147);
#10453=LINE('',#13148,#13149);
#10454=FILL_AREA_STYLE_COLOUR('',#13150);
#10455=VERTEX_POINT('NONE',#13151);
#10456=CIRCLE('',#13152,0.320999999999999);
#10457=VERTEX_POINT('NONE',#13153);
#10458=CIRCLE('',#13154,0.320999999999999);
#10459=LINE('',#13155,#13156);
#10460=FILL_AREA_STYLE_COLOUR('',#13157);
#10461=VERTEX_POINT('NONE',#13158);
#10462=VERTEX_POINT('NONE',#13159);
#10463=LINE('',#13160,#13161);
#10464=VERTEX_POINT('NONE',#13162);
#10465=B_SPLINE_CURVE_WITH_KNOTS('',3,(#13163,#13164,#13165,#13166),.UNSPECIFIED.,.F.,.F.,(4,4),(0.0,1.0),.UNSPECIFIED.);
#10466=VERTEX_POINT('NONE',#13167);
#10467=LINE('',#13168,#13169);
#10468=B_SPLINE_CURVE_WITH_KNOTS('',3,(#13170,#13171,#13172,#13173),.UNSPECIFIED.,.F.,.F.,(4,4),(0.0,1.0),.UNSPECIFIED.);
#10469=FILL_AREA_STYLE_COLOUR('',#13174);
#10470=VERTEX_POINT('NONE',#13175);
#10471=LINE('',#13176,#13177);
#10472=LINE('',#13178,#13179);
#10473=FILL_AREA_STYLE_COLOUR('',#13180);
#10474=VERTEX_POINT('NONE',#13181);
#10475=LINE('',#13182,#13183);
#10476=LINE('',#13184,#13185);
#10477=FILL_AREA_STYLE_COLOUR('',#13186);
#10478=VERTEX_POINT('NONE',#13187);
#10479=CIRCLE('',#13188,0.321);
#10480=VERTEX_POINT('NONE',#13189);
#10481=CIRCLE('',#13190,0.321);
#10482=LINE('',#13191,#13192);
#10483=FILL_AREA_STYLE_COLOUR('',#13193);
#10484=VERTEX_POINT('NONE',#13194);
#10485=VERTEX_POINT('NONE',#13195);
#10486=CIRCLE('',#13196,0.00100000000000013);
#10487=VERTEX_POINT('NONE',#13197);
#10488=LINE('',#13198,#13199);
#10489=VERTEX_POINT('NONE',#13200);
#10490=LINE('',#13201,#13202);
#10491=VERTEX_POINT('NONE',#13203);
#10492=CIRCLE('',#13204,0.00100000000000013);
#10493=LINE('',#13205,#13206);
#10494=FILL_AREA_STYLE_COLOUR('',#13207);
#10495=VERTEX_POINT('NONE',#13208);
#10496=CIRCLE('',#13209,0.321);
#10497=VERTEX_POINT('NONE',#13210);
#10498=CIRCLE('',#13211,0.321);
#10499=LINE('',#13212,#13213);
#10500=FILL_AREA_STYLE_COLOUR('',#13214);
#10501=LINE('',#13215,#13216);
#10502=LINE('',#13217,#13218);
#10503=FILL_AREA_STYLE_COLOUR('',#13219);
#10504=LINE('',#13220,#13221);
#10505=LINE('',#13222,#13223);
#10506=FILL_AREA_STYLE_COLOUR('',#13224);
#10507=LINE('',#13225,#13226);
#10508=LINE('',#13227,#13228);
#10509=FILL_AREA_STYLE_COLOUR('',#13229);
#10510=LINE('',#13230,#13231);
#10511=FILL_AREA_STYLE_COLOUR('',#13232);
#10512=FILL_AREA_STYLE_COLOUR('',#13233);
#10513=LINE('',#13234,#13235);
#10514=FILL_AREA_STYLE_COLOUR('',#13236);
#10515=LINE('',#13237,#13238);
#10516=FILL_AREA_STYLE_COLOUR('',#13239);
#10517=LINE('',#13240,#13241);
#10518=FILL_AREA_STYLE_COLOUR('',#13242);
#10519=LINE('',#13243,#13244);
#10520=FILL_AREA_STYLE_COLOUR('',#13245);
#10521=VERTEX_POINT('NONE',#13246);
#10522=LINE('',#13247,#13248);
#10523=LINE('',#13249,#13250);
#10524=FILL_AREA_STYLE_COLOUR('',#13251);
#10525=VERTEX_POINT('NONE',#13252);
#10526=LINE('',#13253,#13254);
#10527=LINE('',#13255,#13256);
#10528=FILL_AREA_STYLE_COLOUR('',#13257);
#10529=VERTEX_POINT('NONE',#13258);
#10530=LINE('',#13259,#13260);
#10531=LINE('',#13261,#13262);
#10532=FILL_AREA_STYLE_COLOUR('',#13263);
#10533=VERTEX_POINT('NONE',#13264);
#10534=LINE('',#13265,#13266);
#10535=LINE('',#13267,#13268);
#10536=FILL_AREA_STYLE_COLOUR('',#13269);
#10537=VERTEX_POINT('NONE',#13270);
#10538=LINE('',#13271,#13272);
#10539=LINE('',#13273,#13274);
#10540=FILL_AREA_STYLE_COLOUR('',#13275);
#10541=VERTEX_POINT('NONE',#13276);
#10542=LINE('',#13277,#13278);
#10543=LINE('',#13279,#13280);
#10544=FILL_AREA_STYLE_COLOUR('',#13281);
#10545=LINE('',#13282,#13283);
#10546=FILL_AREA_STYLE_COLOUR('',#13284);
#10547=VERTEX_POINT('NONE',#13285);
#10548=LINE('',#13286,#13287);
#10549=VERTEX_POINT('NONE',#13288);
#10550=LINE('',#13289,#13290);
#10551=LINE('',#13291,#13292);
#10552=FILL_AREA_STYLE_COLOUR('',#13293);
#10553=VERTEX_POINT('NONE',#13294);
#10554=CIRCLE('',#13295,0.25);
#10555=VERTEX_POINT('NONE',#13296);
#10556=LINE('',#13297,#13298);
#10557=CIRCLE('',#13299,0.25);
#10558=FILL_AREA_STYLE_COLOUR('',#13300);
#10559=VERTEX_POINT('NONE',#13301);
#10560=CIRCLE('',#13302,0.25);
#10561=VERTEX_POINT('NONE',#13303);
#10562=CIRCLE('',#13304,0.25);
#10563=LINE('',#13305,#13306);
#10564=FILL_AREA_STYLE_COLOUR('',#13307);
#10565=VERTEX_POINT('NONE',#13308);
#10566=LINE('',#13309,#13310);
#10567=VERTEX_POINT('NONE',#13311);
#10568=LINE('',#13312,#13313);
#10569=LINE('',#13314,#13315);
#10570=FILL_AREA_STYLE_COLOUR('',#13316);
#10571=VERTEX_POINT('NONE',#13317);
#10572=LINE('',#13318,#13319);
#10573=VERTEX_POINT('NONE',#13320);
#10574=LINE('',#13321,#13322);
#10575=LINE('',#13323,#13324);
#10576=FILL_AREA_STYLE_COLOUR('',#13325);
#10577=VERTEX_POINT('NONE',#13326);
#10578=LINE('',#13327,#13328);
#10579=VERTEX_POINT('NONE',#13329);
#10580=LINE('',#13330,#13331);
#10581=LINE('',#13332,#13333);
#10582=FILL_AREA_STYLE_COLOUR('',#13334);
#10583=VERTEX_POINT('NONE',#13335);
#10584=CIRCLE('',#13336,1.0);
#10585=VERTEX_POINT('NONE',#13337);
#10586=CIRCLE('',#13338,1.0);
#10587=LINE('',#13339,#13340);
#10588=FILL_AREA_STYLE_COLOUR('',#13341);
#10589=VERTEX_POINT('NONE',#13342);
#10590=LINE('',#13343,#13344);
#10591=VERTEX_POINT('NONE',#13345);
#10592=LINE('',#13346,#13347);
#10593=LINE('',#13348,#13349);
#10594=FILL_AREA_STYLE_COLOUR('',#13350);
#10595=LINE('',#13351,#13352);
#10596=LINE('',#13353,#13354);
#10597=FILL_AREA_STYLE_COLOUR('',#13355);
#10598=VERTEX_POINT('NONE',#13356);
#10599=VERTEX_POINT('NONE',#13357);
#10600=LINE('',#13358,#13359);
#10601=VERTEX_POINT('NONE',#13360);
#10602=LINE('',#13361,#13362);
#10603=VERTEX_POINT('NONE',#13363);
#10604=LINE('',#13364,#13365);
#10605=LINE('',#13366,#13367);
#10606=FILL_AREA_STYLE_COLOUR('',#13368);
#10607=VERTEX_POINT('NONE',#13369);
#10608=CIRCLE('',#13370,0.999999999999999);
#10609=VERTEX_POINT('NONE',#13371);
#10610=CIRCLE('',#13372,0.999999999999999);
#10611=LINE('',#13373,#13374);
#10612=FILL_AREA_STYLE_COLOUR('',#13375);
#10613=VERTEX_POINT('NONE',#13376);
#10614=LINE('',#13377,#13378);
#10615=VERTEX_POINT('NONE',#13379);
#10616=LINE('',#13380,#13381);
#10617=LINE('',#13382,#13383);
#10618=FILL_AREA_STYLE_COLOUR('',#13384);
#10619=VERTEX_POINT('NONE',#13385);
#10620=LINE('',#13386,#13387);
#10621=VERTEX_POINT('NONE',#13388);
#10622=LINE('',#13389,#13390);
#10623=LINE('',#13391,#13392);
#10624=FILL_AREA_STYLE_COLOUR('',#13393);
#10625=LINE('',#13394,#13395);
#10626=LINE('',#13396,#13397);
#10627=FILL_AREA_STYLE_COLOUR('',#13398);
#10628=VERTEX_POINT('NONE',#13399);
#10629=VERTEX_POINT('NONE',#13400);
#10630=LINE('',#13401,#13402);
#10631=LINE('',#13403,#13404);
#10632=LINE('',#13405,#13406);
#10633=LINE('',#13407,#13408);
#10634=FILL_AREA_STYLE_COLOUR('',#13409);
#10635=VERTEX_POINT('NONE',#13410);
#10636=LINE('',#13411,#13412);
#10637=LINE('',#13413,#13414);
#10638=FILL_AREA_STYLE_COLOUR('',#13415);
#10639=VERTEX_POINT('NONE',#13416);
#10640=LINE('',#13417,#13418);
#10641=LINE('',#13419,#13420);
#10642=FILL_AREA_STYLE_COLOUR('',#13421);
#10643=LINE('',#13422,#13423);
#10644=FILL_AREA_STYLE_COLOUR('',#13424);
#10645=VERTEX_POINT('NONE',#13425);
#10646=LINE('',#13426,#13427);
#10647=CIRCLE('',#13428,0.320999999999999);
#10648=FILL_AREA_STYLE_COLOUR('',#13429);
#10649=VERTEX_POINT('NONE',#13430);
#10650=CIRCLE('',#13431,0.321);
#10651=LINE('',#13432,#13433);
#10652=FILL_AREA_STYLE_COLOUR('',#13434);
#10653=LINE('',#13435,#13436);
#10654=FILL_AREA_STYLE_COLOUR('',#13437);
#10655=LINE('',#13438,#13439);
#10656=LINE('',#13440,#13441);
#10657=FILL_AREA_STYLE_COLOUR('',#13442);
#10658=VERTEX_POINT('NONE',#13443);
#10659=LINE('',#13444,#13445);
#10660=CIRCLE('',#13446,0.999999999999999);
#10661=FILL_AREA_STYLE_COLOUR('',#13447);
#10662=VERTEX_POINT('NONE',#13448);
#10663=LINE('',#13449,#13450);
#10664=LINE('',#13451,#13452);
#10665=FILL_AREA_STYLE_COLOUR('',#13453);
#10666=CIRCLE('',#13454,0.999999999999999);
#10667=FILL_AREA_STYLE_COLOUR('',#13455);
#10668=FILL_AREA_STYLE_COLOUR('',#13456);
#10669=VERTEX_POINT('NONE',#13457);
#10670=VERTEX_POINT('NONE',#13458);
#10671=LINE('',#13459,#13460);
#10672=LINE('',#13461,#13462);
#10673=LINE('',#13463,#13464);
#10674=FILL_AREA_STYLE_COLOUR('',#13465);
#10675=VERTEX_POINT('NONE',#13466);
#10676=VERTEX_POINT('NONE',#13467);
#10677=LINE('',#13468,#13469);
#10678=VERTEX_POINT('NONE',#13470);
#10679=CIRCLE('',#13471,0.25);
#10680=VERTEX_POINT('NONE',#13472);
#10681=LINE('',#13473,#13474);
#10682=CIRCLE('',#13475,0.25);
#10683=FILL_AREA_STYLE_COLOUR('',#13476);
#10684=VERTEX_POINT('NONE',#13477);
#10685=VERTEX_POINT('NONE',#13478);
#10686=LINE('',#13479,#13480);
#10687=VERTEX_POINT('NONE',#13481);
#10688=CIRCLE('',#13482,0.25);
#10689=VERTEX_POINT('NONE',#13483);
#10690=LINE('',#13484,#13485);
#10691=CIRCLE('',#13486,0.25);
#10692=FILL_AREA_STYLE_COLOUR('',#13487);
#10693=VERTEX_POINT('NONE',#13488);
#10694=VERTEX_POINT('NONE',#13489);
#10695=LINE('',#13490,#13491);
#10696=LINE('',#13492,#13493);
#10697=LINE('',#13494,#13495);
#10698=FILL_AREA_STYLE_COLOUR('',#13496);
#10699=VERTEX_POINT('NONE',#13497);
#10700=VERTEX_POINT('NONE',#13498);
#10701=LINE('',#13499,#13500);
#10702=LINE('',#13501,#13502);
#10703=LINE('',#13503,#13504);
#10704=FILL_AREA_STYLE_COLOUR('',#13505);
#10705=VERTEX_POINT('NONE',#13506);
#10706=VERTEX_POINT('NONE',#13507);
#10707=LINE('',#13508,#13509);
#10708=LINE('',#13510,#13511);
#10709=LINE('',#13512,#13513);
#10710=FILL_AREA_STYLE_COLOUR('',#13514);
#10711=VERTEX_POINT('NONE',#13515);
#10712=VERTEX_POINT('NONE',#13516);
#10713=LINE('',#13517,#13518);
#10714=CIRCLE('',#13519,0.999999999999999);
#10715=CIRCLE('',#13520,0.999999999999999);
#10716=FILL_AREA_STYLE_COLOUR('',#13521);
#10717=VERTEX_POINT('NONE',#13522);
#10718=VERTEX_POINT('NONE',#13523);
#10719=LINE('',#13524,#13525);
#10720=LINE('',#13526,#13527);
#10721=LINE('',#13528,#13529);
#10722=FILL_AREA_STYLE_COLOUR('',#13530);
#10723=VERTEX_POINT('NONE',#13531);
#10724=VERTEX_POINT('NONE',#13532);
#10725=LINE('',#13533,#13534);
#10726=LINE('',#13535,#13536);
#10727=LINE('',#13537,#13538);
#10728=FILL_AREA_STYLE_COLOUR('',#13539);
#10729=VERTEX_POINT('NONE',#13540);
#10730=VERTEX_POINT('NONE',#13541);
#10731=LINE('',#13542,#13543);
#10732=LINE('',#13544,#13545);
#10733=LINE('',#13546,#13547);
#10734=FILL_AREA_STYLE_COLOUR('',#13548);
#10735=VERTEX_POINT('NONE',#13549);
#10736=VERTEX_POINT('NONE',#13550);
#10737=LINE('',#13551,#13552);
#10738=CIRCLE('',#13553,1.0);
#10739=CIRCLE('',#13554,1.0);
#10740=FILL_AREA_STYLE_COLOUR('',#13555);
#10741=VERTEX_POINT('NONE',#13556);
#10742=VERTEX_POINT('NONE',#13557);
#10743=LINE('',#13558,#13559);
#10744=LINE('',#13560,#13561);
#10745=LINE('',#13562,#13563);
#10746=FILL_AREA_STYLE_COLOUR('',#13564);
#10747=VERTEX_POINT('NONE',#13565);
#10748=VERTEX_POINT('NONE',#13566);
#10749=LINE('',#13567,#13568);
#10750=LINE('',#13569,#13570);
#10751=LINE('',#13571,#13572);
#10752=FILL_AREA_STYLE_COLOUR('',#13573);
#10753=LINE('',#13574,#13575);
#10754=LINE('',#13576,#13577);
#10755=FILL_AREA_STYLE_COLOUR('',#13578);
#10756=VERTEX_POINT('NONE',#13579);
#10757=B_SPLINE_CURVE_WITH_KNOTS('',3,(#13580,#13581,#13582,#13583),.UNSPECIFIED.,.F.,.F.,(4,4),(0.0,1.0),.UNSPECIFIED.);
#10758=VERTEX_POINT('NONE',#13584);
#10759=LINE('',#13585,#13586);
#10760=B_SPLINE_CURVE_WITH_KNOTS('',3,(#13587,#13588,#13589,#13590),.UNSPECIFIED.,.F.,.F.,(4,4),(0.0,1.0),.UNSPECIFIED.);
#10761=LINE('',#13591,#13592);
#10762=FILL_AREA_STYLE_COLOUR('',#13593);
#10763=LINE('',#13594,#13595);
#10764=FILL_AREA_STYLE_COLOUR('',#13596);
#10765=LINE('',#13597,#13598);
#10766=FILL_AREA_STYLE_COLOUR('',#13599);
#10767=VERTEX_POINT('NONE',#13600);
#10768=LINE('',#13601,#13602);
#10769=VERTEX_POINT('NONE',#13603);
#10770=LINE('',#13604,#13605);
#10771=LINE('',#13606,#13607);
#10772=LINE('',#13608,#13609);
#10773=FILL_AREA_STYLE_COLOUR('',#13610);
#10774=VERTEX_POINT('NONE',#13611);
#10775=LINE('',#13612,#13613);
#10776=VERTEX_POINT('NONE',#13614);
#10777=LINE('',#13615,#13616);
#10778=LINE('',#13617,#13618);
#10779=FILL_AREA_STYLE_COLOUR('',#13619);
#10780=LINE('',#13620,#13621);
#10781=FILL_AREA_STYLE_COLOUR('',#13622);
#10782=LINE('',#13623,#13624);
#10783=FILL_AREA_STYLE_COLOUR('',#13625);
#10784=VERTEX_POINT('NONE',#13626);
#10785=CIRCLE('',#13627,0.321000000000001);
#10786=VERTEX_POINT('NONE',#13628);
#10787=LINE('',#13629,#13630);
#10788=CIRCLE('',#13631,0.321);
#10789=FILL_AREA_STYLE_COLOUR('',#13632);
#10790=LINE('',#13633,#13634);
#10791=FILL_AREA_STYLE_COLOUR('',#13635);
#10792=LINE('',#13636,#13637);
#10793=FILL_AREA_STYLE_COLOUR('',#13638);
#10794=VERTEX_POINT('NONE',#13639);
#10795=LINE('',#13640,#13641);
#10796=LINE('',#13642,#13643);
#10797=CIRCLE('',#13644,1.0);
#10798=FILL_AREA_STYLE_COLOUR('',#13645);
#10799=LINE('',#13646,#13647);
#10800=VERTEX_POINT('NONE',#13648);
#10801=LINE('',#13649,#13650);
#10802=CIRCLE('',#13651,0.999999999999998);
#10803=FILL_AREA_STYLE_COLOUR('',#13652);
#10804=FILL_AREA_STYLE_COLOUR('',#13653);
#10805=LINE('',#13654,#13655);
#10806=FILL_AREA_STYLE_COLOUR('',#13656);
#10807=FILL_AREA_STYLE_COLOUR('',#13657);
#10808=VERTEX_POINT('NONE',#13658);
#10809=LINE('',#13659,#13660);
#10810=VERTEX_POINT('NONE',#13661);
#10811=LINE('',#13662,#13663);
#10812=VERTEX_POINT('NONE',#13664);
#10813=LINE('',#13665,#13666);
#10814=LINE('',#13667,#13668);
#10815=LINE('',#13669,#13670);
#10816=VERTEX_POINT('NONE',#13671);
#10817=LINE('',#13672,#13673);
#10818=VERTEX_POINT('NONE',#13674);
#10819=LINE('',#13675,#13676);
#10820=LINE('',#13677,#13678);
#10821=LINE('',#13679,#13680);
#10822=FILL_AREA_STYLE_COLOUR('',#13681);
#10823=LINE('',#13682,#13683);
#10824=VERTEX_POINT('NONE',#13684);
#10825=LINE('',#13685,#13686);
#10826=VERTEX_POINT('NONE',#13687);
#10827=LINE('',#13688,#13689);
#10828=LINE('',#13690,#13691);
#10829=VERTEX_POINT('NONE',#13692);
#10830=LINE('',#13693,#13694);
#10831=LINE('',#13695,#13696);
#10832=VERTEX_POINT('NONE',#13697);
#10833=LINE('',#13698,#13699);
#10834=VERTEX_POINT('NONE',#13700);
#10835=LINE('',#13701,#13702);
#10836=LINE('',#13703,#13704);
#10837=FILL_AREA_STYLE_COLOUR('',#13705);
#10838=VERTEX_POINT('NONE',#13706);
#10839=VERTEX_POINT('NONE',#13707);
#10840=LINE('',#13708,#13709);
#10841=VERTEX_POINT('NONE',#13710);
#10842=LINE('',#13711,#13712);
#10843=LINE('',#13713,#13714);
#10844=VERTEX_POINT('NONE',#13715);
#10845=LINE('',#13716,#13717);
#10846=LINE('',#13718,#13719);
#10847=LINE('',#13720,#13721);
#10848=FILL_AREA_STYLE_COLOUR('',#13722);
#10849=VERTEX_POINT('NONE',#13723);
#10850=VERTEX_POINT('NONE',#13724);
#10851=LINE('',#13725,#13726);
#10852=LINE('',#13727,#13728);
#10853=LINE('',#13729,#13730);
#10854=LINE('',#13731,#13732);
#10855=FILL_AREA_STYLE_COLOUR('',#13733);
#10856=VERTEX_POINT('NONE',#13734);
#10857=LINE('',#13735,#13736);
#10858=LINE('',#13737,#13738);
#10859=LINE('',#13739,#13740);
#10860=FILL_AREA_STYLE_COLOUR('',#13741);
#10861=CIRCLE('',#13742,1.5);
#10862=CIRCLE('',#13743,1.5);
#10863=FILL_AREA_STYLE_COLOUR('',#13744);
#10864=FILL_AREA_STYLE_COLOUR('',#13745);
#10865=CIRCLE('',#13746,1.1);
#10866=CIRCLE('',#13747,1.1);
#10867=FILL_AREA_STYLE_COLOUR('',#13748);
#10868=CIRCLE('',#13749,1.29000000000001);
#10869=CIRCLE('',#13750,1.49);
#10870=FILL_AREA_STYLE_COLOUR('',#13751);
#10871=FILL_AREA_STYLE_COLOUR('',#13752);
#10872=CIRCLE('',#13753,1.48);
#10873=FILL_AREA_STYLE_COLOUR('',#13754);
#10874=CIRCLE('',#13755,1.28);
#10875=VERTEX_POINT('NONE',#13756);
#10876=VERTEX_POINT('NONE',#13757);
#10877=LINE('',#13758,#13759);
#10878=VERTEX_POINT('NONE',#13760);
#10879=LINE('',#13761,#13762);
#10880=VERTEX_POINT('NONE',#13763);
#10881=LINE('',#13764,#13765);
#10882=VERTEX_POINT('NONE',#13766);
#10883=LINE('',#13767,#13768);
#10884=VERTEX_POINT('NONE',#13769);
#10885=LINE('',#13770,#13771);
#10886=LINE('',#13772,#13773);
#10887=FILL_AREA_STYLE_COLOUR('',#13774);
#10888=FILL_AREA_STYLE_COLOUR('',#13775);
#10889=VERTEX_POINT('NONE',#13776);
#10890=VERTEX_POINT('NONE',#13777);
#10891=LINE('',#13778,#13779);
#10892=VERTEX_POINT('NONE',#13780);
#10893=LINE('',#13781,#13782);
#10894=VERTEX_POINT('NONE',#13783);
#10895=LINE('',#13784,#13785);
#10896=VERTEX_POINT('NONE',#13786);
#10897=LINE('',#13787,#13788);
#10898=VERTEX_POINT('NONE',#13789);
#10899=LINE('',#13790,#13791);
#10900=LINE('',#13792,#13793);
#10901=FILL_AREA_STYLE_COLOUR('',#13794);
#10902=VERTEX_POINT('NONE',#13795);
#10903=LINE('',#13796,#13797);
#10904=VERTEX_POINT('NONE',#13798);
#10905=LINE('',#13799,#13800);
#10906=LINE('',#13801,#13802);
#10907=FILL_AREA_STYLE_COLOUR('',#13803);
#10908=VERTEX_POINT('NONE',#13804);
#10909=LINE('',#13805,#13806);
#10910=LINE('',#13807,#13808);
#10911=FILL_AREA_STYLE_COLOUR('',#13809);
#10912=VERTEX_POINT('NONE',#13810);
#10913=LINE('',#13811,#13812);
#10914=LINE('',#13813,#13814);
#10915=FILL_AREA_STYLE_COLOUR('',#13815);
#10916=VERTEX_POINT('NONE',#13816);
#10917=LINE('',#13817,#13818);
#10918=LINE('',#13819,#13820);
#10919=FILL_AREA_STYLE_COLOUR('',#13821);
#10920=VERTEX_POINT('NONE',#13822);
#10921=LINE('',#13823,#13824);
#10922=LINE('',#13825,#13826);
#10923=FILL_AREA_STYLE_COLOUR('',#13827);
#10924=LINE('',#13828,#13829);
#10925=FILL_AREA_STYLE_COLOUR('',#13830);
#10926=LINE('',#13831,#13832);
#10927=LINE('',#13833,#13834);
#10928=FILL_AREA_STYLE_COLOUR('',#13835);
#10929=LINE('',#13836,#13837);
#10930=FILL_AREA_STYLE_COLOUR('',#13838);
#10931=LINE('',#13839,#13840);
#10932=FILL_AREA_STYLE_COLOUR('',#13841);
#10933=LINE('',#13842,#13843);
#10934=FILL_AREA_STYLE_COLOUR('',#13844);
#10935=LINE('',#13845,#13846);
#10936=FILL_AREA_STYLE_COLOUR('',#13847);
#10937=FILL_AREA_STYLE_COLOUR('',#13848);
#10938=LINE('',#13849,#13850);
#10939=FILL_AREA_STYLE_COLOUR('',#13851);
#10940=LINE('',#13852,#13853);
#10941=FILL_AREA_STYLE_COLOUR('',#13854);
#10942=VERTEX_POINT('NONE',#13855);
#10943=LINE('',#13856,#13857);
#10944=VERTEX_POINT('NONE',#13858);
#10945=LINE('',#13859,#13860);
#10946=LINE('',#13861,#13862);
#10947=FILL_AREA_STYLE_COLOUR('',#13863);
#10948=LINE('',#13864,#13865);
#10949=VERTEX_POINT('NONE',#13866);
#10950=LINE('',#13867,#13868);
#10951=LINE('',#13869,#13870);
#10952=FILL_AREA_STYLE_COLOUR('',#13871);
#10953=LINE('',#13872,#13873);
#10954=FILL_AREA_STYLE_COLOUR('',#13874);
#10955=LINE('',#13875,#13876);
#10956=FILL_AREA_STYLE_COLOUR('',#13877);
#10957=FILL_AREA_STYLE_COLOUR('',#13878);
#10958=LINE('',#13879,#13880);
#10959=FILL_AREA_STYLE_COLOUR('',#13881);
#10960=FILL_AREA_STYLE_COLOUR('',#13882);
#10961=LINE('',#13883,#13884);
#10962=FILL_AREA_STYLE_COLOUR('',#13885);
#10963=LINE('',#13886,#13887);
#10964=FILL_AREA_STYLE_COLOUR('',#13888);
#10965=VERTEX_POINT('NONE',#13889);
#10966=LINE('',#13890,#13891);
#10967=LINE('',#13892,#13893);
#10968=LINE('',#13894,#13895);
#10969=FILL_AREA_STYLE_COLOUR('',#13896);
#10970=LINE('',#13897,#13898);
#10971=FILL_AREA_STYLE_COLOUR('',#13899);
#10972=LINE('',#13900,#13901);
#10973=FILL_AREA_STYLE_COLOUR('',#13902);
#10974=FILL_AREA_STYLE_COLOUR('',#13903);
#10975=LINE('',#13904,#13905);
#10976=FILL_AREA_STYLE_COLOUR('',#13906);
#10977=VERTEX_POINT('NONE',#13907);
#10978=LINE('',#13908,#13909);
#10979=VERTEX_POINT('NONE',#13910);
#10980=LINE('',#13911,#13912);
#10981=LINE('',#13913,#13914);
#10982=FILL_AREA_STYLE_COLOUR('',#13915);
#10983=VERTEX_POINT('NONE',#13916);
#10984=LINE('',#13917,#13918);
#10985=LINE('',#13919,#13920);
#10986=FILL_AREA_STYLE_COLOUR('',#13921);
#10987=LINE('',#13922,#13923);
#10988=FILL_AREA_STYLE_COLOUR('',#13924);
#10989=FILL_AREA_STYLE_COLOUR('',#13925);
#10990=LINE('',#13926,#13927);
#10991=LINE('',#13928,#13929);
#10992=FILL_AREA_STYLE_COLOUR('',#13930);
#10993=LINE('',#13931,#13932);
#10994=FILL_AREA_STYLE_COLOUR('',#13933);
#10995=LINE('',#13934,#13935);
#10996=FILL_AREA_STYLE_COLOUR('',#13936);
#10997=LINE('',#13937,#13938);
#10998=FILL_AREA_STYLE_COLOUR('',#13939);
#10999=LINE('',#13940,#13941);
#11000=FILL_AREA_STYLE_COLOUR('',#13942);
#11001=LINE('',#13943,#13944);
#11002=FILL_AREA_STYLE_COLOUR('',#13945);
#11003=FILL_AREA_STYLE_COLOUR('',#13946);
#11004=LINE('',#13947,#13948);
#11005=FILL_AREA_STYLE_COLOUR('',#13949);
#11006=LINE('',#13950,#13951);
#11007=FILL_AREA_STYLE_COLOUR('',#13952);
#11008=LINE('',#13953,#13954);
#11009=FILL_AREA_STYLE_COLOUR('',#13955);
#11010=LINE('',#13956,#13957);
#11011=FILL_AREA_STYLE_COLOUR('',#13958);
#11012=LINE('',#13959,#13960);
#11013=FILL_AREA_STYLE_COLOUR('',#13961);
#11014=LINE('',#13962,#13963);
#11015=FILL_AREA_STYLE_COLOUR('',#13964);
#11016=LINE('',#13965,#13966);
#11017=FILL_AREA_STYLE_COLOUR('',#13967);
#11018=LINE('',#13968,#13969);
#11019=FILL_AREA_STYLE_COLOUR('',#13970);
#11020=LINE('',#13971,#13972);
#11021=FILL_AREA_STYLE_COLOUR('',#13973);
#11022=LINE('',#13974,#13975);
#11023=FILL_AREA_STYLE_COLOUR('',#13976);
#11024=LINE('',#13977,#13978);
#11025=LINE('',#13979,#13980);
#11026=FILL_AREA_STYLE_COLOUR('',#13981);
#11027=LINE('',#13982,#13983);
#11028=FILL_AREA_STYLE_COLOUR('',#13984);
#11029=FILL_AREA_STYLE_COLOUR('',#13985);
#11030=FILL_AREA_STYLE_COLOUR('',#13986);
#11031=FILL_AREA_STYLE_COLOUR('',#13987);
#11032=FILL_AREA_STYLE_COLOUR('',#13988);
#11033=FILL_AREA_STYLE_COLOUR('',#13989);
#11034=FILL_AREA_STYLE_COLOUR('',#13990);
#11035=FILL_AREA_STYLE_COLOUR('',#13991);
#11036=VERTEX_POINT('NONE',#13992);
#11037=VERTEX_POINT('NONE',#13993);
#11038=CIRCLE('',#13994,0.300000000000003);
#11039=VERTEX_POINT('NONE',#13995);
#11040=LINE('',#13996,#13997);
#11041=VERTEX_POINT('NONE',#13998);
#11042=CIRCLE('',#13999,0.300000000000003);
#11043=LINE('',#14000,#14001);
#11044=FILL_AREA_STYLE_COLOUR('',#14002);
#11045=VERTEX_POINT('NONE',#14003);
#11046=LINE('',#14004,#14005);
#11047=VERTEX_POINT('NONE',#14006);
#11048=LINE('',#14007,#14008);
#11049=LINE('',#14009,#14010);
#11050=FILL_AREA_STYLE_COLOUR('',#14011);
#11051=VERTEX_POINT('NONE',#14012);
#11052=LINE('',#14013,#14014);
#11053=VERTEX_POINT('NONE',#14015);
#11054=LINE('',#14016,#14017);
#11055=LINE('',#14018,#14019);
#11056=FILL_AREA_STYLE_COLOUR('',#14020);
#11057=VERTEX_POINT('NONE',#14021);
#11058=CIRCLE('',#14022,0.225);
#11059=LINE('',#14023,#14024);
#11060=FILL_AREA_STYLE_COLOUR('',#14025);
#11061=CIRCLE('',#14026,0.299999999999999);
#11062=FILL_AREA_STYLE_COLOUR('',#14027);
#11063=VERTEX_POINT('NONE',#14028);
#11064=CIRCLE('',#14029,0.375);
#11065=CIRCLE('',#14030,0.299999999999999);
#11066=FILL_AREA_STYLE_COLOUR('',#14031);
#11067=LINE('',#14032,#14033);
#11068=FILL_AREA_STYLE_COLOUR('',#14034);
#11069=VERTEX_POINT('NONE',#14035);
#11070=VERTEX_POINT('NONE',#14036);
#11071=CIRCLE('',#14037,0.15);
#11072=VERTEX_POINT('NONE',#14038);
#11073=LINE('',#14039,#14040);
#11074=VERTEX_POINT('NONE',#14041);
#11075=CIRCLE('',#14042,0.15);
#11076=LINE('',#14043,#14044);
#11077=FILL_AREA_STYLE_COLOUR('',#14045);
#11078=VERTEX_POINT('NONE',#14046);
#11079=VERTEX_POINT('NONE',#14047);
#11080=CIRCLE('',#14048,0.15);
#11081=VERTEX_POINT('NONE',#14049);
#11082=LINE('',#14050,#14051);
#11083=VERTEX_POINT('NONE',#14052);
#11084=CIRCLE('',#14053,0.15);
#11085=LINE('',#14054,#14055);
#11086=FILL_AREA_STYLE_COLOUR('',#14056);
#11087=VERTEX_POINT('NONE',#14057);
#11088=VERTEX_POINT('NONE',#14058);
#11089=CIRCLE('',#14059,0.15);
#11090=VERTEX_POINT('NONE',#14060);
#11091=LINE('',#14061,#14062);
#11092=VERTEX_POINT('NONE',#14063);
#11093=CIRCLE('',#14064,0.15);
#11094=LINE('',#14065,#14066);
#11095=FILL_AREA_STYLE_COLOUR('',#14067);
#11096=VERTEX_POINT('NONE',#14068);
#11097=VERTEX_POINT('NONE',#14069);
#11098=CIRCLE('',#14070,0.150000000000001);
#11099=VERTEX_POINT('NONE',#14071);
#11100=LINE('',#14072,#14073);
#11101=VERTEX_POINT('NONE',#14074);
#11102=CIRCLE('',#14075,0.15);
#11103=LINE('',#14076,#14077);
#11104=FILL_AREA_STYLE_COLOUR('',#14078);
#11105=VERTEX_POINT('NONE',#14079);
#11106=VERTEX_POINT('NONE',#14080);
#11107=CIRCLE('',#14081,0.3);
#11108=VERTEX_POINT('NONE',#14082);
#11109=LINE('',#14083,#14084);
#11110=VERTEX_POINT('NONE',#14085);
#11111=CIRCLE('',#14086,0.3);
#11112=LINE('',#14087,#14088);
#11113=FILL_AREA_STYLE_COLOUR('',#14089);
#11114=VERTEX_POINT('NONE',#14090);
#11115=VERTEX_POINT('NONE',#14091);
#11116=CIRCLE('',#14092,0.3);
#11117=VERTEX_POINT('NONE',#14093);
#11118=LINE('',#14094,#14095);
#11119=VERTEX_POINT('NONE',#14096);
#11120=CIRCLE('',#14097,0.3);
#11121=LINE('',#14098,#14099);
#11122=FILL_AREA_STYLE_COLOUR('',#14100);
#11123=VERTEX_POINT('NONE',#14101);
#11124=VERTEX_POINT('NONE',#14102);
#11125=CIRCLE('',#14103,0.3);
#11126=VERTEX_POINT('NONE',#14104);
#11127=LINE('',#14105,#14106);
#11128=VERTEX_POINT('NONE',#14107);
#11129=CIRCLE('',#14108,0.3);
#11130=LINE('',#14109,#14110);
#11131=FILL_AREA_STYLE_COLOUR('',#14111);
#11132=VERTEX_POINT('NONE',#14112);
#11133=VERTEX_POINT('NONE',#14113);
#11134=CIRCLE('',#14114,0.3);
#11135=VERTEX_POINT('NONE',#14115);
#11136=LINE('',#14116,#14117);
#11137=VERTEX_POINT('NONE',#14118);
#11138=CIRCLE('',#14119,0.3);
#11139=LINE('',#14120,#14121);
#11140=FILL_AREA_STYLE_COLOUR('',#14122);
#11141=LINE('',#14123,#14124);
#11142=LINE('',#14125,#14126);
#11143=FILL_AREA_STYLE_COLOUR('',#14127);
#11144=LINE('',#14128,#14129);
#11145=LINE('',#14130,#14131);
#11146=FILL_AREA_STYLE_COLOUR('',#14132);
#11147=LINE('',#14133,#14134);
#11148=LINE('',#14135,#14136);
#11149=FILL_AREA_STYLE_COLOUR('',#14137);
#11150=LINE('',#14138,#14139);
#11151=LINE('',#14140,#14141);
#11152=FILL_AREA_STYLE_COLOUR('',#14142);
#11153=LINE('',#14143,#14144);
#11154=LINE('',#14145,#14146);
#11155=FILL_AREA_STYLE_COLOUR('',#14147);
#11156=LINE('',#14148,#14149);
#11157=LINE('',#14150,#14151);
#11158=FILL_AREA_STYLE_COLOUR('',#14152);
#11159=VERTEX_POINT('NONE',#14153);
#11160=VERTEX_POINT('NONE',#14154);
#11161=LINE('',#14155,#14156);
#11162=VERTEX_POINT('NONE',#14157);
#11163=LINE('',#14158,#14159);
#11164=VERTEX_POINT('NONE',#14160);
#11165=LINE('',#14161,#14162);
#11166=LINE('',#14163,#14164);
#11167=FILL_AREA_STYLE_COLOUR('',#14165);
#11168=VERTEX_POINT('NONE',#14166);
#11169=VERTEX_POINT('NONE',#14167);
#11170=LINE('',#14168,#14169);
#11171=VERTEX_POINT('NONE',#14170);
#11172=LINE('',#14171,#14172);
#11173=VERTEX_POINT('NONE',#14173);
#11174=LINE('',#14174,#14175);
#11175=LINE('',#14176,#14177);
#11176=FILL_AREA_STYLE_COLOUR('',#14178);
#11177=CIRCLE('',#14179,0.212132034355964);
#11178=FILL_AREA_STYLE_COLOUR('',#14180);
#11179=CIRCLE('',#14181,0.212132034355964);
#11180=FILL_AREA_STYLE_COLOUR('',#14182);
#11181=LINE('',#14183,#14184);
#11182=LINE('',#14185,#14186);
#11183=FILL_AREA_STYLE_COLOUR('',#14187);
#11184=LINE('',#14188,#14189);
#11185=LINE('',#14190,#14191);
#11186=FILL_AREA_STYLE_COLOUR('',#14192);
#11187=LINE('',#14193,#14194);
#11188=LINE('',#14195,#14196);
#11189=FILL_AREA_STYLE_COLOUR('',#14197);
#11190=LINE('',#14198,#14199);
#11191=LINE('',#14200,#14201);
#11192=FILL_AREA_STYLE_COLOUR('',#14202);
#11193=LINE('',#14203,#14204);
#11194=LINE('',#14205,#14206);
#11195=FILL_AREA_STYLE_COLOUR('',#14207);
#11196=LINE('',#14208,#14209);
#11197=FILL_AREA_STYLE_COLOUR('',#14210);
#11198=LINE('',#14211,#14212);
#11199=FILL_AREA_STYLE_COLOUR('',#14213);
#11200=FILL_AREA_STYLE_COLOUR('',#14214);
#11201=VERTEX_POINT('NONE',#14215);
#11202=VERTEX_POINT('NONE',#14216);
#11203=LINE('',#14217,#14218);
#11204=VERTEX_POINT('NONE',#14219);
#11205=LINE('',#14220,#14221);
#11206=VERTEX_POINT('NONE',#14222);
#11207=LINE('',#14223,#14224);
#11208=LINE('',#14225,#14226);
#11209=FILL_AREA_STYLE_COLOUR('',#14227);
#11210=VERTEX_POINT('NONE',#14228);
#11211=VERTEX_POINT('NONE',#14229);
#11212=LINE('',#14230,#14231);
#11213=VERTEX_POINT('NONE',#14232);
#11214=LINE('',#14233,#14234);
#11215=VERTEX_POINT('NONE',#14235);
#11216=LINE('',#14236,#14237);
#11217=LINE('',#14238,#14239);
#11218=FILL_AREA_STYLE_COLOUR('',#14240);
#11219=CIRCLE('',#14241,0.299999999999998);
#11220=CIRCLE('',#14242,0.299999999999998);
#11221=FILL_AREA_STYLE_COLOUR('',#14243);
#11222=VERTEX_POINT('NONE',#14244);
#11223=LINE('',#14245,#14246);
#11224=VERTEX_POINT('NONE',#14247);
#11225=LINE('',#14248,#14249);
#11226=VERTEX_POINT('NONE',#14250);
#11227=LINE('',#14251,#14252);
#11228=VERTEX_POINT('NONE',#14253);
#11229=LINE('',#14254,#14255);
#11230=VERTEX_POINT('NONE',#14256);
#11231=LINE('',#14257,#14258);
#11232=VERTEX_POINT('NONE',#14259);
#11233=LINE('',#14260,#14261);
#11234=LINE('',#14262,#14263);
#11235=CIRCLE('',#14264,0.212132034355965);
#11236=VERTEX_POINT('NONE',#14265);
#11237=LINE('',#14266,#14267);
#11238=CIRCLE('',#14268,0.212132034355965);
#11239=FILL_AREA_STYLE_COLOUR('',#14269);
#11240=VERTEX_POINT('NONE',#14270);
#11241=LINE('',#14271,#14272);
#11242=VERTEX_POINT('NONE',#14273);
#11243=LINE('',#14274,#14275);
#11244=VERTEX_POINT('NONE',#14276);
#11245=LINE('',#14277,#14278);
#11246=VERTEX_POINT('NONE',#14279);
#11247=LINE('',#14280,#14281);
#11248=VERTEX_POINT('NONE',#14282);
#11249=LINE('',#14283,#14284);
#11250=VERTEX_POINT('NONE',#14285);
#11251=LINE('',#14286,#14287);
#11252=LINE('',#14288,#14289);
#11253=CIRCLE('',#14290,0.299999999999999);
#11254=VERTEX_POINT('NONE',#14291);
#11255=CIRCLE('',#14292,0.299999999999999);
#11256=LINE('',#14293,#14294);
#11257=FILL_AREA_STYLE_COLOUR('',#14295);
#11258=LINE('',#14296,#14297);
#11259=FILL_AREA_STYLE_COLOUR('',#14298);
#11260=LINE('',#14299,#14300);
#11261=FILL_AREA_STYLE_COLOUR('',#14301);
#11262=LINE('',#14302,#14303);
#11263=FILL_AREA_STYLE_COLOUR('',#14304);
#11264=LINE('',#14305,#14306);
#11265=FILL_AREA_STYLE_COLOUR('',#14307);
#11266=VERTEX_POINT('NONE',#14308);
#11267=VERTEX_POINT('NONE',#14309);
#11268=LINE('',#14310,#14311);
#11269=VERTEX_POINT('NONE',#14312);
#11270=LINE('',#14313,#14314);
#11271=VERTEX_POINT('NONE',#14315);
#11272=LINE('',#14316,#14317);
#11273=LINE('',#14318,#14319);
#11274=FILL_AREA_STYLE_COLOUR('',#14320);
#11275=FILL_AREA_STYLE_COLOUR('',#14321);
#11276=CIRCLE('',#14322,0.375);
#11277=FILL_AREA_STYLE_COLOUR('',#14323);
#11278=FILL_AREA_STYLE_COLOUR('',#14324);
#11279=VERTEX_POINT('NONE',#14325);
#11280=CIRCLE('',#14326,0.3);
#11281=VERTEX_POINT('NONE',#14327);
#11282=CIRCLE('',#14328,0.3);
#11283=LINE('',#14329,#14330);
#11284=FILL_AREA_STYLE_COLOUR('',#14331);
#11285=VERTEX_POINT('NONE',#14332);
#11286=VERTEX_POINT('NONE',#14333);
#11287=CIRCLE('',#14334,0.15);
#11288=VERTEX_POINT('NONE',#14335);
#11289=LINE('',#14336,#14337);
#11290=VERTEX_POINT('NONE',#14338);
#11291=CIRCLE('',#14339,0.15);
#11292=LINE('',#14340,#14341);
#11293=FILL_AREA_STYLE_COLOUR('',#14342);
#11294=CIRCLE('',#14343,0.225);
#11295=FILL_AREA_STYLE_COLOUR('',#14344);
#11296=FILL_AREA_STYLE_COLOUR('',#14345);
#11297=FILL_AREA_STYLE_COLOUR('',#14346);
#11298=VERTEX_POINT('NONE',#14347);
#11299=CIRCLE('',#14348,0.150000000000001);
#11300=VERTEX_POINT('NONE',#14349);
#11301=LINE('',#14350,#14351);
#11302=CIRCLE('',#14352,0.15);
#11303=FILL_AREA_STYLE_COLOUR('',#14353);
#11304=VERTEX_POINT('NONE',#14354);
#11305=LINE('',#14355,#14356);
#11306=VERTEX_POINT('NONE',#14357);
#11307=LINE('',#14358,#14359);
#11308=LINE('',#14360,#14361);
#11309=FILL_AREA_STYLE_COLOUR('',#14362);
#11310=VERTEX_POINT('NONE',#14363);
#11311=CIRCLE('',#14364,0.15);
#11312=VERTEX_POINT('NONE',#14365);
#11313=CIRCLE('',#14366,0.15);
#11314=LINE('',#14367,#14368);
#11315=FILL_AREA_STYLE_COLOUR('',#14369);
#11316=VERTEX_POINT('NONE',#14370);
#11317=LINE('',#14371,#14372);
#11318=VERTEX_POINT('NONE',#14373);
#11319=LINE('',#14374,#14375);
#11320=LINE('',#14376,#14377);
#11321=FILL_AREA_STYLE_COLOUR('',#14378);
#11322=CIRCLE('',#14379,0.15);
#11323=CIRCLE('',#14380,0.15);
#11324=FILL_AREA_STYLE_COLOUR('',#14381);
#11325=VERTEX_POINT('NONE',#14382);
#11326=LINE('',#14383,#14384);
#11327=VERTEX_POINT('NONE',#14385);
#11328=LINE('',#14386,#14387);
#11329=LINE('',#14388,#14389);
#11330=FILL_AREA_STYLE_COLOUR('',#14390);
#11331=VERTEX_POINT('NONE',#14391);
#11332=CIRCLE('',#14392,0.3);
#11333=VERTEX_POINT('NONE',#14393);
#11334=CIRCLE('',#14394,0.3);
#11335=LINE('',#14395,#14396);
#11336=FILL_AREA_STYLE_COLOUR('',#14397);
#11337=VERTEX_POINT('NONE',#14398);
#11338=LINE('',#14399,#14400);
#11339=VERTEX_POINT('NONE',#14401);
#11340=LINE('',#14402,#14403);
#11341=LINE('',#14404,#14405);
#11342=FILL_AREA_STYLE_COLOUR('',#14406);
#11343=VERTEX_POINT('NONE',#14407);
#11344=CIRCLE('',#14408,0.3);
#11345=VERTEX_POINT('NONE',#14409);
#11346=CIRCLE('',#14410,0.3);
#11347=LINE('',#14411,#14412);
#11348=FILL_AREA_STYLE_COLOUR('',#14413);
#11349=LINE('',#14414,#14415);
#11350=LINE('',#14416,#14417);
#11351=FILL_AREA_STYLE_COLOUR('',#14418);
#11352=LINE('',#14419,#14420);
#11353=LINE('',#14421,#14422);
#11354=FILL_AREA_STYLE_COLOUR('',#14423);
#11355=VERTEX_POINT('NONE',#14424);
#11356=LINE('',#14425,#14426);
#11357=VERTEX_POINT('NONE',#14427);
#11358=LINE('',#14428,#14429);
#11359=LINE('',#14430,#14431);
#11360=FILL_AREA_STYLE_COLOUR('',#14432);
#11361=CIRCLE('',#14433,0.3);
#11362=FILL_AREA_STYLE_COLOUR('',#14434);
#11363=CIRCLE('',#14435,0.3);
#11364=FILL_AREA_STYLE_COLOUR('',#14436);
#11365=FILL_AREA_STYLE_COLOUR('',#14437);
#11366=LINE('',#14438,#14439);
#11367=FILL_AREA_STYLE_COLOUR('',#14440);
#11368=VERTEX_POINT('NONE',#14441);
#11369=LINE('',#14442,#14443);
#11370=LINE('',#14444,#14445);
#11371=FILL_AREA_STYLE_COLOUR('',#14446);
#11372=VERTEX_POINT('NONE',#14447);
#11373=LINE('',#14448,#14449);
#11374=LINE('',#14450,#14451);
#11375=FILL_AREA_STYLE_COLOUR('',#14452);
#11376=LINE('',#14453,#14454);
#11377=FILL_AREA_STYLE_COLOUR('',#14455);
#11378=FILL_AREA_STYLE_COLOUR('',#14456);
#11379=VERTEX_POINT('NONE',#14457);
#11380=LINE('',#14458,#14459);
#11381=LINE('',#14460,#14461);
#11382=FILL_AREA_STYLE_COLOUR('',#14462);
#11383=VERTEX_POINT('NONE',#14463);
#11384=LINE('',#14464,#14465);
#11385=LINE('',#14466,#14467);
#11386=FILL_AREA_STYLE_COLOUR('',#14468);
#11387=LINE('',#14469,#14470);
#11388=FILL_AREA_STYLE_COLOUR('',#14471);
#11389=FILL_AREA_STYLE_COLOUR('',#14472);
#11390=FILL_AREA_STYLE_COLOUR('',#14473);
#11391=COLOUR_RGB('',1.0,1.0,1.0);
#11392=CARTESIAN_POINT('',(-2.5,-11.9,0.350000000000001));
#11393=CARTESIAN_POINT('',(-2.5,-12.112132034356,0.5));
#11394=AXIS2_PLACEMENT_3D('',#14474,#14475,#14476);
#11395=CARTESIAN_POINT('',(-2.71213203435596,-11.9,0.5));
#11396=AXIS2_PLACEMENT_3D('',#14477,#14478,#14479);
#11397=AXIS2_PLACEMENT_3D('',#14480,#14481,#14482);
#11398=COLOUR_RGB('',1.0,1.0,1.0);
#11399=CARTESIAN_POINT('',(-2.5,-8.7,0.350000000000001));
#11400=CARTESIAN_POINT('',(-2.5,-10.3,0.350000000000001));
#11401=VECTOR('',#14483,1.0);
#11402=CARTESIAN_POINT('',(-2.28786796564404,-11.9,0.5));
#11403=AXIS2_PLACEMENT_3D('',#14484,#14485,#14486);
#11404=CARTESIAN_POINT('',(-2.28786796564404,-8.7,0.5));
#11405=CARTESIAN_POINT('',(-2.28786796564404,-11.9,0.5));
#11406=VECTOR('',#14487,1000.0);
#11407=AXIS2_PLACEMENT_3D('',#14488,#14489,#14490);
#11408=COLOUR_RGB('',1.0,1.0,1.0);
#11409=CARTESIAN_POINT('',(-2.5,-8.48786796564404,0.5));
#11410=AXIS2_PLACEMENT_3D('',#14491,#14492,#14493);
#11411=AXIS2_PLACEMENT_3D('',#14494,#14495,#14496);
#11412=COLOUR_RGB('',1.0,1.0,1.0);
#11413=CARTESIAN_POINT('',(-2.5,-8.4,0.350000000000001));
#11414=CARTESIAN_POINT('',(-2.5,-8.7,0.200000000000001));
#11415=AXIS2_PLACEMENT_3D('',#14497,#14498,#14499);
#11416=CARTESIAN_POINT('',(-2.2,-8.7,0.35));
#11417=AXIS2_PLACEMENT_3D('',#14500,#14501,#14502);
#11418=AXIS2_PLACEMENT_3D('',#14503,#14504,#14505);
#11419=COLOUR_RGB('',1.0,1.0,1.0);
#11420=CARTESIAN_POINT('',(-2.5,-11.9,0.200000000000001));
#11421=CARTESIAN_POINT('',(-2.5,-10.3,0.200000000000001));
#11422=VECTOR('',#14506,1.0);
#11423=CARTESIAN_POINT('',(-2.2,-11.9,0.35));
#11424=CARTESIAN_POINT('',(-2.2,-11.9,0.35));
#11425=VECTOR('',#14507,1000.0);
#11426=AXIS2_PLACEMENT_3D('',#14508,#14509,#14510);
#11427=COLOUR_RGB('',1.0,1.0,1.0);
#11428=CARTESIAN_POINT('',(-2.5,-12.2,0.350000000000001));
#11429=AXIS2_PLACEMENT_3D('',#14511,#14512,#14513);
#11430=CARTESIAN_POINT('',(-2.8,-11.9,0.35));
#11431=AXIS2_PLACEMENT_3D('',#14514,#14515,#14516);
#11432=AXIS2_PLACEMENT_3D('',#14517,#14518,#14519);
#11433=COLOUR_RGB('',1.0,1.0,1.0);
#11434=CARTESIAN_POINT('',(-1.35974770229366E-16,-11.9,0.350000000000001));
#11435=CARTESIAN_POINT('',(-1.17605068242156E-16,-12.112132034356,0.5));
#11436=AXIS2_PLACEMENT_3D('',#14520,#14521,#14522);
#11437=CARTESIAN_POINT('',(-0.212132034355965,-11.9,0.5));
#11438=AXIS2_PLACEMENT_3D('',#14523,#14524,#14525);
#11439=AXIS2_PLACEMENT_3D('',#14526,#14527,#14528);
#11440=COLOUR_RGB('',1.0,1.0,1.0);
#11441=CARTESIAN_POINT('',(-1.35974770229366E-16,-8.7,0.350000000000001));
#11442=CARTESIAN_POINT('',(-9.92353662549453E-17,-8.48786796564404,0.5));
#11443=AXIS2_PLACEMENT_3D('',#14529,#14530,#14531);
#11444=CARTESIAN_POINT('',(0.212132034355964,-8.7,0.5));
#11445=AXIS2_PLACEMENT_3D('',#14532,#14533,#14534);
#11446=AXIS2_PLACEMENT_3D('',#14535,#14536,#14537);
#11447=COLOUR_RGB('',1.0,1.0,1.0);
#11448=CARTESIAN_POINT('',(-1.0842021724855E-16,-8.7,0.200000000000001));
#11449=CARTESIAN_POINT('',(-1.08420217248551E-16,-11.9,0.200000000000001));
#11450=CARTESIAN_POINT('',(-1.54344472216576E-16,-10.3,0.200000000000001));
#11451=VECTOR('',#14538,1.0);
#11452=CARTESIAN_POINT('',(0.3,-8.7,0.35));
#11453=AXIS2_PLACEMENT_3D('',#14539,#14540,#14541);
#11454=CARTESIAN_POINT('',(0.3,-11.9,0.350000000000001));
#11455=CARTESIAN_POINT('',(0.3,-11.9,0.35));
#11456=VECTOR('',#14542,1000.0);
#11457=AXIS2_PLACEMENT_3D('',#14543,#14544,#14545);
#11458=COLOUR_RGB('',1.0,1.0,1.0);
#11459=CARTESIAN_POINT('',(-1.45159621222971E-16,-8.4,0.350000000000001));
#11460=AXIS2_PLACEMENT_3D('',#14546,#14547,#14548);
#11461=AXIS2_PLACEMENT_3D('',#14549,#14550,#14551);
#11462=COLOUR_RGB('',1.0,1.0,1.0);
#11463=CARTESIAN_POINT('',(-7.168081327413E-17,-12.2,0.350000000000001));
#11464=AXIS2_PLACEMENT_3D('',#14552,#14553,#14554);
#11465=CARTESIAN_POINT('',(-0.3,-11.9,0.35));
#11466=AXIS2_PLACEMENT_3D('',#14555,#14556,#14557);
#11467=AXIS2_PLACEMENT_3D('',#14558,#14559,#14560);
#11468=COLOUR_RGB('',1.0,1.0,1.0);
#11469=CARTESIAN_POINT('',(-1.35974770229366E-16,-10.3,0.350000000000001));
#11470=VECTOR('',#14561,1.0);
#11471=CARTESIAN_POINT('',(0.212132034355964,-11.9,0.5));
#11472=AXIS2_PLACEMENT_3D('',#14562,#14563,#14564);
#11473=CARTESIAN_POINT('',(0.212132034355964,-11.9,0.5));
#11474=VECTOR('',#14565,1000.0);
#11475=COLOUR_RGB('',1.0,0.501960813999176,0.0);
#11476=CARTESIAN_POINT('',(2.15690567839289E-17,3.5,3.22));
#11477=CARTESIAN_POINT('',(5.7096193571934E-17,3.5,2.9));
#11478=CARTESIAN_POINT('',(3.93326251779315E-17,3.5,3.06));
#11479=VECTOR('',#14566,1.0);
#11480=CARTESIAN_POINT('',(1.0,3.35410196624968,3.22));
#11481=AXIS2_PLACEMENT_3D('',#14567,#14568,#14569);
#11482=CARTESIAN_POINT('',(1.0,3.35410196624968,2.9));
#11483=CARTESIAN_POINT('',(1.0,3.35410196624968,-27.7407678754955));
#11484=VECTOR('',#14570,1000.0);
#11485=AXIS2_PLACEMENT_3D('',#14571,#14572,#14573);
#11486=COLOUR_RGB('',1.0,0.501960813999176,0.0);
#11487=CARTESIAN_POINT('',(2.26086722862693,0.900000000000006,-0.320999999999993));
#11488=CARTESIAN_POINT('',(2.26086722862693,0.900000000000006,-0.000999999999993513));
#11489=CARTESIAN_POINT('',(2.26086722862685,0.900000000000006,-0.160999999999991));
#11490=VECTOR('',#14574,1.0);
#11491=CARTESIAN_POINT('',(2.81086722862693,0.350000000000005,-0.320999999999994));
#11492=AXIS2_PLACEMENT_3D('',#14575,#14576,#14577);
#11493=CARTESIAN_POINT('',(2.81086722862693,0.350000000000005,-0.000999999999994495));
#11494=CARTESIAN_POINT('',(2.81086722862701,0.350000000000007,25.3795043291106));
#11495=VECTOR('',#14578,1000.0);
#11496=AXIS2_PLACEMENT_3D('',#14579,#14580,#14581);
#11497=COLOUR_RGB('',1.0,0.501960813999176,0.0);
#11498=CARTESIAN_POINT('',(2.26086722862692,-2.49999999999999,-0.320999999999993));
#11499=CARTESIAN_POINT('',(2.26086722862692,-2.49999999999999,-0.000999999999993513));
#11500=CARTESIAN_POINT('',(2.26086722862684,-2.49999999999999,-0.160999999999991));
#11501=VECTOR('',#14582,1.0);
#11502=CARTESIAN_POINT('',(2.81086722862692,-3.04999999999999,-0.320999999999995));
#11503=AXIS2_PLACEMENT_3D('',#14583,#14584,#14585);
#11504=CARTESIAN_POINT('',(2.81086722862692,-3.04999999999999,-0.000999999999994928));
#11505=CARTESIAN_POINT('',(2.810867228627,-3.04999999999999,25.3795043291106));
#11506=VECTOR('',#14586,1000.0);
#11507=AXIS2_PLACEMENT_3D('',#14587,#14588,#14589);
#11508=COLOUR_RGB('',1.0,1.0,1.0);
#11509=CARTESIAN_POINT('',(2.5,-12.2,0.350000000000001));
#11510=CARTESIAN_POINT('',(2.5,-11.9,0.200000000000001));
#11511=AXIS2_PLACEMENT_3D('',#14590,#14591,#14592);
#11512=CARTESIAN_POINT('',(2.2,-11.9,0.35));
#11513=AXIS2_PLACEMENT_3D('',#14593,#14594,#14595);
#11514=AXIS2_PLACEMENT_3D('',#14596,#14597,#14598);
#11515=COLOUR_RGB('',1.0,1.0,1.0);
#11516=CARTESIAN_POINT('',(2.5,-8.7,0.200000000000001));
#11517=CARTESIAN_POINT('',(2.5,-10.3,0.200000000000001));
#11518=VECTOR('',#14599,1.0);
#11519=CARTESIAN_POINT('',(2.8,-8.7,0.35));
#11520=AXIS2_PLACEMENT_3D('',#14600,#14601,#14602);
#11521=CARTESIAN_POINT('',(2.8,-11.9,0.35));
#11522=CARTESIAN_POINT('',(2.8,-11.9,0.35));
#11523=VECTOR('',#14603,1000.0);
#11524=AXIS2_PLACEMENT_3D('',#14604,#14605,#14606);
#11525=COLOUR_RGB('',1.0,1.0,1.0);
#11526=CARTESIAN_POINT('',(2.5,-8.4,0.350000000000001));
#11527=AXIS2_PLACEMENT_3D('',#14607,#14608,#14609);
#11528=AXIS2_PLACEMENT_3D('',#14610,#14611,#14612);
#11529=COLOUR_RGB('',1.0,1.0,1.0);
#11530=CARTESIAN_POINT('',(2.5,-8.7,0.350000000000001));
#11531=CARTESIAN_POINT('',(2.5,-8.48786796564404,0.5));
#11532=AXIS2_PLACEMENT_3D('',#14613,#14614,#14615);
#11533=CARTESIAN_POINT('',(2.71213203435596,-8.7,0.5));
#11534=AXIS2_PLACEMENT_3D('',#14616,#14617,#14618);
#11535=AXIS2_PLACEMENT_3D('',#14619,#14620,#14621);
#11536=COLOUR_RGB('',1.0,1.0,1.0);
#11537=CARTESIAN_POINT('',(2.5,-11.9,0.350000000000001));
#11538=CARTESIAN_POINT('',(2.5,-10.3,0.350000000000001));
#11539=VECTOR('',#14622,1.0);
#11540=CARTESIAN_POINT('',(2.71213203435596,-11.9,0.5));
#11541=AXIS2_PLACEMENT_3D('',#14623,#14624,#14625);
#11542=CARTESIAN_POINT('',(2.71213203435596,-11.9,0.5));
#11543=VECTOR('',#14626,1000.0);
#11544=COLOUR_RGB('',1.0,1.0,1.0);
#11545=CARTESIAN_POINT('',(2.5,-12.112132034356,0.5));
#11546=AXIS2_PLACEMENT_3D('',#14627,#14628,#14629);
#11547=CARTESIAN_POINT('',(2.28786796564404,-11.9,0.5));
#11548=AXIS2_PLACEMENT_3D('',#14630,#14631,#14632);
#11549=AXIS2_PLACEMENT_3D('',#14633,#14634,#14635);
#11550=COLOUR_RGB('',1.0,0.0,1.0);
#11551=CARTESIAN_POINT('',(-1.30698563932767E-16,-1.28,-0.4));
#11552=CARTESIAN_POINT('',(-3.5527136788005E-17,1.28,-0.4));
#11553=AXIS2_PLACEMENT_3D('',#14636,#14637,#14638);
#11554=CARTESIAN_POINT('',(4.10782519111308E-17,-1.48,-0.2));
#11555=CARTESIAN_POINT('',(-1.40169474362677E-16,-1.48,-0.2));
#11556=VECTOR('',#14639,1000.0);
#11557=CARTESIAN_POINT('',(-2.22325978184939E-16,1.48,-0.2));
#11558=AXIS2_PLACEMENT_3D('',#14640,#14641,#14642);
#11559=CARTESIAN_POINT('',(-4.10782519111308E-17,1.48,-0.2));
#11560=VECTOR('',#14643,1000.0);
#11561=COLOUR_RGB('',1.0,0.0,1.0);
#11562=CARTESIAN_POINT('',(4.10782519111308E-17,-1.48,0.0));
#11563=CARTESIAN_POINT('',(-2.22325978184939E-16,1.48,0.0));
#11564=AXIS2_PLACEMENT_3D('',#14644,#14645,#14646);
#11565=CARTESIAN_POINT('',(-2.22325978184939E-16,1.48,0.7));
#11566=VECTOR('',#14647,1000.0);
#11567=CARTESIAN_POINT('',(4.10782519111308E-17,-1.48,0.7));
#11568=VECTOR('',#14648,1000.0);
#11569=COLOUR_RGB('',1.0,0.0,1.0);
#11570=CARTESIAN_POINT('',(-2.08806155187207E-16,1.29000000000001,3.8));
#11571=CARTESIAN_POINT('',(3.85802501057244E-17,-1.29000000000001,3.8));
#11572=AXIS2_PLACEMENT_3D('',#14649,#14650,#14651);
#11573=CARTESIAN_POINT('',(-2.23828180740244E-16,1.49000000000001,3.6));
#11574=CARTESIAN_POINT('',(-1.93784129634171E-16,1.29000000000001,3.8));
#11575=VECTOR('',#14652,1000.0);
#11576=CARTESIAN_POINT('',(4.13558076672872E-17,-1.49000000000001,3.6));
#11577=AXIS2_PLACEMENT_3D('',#14653,#14654,#14655);
#11578=CARTESIAN_POINT('',(3.58046925441615E-17,-1.29000000000001,3.8));
#11579=VECTOR('',#14656,1000.0);
#11580=COLOUR_RGB('',1.0,0.0,1.0);
#11581=CARTESIAN_POINT('',(-1.1,1.34711147906209E-16,1.8));
#11582=CARTESIAN_POINT('',(1.1,0.0,1.8));
#11583=AXIS2_PLACEMENT_3D('',#14657,#14658,#14659);
#11584=CARTESIAN_POINT('',(-1.1,1.34711147906209E-16,3.8));
#11585=CARTESIAN_POINT('',(-1.1,1.34711147906209E-16,0.0));
#11586=VECTOR('',#14660,1000.0);
#11587=CARTESIAN_POINT('',(1.1,0.0,3.8));
#11588=AXIS2_PLACEMENT_3D('',#14661,#14662,#14663);
#11589=CARTESIAN_POINT('',(1.1,0.0,0.0));
#11590=VECTOR('',#14664,1000.0);
#11591=COLOUR_RGB('',1.0,0.501960813999176,0.0);
#11592=CARTESIAN_POINT('',(3.03045995019307E-16,1.5,3.6));
#11593=CARTESIAN_POINT('',(-2.96984659087229E-16,-1.5,3.6));
#11594=AXIS2_PLACEMENT_3D('',#14665,#14666,#14667);
#11595=CARTESIAN_POINT('',(3.03045995019307E-16,1.5,3.8));
#11596=CARTESIAN_POINT('',(9.80282040040653E-16,1.5,-2.4));
#11597=VECTOR('',#14668,1000.0);
#11598=CARTESIAN_POINT('',(-3.08086889333481E-16,-1.5,3.8));
#11599=AXIS2_PLACEMENT_3D('',#14669,#14670,#14671);
#11600=CARTESIAN_POINT('',(3.80251385934116E-16,-1.5,-2.4));
#11601=VECTOR('',#14672,1000.0);
#11602=COLOUR_RGB('',1.0,0.501960813999176,0.0);
#11603=CARTESIAN_POINT('',(4.45,-12.3473019567997,2.34999999999999));
#11604=CARTESIAN_POINT('',(4.92718138500105,-11.4684971287471,3.34999999999999));
#11605=AXIS2_PLACEMENT_3D('',#14673,#14674,#14675);
#11606=CARTESIAN_POINT('',(4.73121754497678,-12.5,2.34999999999999));
#11607=CARTESIAN_POINT('',(-0.140995032138522,-9.85444199741182,2.34999999999999));
#11608=VECTOR('',#14676,1000.0);
#11609=CARTESIAN_POINT('',(5.20839892997787,-11.6211951719475,3.34999999999998));
#11610=AXIS2_PLACEMENT_3D('',#14677,#14678,#14679);
#11611=CARTESIAN_POINT('',(0.336186352862555,-8.97563716935928,3.34999999999999));
#11612=VECTOR('',#14680,1000.0);
#11613=COLOUR_RGB('',1.0,0.501960813999176,0.0);
#11614=CARTESIAN_POINT('',(-4.92718138500107,-11.4684971287471,1.35));
#11615=CARTESIAN_POINT('',(-4.45000000000002,-12.3473019567997,2.35));
#11616=AXIS2_PLACEMENT_3D('',#14681,#14682,#14683);
#11617=CARTESIAN_POINT('',(-4.7312175449768,-12.5,2.35));
#11618=CARTESIAN_POINT('',(0.140995032138509,-9.85444199741183,2.35));
#11619=VECTOR('',#14684,1000.0);
#11620=CARTESIAN_POINT('',(-5.20839892997788,-11.6211951719475,1.35));
#11621=AXIS2_PLACEMENT_3D('',#14685,#14686,#14687);
#11622=CARTESIAN_POINT('',(-0.336186352862566,-8.97563716935929,1.35));
#11623=VECTOR('',#14688,1000.0);
#11624=COLOUR_RGB('',1.0,0.501960813999176,0.0);
#11625=CARTESIAN_POINT('',(-2.80986722862693,-1.95,4.77048955893622E-15));
#11626=CARTESIAN_POINT('',(-2.25986722862693,-2.5,6.75186767390077E-15));
#11627=AXIS2_PLACEMENT_3D('',#14689,#14690,#14691);
#11628=CARTESIAN_POINT('',(-2.25986722862693,-2.5,-0.319999999999993));
#11629=CARTESIAN_POINT('',(-2.25986722862702,-2.5,25.3805043291106));
#11630=VECTOR('',#14692,1000.0);
#11631=CARTESIAN_POINT('',(-2.80986722862693,-1.95,-0.319999999999996));
#11632=AXIS2_PLACEMENT_3D('',#14693,#14694,#14695);
#11633=CARTESIAN_POINT('',(-2.80986722862702,-1.95,25.3805043291106));
#11634=VECTOR('',#14696,1000.0);
#11635=COLOUR_RGB('',1.0,0.501960813999176,0.0);
#11636=CARTESIAN_POINT('',(-2.80986722862693,1.45,4.77048955893622E-15));
#11637=CARTESIAN_POINT('',(-2.25986722862693,0.899999999999999,6.75186767390077E-15));
#11638=AXIS2_PLACEMENT_3D('',#14697,#14698,#14699);
#11639=CARTESIAN_POINT('',(-2.25986722862693,0.899999999999999,-0.319999999999993));
#11640=CARTESIAN_POINT('',(-2.25986722862702,0.9,25.3805043291106));
#11641=VECTOR('',#14700,1000.0);
#11642=CARTESIAN_POINT('',(-2.80986722862693,1.45,-0.319999999999996));
#11643=AXIS2_PLACEMENT_3D('',#14701,#14702,#14703);
#11644=CARTESIAN_POINT('',(-2.80986722862702,1.45,25.3805043291106));
#11645=VECTOR('',#14704,1000.0);
#11646=COLOUR_RGB('',1.0,0.501960813999176,0.0);
#11647=CARTESIAN_POINT('',(1.8,2.20436423846524E-16,3.8));
#11648=CARTESIAN_POINT('',(-1.8,-1.20370621524202E-32,3.8));
#11649=AXIS2_PLACEMENT_3D('',#14705,#14706,#14707);
#11650=CARTESIAN_POINT('',(1.8,2.20436423846524E-16,3.42));
#11651=CARTESIAN_POINT('',(1.8,2.20436423846524E-16,3.6));
#11652=VECTOR('',#14708,1000.0);
#11653=CARTESIAN_POINT('',(1.92068583260152E-16,1.8,3.42));
#11654=AXIS2_PLACEMENT_3D('',#14709,#14710,#14711);
#11655=CARTESIAN_POINT('',(-1.8,-1.20370621524202E-32,3.42));
#11656=AXIS2_PLACEMENT_3D('',#14712,#14713,#14714);
#11657=CARTESIAN_POINT('',(-1.8,0.0,3.6));
#11658=VECTOR('',#14715,1000.0);
#11659=COLOUR_RGB('',1.0,0.501960813999176,0.0);
#11660=CARTESIAN_POINT('',(-6.81535331148235E-17,-2.0,3.22));
#11661=CARTESIAN_POINT('',(2.42028619368284E-16,2.0,3.22));
#11662=AXIS2_PLACEMENT_3D('',#14716,#14717,#14718);
#11663=CARTESIAN_POINT('',(-7.76244435447342E-17,-1.8,3.42));
#11664=AXIS2_PLACEMENT_3D('',#14719,#14720,#14721);
#11665=AXIS2_PLACEMENT_3D('',#14722,#14723,#14724);
#11666=AXIS2_PLACEMENT_3D('',#14725,#14726,#14727);
#11667=COLOUR_RGB('',0.0,0.0,1.0);
#11668=CARTESIAN_POINT('',(-3.12038475772934,-3.75,3.25));
#11669=CARTESIAN_POINT('',(-3.77961524227066,-3.75,3.25));
#11670=AXIS2_PLACEMENT_3D('',#14728,#14729,#14730);
#11671=CARTESIAN_POINT('',(-3.7876537180436,-3.75,3.22));
#11672=CARTESIAN_POINT('',(-3.77961524227066,-3.75,3.25));
#11673=VECTOR('',#14731,1000.0);
#11674=CARTESIAN_POINT('',(-3.1123462819564,-3.75,3.22));
#11675=AXIS2_PLACEMENT_3D('',#14732,#14733,#14734);
#11676=CARTESIAN_POINT('',(-3.12038475772934,-3.75,3.25));
#11677=VECTOR('',#14735,1000.0);
#11678=COLOUR_RGB('',0.0,0.0,1.0);
#11679=CARTESIAN_POINT('',(3.77961524227066,-3.75,3.25));
#11680=CARTESIAN_POINT('',(3.12038475772934,-3.75,3.25));
#11681=AXIS2_PLACEMENT_3D('',#14736,#14737,#14738);
#11682=CARTESIAN_POINT('',(3.7876537180436,-3.75,3.22));
#11683=CARTESIAN_POINT('',(3.77961524227066,-3.75,3.25));
#11684=VECTOR('',#14739,1000.0);
#11685=CARTESIAN_POINT('',(3.1123462819564,-3.75,3.22));
#11686=AXIS2_PLACEMENT_3D('',#14740,#14741,#14742);
#11687=CARTESIAN_POINT('',(3.12038475772934,-3.75,3.25));
#11688=VECTOR('',#14743,1000.0);
#11689=COLOUR_RGB('',0.0,0.0,1.0);
#11690=CARTESIAN_POINT('',(-4.9,-1.5,0.35));
#11691=CARTESIAN_POINT('',(-4.9,-1.2,0.35));
#11692=CARTESIAN_POINT('',(-4.9,-1.5,0.35));
#11693=VECTOR('',#14744,1000.0);
#11694=CARTESIAN_POINT('',(-4.1,-1.2,0.35));
#11695=CARTESIAN_POINT('',(-4.1,-1.2,0.35));
#11696=VECTOR('',#14745,1000.0);
#11697=CARTESIAN_POINT('',(-4.1,-1.5,0.350000000000002));
#11698=CARTESIAN_POINT('',(-4.1,-1.5,0.350000000000002));
#11699=VECTOR('',#14746,1000.0);
#11700=CARTESIAN_POINT('',(-4.1,-1.5,0.350000000000002));
#11701=VECTOR('',#14747,1000.0);
#11702=COLOUR_RGB('',1.0,0.501960813999176,0.0);
#11703=CARTESIAN_POINT('',(5.075,-1.2,0.36));
#11704=CARTESIAN_POINT('',(5.075,-1.2,0.5));
#11705=CARTESIAN_POINT('',(5.075,-1.2,-0.600000000000002));
#11706=VECTOR('',#14748,1000.0);
#11707=CARTESIAN_POINT('',(5.075,-0.399999999999999,0.36));
#11708=CARTESIAN_POINT('',(5.075,-0.399999999999999,0.36));
#11709=VECTOR('',#14749,1000.0);
#11710=CARTESIAN_POINT('',(5.075,-0.400000000000001,0.5));
#11711=CARTESIAN_POINT('',(5.075,-0.399999999999999,0.5));
#11712=VECTOR('',#14750,1000.0);
#11713=CARTESIAN_POINT('',(5.075,-0.400000000000001,0.5));
#11714=VECTOR('',#14751,1000.0);
#11715=COLOUR_RGB('',0.0,0.0,1.0);
#11716=CARTESIAN_POINT('',(4.9,-0.399999999999999,0.35));
#11717=CARTESIAN_POINT('',(4.9,-0.1,0.35));
#11718=CARTESIAN_POINT('',(4.9,-1.5,0.35));
#11719=VECTOR('',#14752,1000.0);
#11720=CARTESIAN_POINT('',(4.1,-0.399999999999999,0.35));
#11721=CARTESIAN_POINT('',(5.075,-0.399999999999999,0.35));
#11722=VECTOR('',#14753,1000.0);
#11723=CARTESIAN_POINT('',(4.1,-0.1,0.35));
#11724=CARTESIAN_POINT('',(4.1,-1.5,0.35));
#11725=VECTOR('',#14754,1000.0);
#11726=CARTESIAN_POINT('',(4.1,-0.1,0.35));
#11727=VECTOR('',#14755,1000.0);
#11728=COLOUR_RGB('',1.0,0.501960813999176,0.0);
#11729=CARTESIAN_POINT('',(4.9,-1.2,0.36));
#11730=CARTESIAN_POINT('',(5.075,-1.2,0.36));
#11731=VECTOR('',#14756,1000.0);
#11732=CARTESIAN_POINT('',(4.9,-1.2,0.5));
#11733=CARTESIAN_POINT('',(6.4,-1.2,0.5));
#11734=VECTOR('',#14757,1000.0);
#11735=CARTESIAN_POINT('',(4.9,-1.2,-6.96400069832394));
#11736=VECTOR('',#14758,1000.0);
#11737=COLOUR_RGB('',1.0,0.501960813999176,0.0);
#11738=CARTESIAN_POINT('',(4.9,-0.399999999999999,0.360000000000001));
#11739=CARTESIAN_POINT('',(6.4,-0.4,0.36));
#11740=VECTOR('',#14759,1000.0);
#11741=CARTESIAN_POINT('',(4.9,-0.399999999999999,0.5));
#11742=CARTESIAN_POINT('',(4.9,-0.399999999999999,-6.96400069832394));
#11743=VECTOR('',#14760,1000.0);
#11744=CARTESIAN_POINT('',(6.4,-0.4,0.5));
#11745=VECTOR('',#14761,1000.0);
#11746=COLOUR_RGB('',1.0,1.0,1.0);
#11747=CARTESIAN_POINT('',(3.25,-4.8,0.35));
#11748=CARTESIAN_POINT('',(3.25,-4.8,0.5));
#11749=CARTESIAN_POINT('',(3.25,-4.8,0.7));
#11750=VECTOR('',#14762,1000.0);
#11751=CARTESIAN_POINT('',(3.25,-5.77267710627231,0.5));
#11752=CARTESIAN_POINT('',(3.25,-10.7,0.5));
#11753=VECTOR('',#14763,1000.0);
#11754=CARTESIAN_POINT('',(3.25,-5.92016940701998,0.622686610972654));
#11755=AXIS2_PLACEMENT_3D('',#14764,#14765,#14766);
#11756=CARTESIAN_POINT('',(3.25,-6.12978795647962,1.75462677805469));
#11757=CARTESIAN_POINT('',(3.25,-6.17522744202505,2.0));
#11758=VECTOR('',#14767,1000.0);
#11759=CARTESIAN_POINT('',(3.25,-6.42477255797496,2.0));
#11760=AXIS2_PLACEMENT_3D('',#14768,#14769,#14770);
#11761=CARTESIAN_POINT('',(3.25,-7.17522744202504,2.0));
#11762=CARTESIAN_POINT('',(3.25,-6.17522744202505,2.0));
#11763=VECTOR('',#14771,1000.0);
#11764=CARTESIAN_POINT('',(3.25,-7.47021204352038,1.75462677805469));
#11765=AXIS2_PLACEMENT_3D('',#14772,#14773,#14774);
#11766=CARTESIAN_POINT('',(3.25,-7.67983059298002,0.622686610972654));
#11767=CARTESIAN_POINT('',(3.25,-7.42477255797495,2.0));
#11768=VECTOR('',#14775,1000.0);
#11769=CARTESIAN_POINT('',(3.25,-7.82732289372769,0.5));
#11770=AXIS2_PLACEMENT_3D('',#14776,#14777,#14778);
#11771=CARTESIAN_POINT('',(3.25,-8.8,0.5));
#11772=CARTESIAN_POINT('',(3.25,-10.7,0.5));
#11773=VECTOR('',#14779,1000.0);
#11774=CARTESIAN_POINT('',(3.25,-8.8,0.35));
#11775=CARTESIAN_POINT('',(3.25,-8.8,0.349));
#11776=VECTOR('',#14780,1000.0);
#11777=CARTESIAN_POINT('',(3.25,-7.82732289372769,0.35));
#11778=CARTESIAN_POINT('',(3.25,-10.7,0.35));
#11779=VECTOR('',#14781,1000.0);
#11780=CARTESIAN_POINT('',(3.25,-7.53233829223235,0.595373221945308));
#11781=AXIS2_PLACEMENT_3D('',#14782,#14783,#14784);
#11782=CARTESIAN_POINT('',(3.25,-7.32271974277271,1.72731338902735));
#11783=CARTESIAN_POINT('',(3.25,-7.3,1.85));
#11784=VECTOR('',#14785,1000.0);
#11785=CARTESIAN_POINT('',(3.25,-7.17522744202504,1.85));
#11786=AXIS2_PLACEMENT_3D('',#14786,#14787,#14788);
#11787=CARTESIAN_POINT('',(3.25,-6.42477255797496,1.85));
#11788=CARTESIAN_POINT('',(3.25,-6.3,1.85));
#11789=VECTOR('',#14789,1000.0);
#11790=CARTESIAN_POINT('',(3.25,-6.27728025722729,1.72731338902735));
#11791=AXIS2_PLACEMENT_3D('',#14790,#14791,#14792);
#11792=CARTESIAN_POINT('',(3.25,-6.06766170776765,0.595373221945308));
#11793=CARTESIAN_POINT('',(3.25,-6.3,1.85));
#11794=VECTOR('',#14793,1000.0);
#11795=CARTESIAN_POINT('',(3.25,-5.77267710627231,0.35));
#11796=AXIS2_PLACEMENT_3D('',#14794,#14795,#14796);
#11797=CARTESIAN_POINT('',(3.25,-10.7,0.35));
#11798=VECTOR('',#14797,1000.0);
#11799=COLOUR_RGB('',1.0,1.0,1.0);
#11800=CARTESIAN_POINT('',(1.75,-4.8,0.35));
#11801=CARTESIAN_POINT('',(-3.9,-4.8,0.35));
#11802=VECTOR('',#14798,1000.0);
#11803=CARTESIAN_POINT('',(1.75,-5.77267710627231,0.35));
#11804=CARTESIAN_POINT('',(-7.0,-5.77267710627231,0.35));
#11805=VECTOR('',#14799,1000.0);
#11806=CARTESIAN_POINT('',(1.75,-10.7,0.35));
#11807=VECTOR('',#14800,1000.0);
#11808=COLOUR_RGB('',1.0,1.0,1.0);
#11809=CARTESIAN_POINT('',(1.75,-4.8,0.5));
#11810=CARTESIAN_POINT('',(-3.9,-4.8,0.5));
#11811=VECTOR('',#14801,1000.0);
#11812=CARTESIAN_POINT('',(1.75,-5.77267710627231,0.5));
#11813=CARTESIAN_POINT('',(1.75,-10.7,0.5));
#11814=VECTOR('',#14802,1000.0);
#11815=CARTESIAN_POINT('',(-7.0,-5.77267710627231,0.5));
#11816=VECTOR('',#14803,1000.0);
#11817=COLOUR_RGB('',1.0,1.0,1.0);
#11818=CARTESIAN_POINT('',(1.75,-4.8,0.7));
#11819=VECTOR('',#14804,1000.0);
#11820=CARTESIAN_POINT('',(1.75,-6.06766170776765,0.595373221945308));
#11821=AXIS2_PLACEMENT_3D('',#14805,#14806,#14807);
#11822=CARTESIAN_POINT('',(1.75,-6.27728025722729,1.72731338902735));
#11823=CARTESIAN_POINT('',(1.75,-6.3,1.85));
#11824=VECTOR('',#14808,1000.0);
#11825=CARTESIAN_POINT('',(1.75,-6.42477255797496,1.85));
#11826=AXIS2_PLACEMENT_3D('',#14809,#14810,#14811);
#11827=CARTESIAN_POINT('',(1.75,-7.17522744202504,1.85));
#11828=CARTESIAN_POINT('',(1.75,-6.3,1.85));
#11829=VECTOR('',#14812,1000.0);
#11830=CARTESIAN_POINT('',(1.75,-7.32271974277271,1.72731338902735));
#11831=AXIS2_PLACEMENT_3D('',#14813,#14814,#14815);
#11832=CARTESIAN_POINT('',(1.75,-7.53233829223235,0.595373221945308));
#11833=CARTESIAN_POINT('',(1.75,-7.3,1.85));
#11834=VECTOR('',#14816,1000.0);
#11835=CARTESIAN_POINT('',(1.75,-7.82732289372769,0.35));
#11836=AXIS2_PLACEMENT_3D('',#14817,#14818,#14819);
#11837=CARTESIAN_POINT('',(1.75,-8.8,0.35));
#11838=CARTESIAN_POINT('',(1.75,-10.7,0.35));
#11839=VECTOR('',#14820,1000.0);
#11840=CARTESIAN_POINT('',(1.75,-8.8,0.5));
#11841=CARTESIAN_POINT('',(1.75,-8.8,0.349));
#11842=VECTOR('',#14821,1000.0);
#11843=CARTESIAN_POINT('',(1.75,-7.82732289372769,0.5));
#11844=CARTESIAN_POINT('',(1.75,-10.7,0.5));
#11845=VECTOR('',#14822,1000.0);
#11846=CARTESIAN_POINT('',(1.75,-7.67983059298002,0.622686610972654));
#11847=AXIS2_PLACEMENT_3D('',#14823,#14824,#14825);
#11848=CARTESIAN_POINT('',(1.75,-7.47021204352038,1.75462677805469));
#11849=CARTESIAN_POINT('',(1.75,-7.42477255797495,2.0));
#11850=VECTOR('',#14826,1000.0);
#11851=CARTESIAN_POINT('',(1.75,-7.17522744202504,2.0));
#11852=AXIS2_PLACEMENT_3D('',#14827,#14828,#14829);
#11853=CARTESIAN_POINT('',(1.75,-6.42477255797496,2.0));
#11854=CARTESIAN_POINT('',(1.75,-6.17522744202505,2.0));
#11855=VECTOR('',#14830,1000.0);
#11856=CARTESIAN_POINT('',(1.75,-6.12978795647962,1.75462677805469));
#11857=AXIS2_PLACEMENT_3D('',#14831,#14832,#14833);
#11858=CARTESIAN_POINT('',(1.75,-5.92016940701998,0.622686610972654));
#11859=CARTESIAN_POINT('',(1.75,-6.17522744202505,2.0));
#11860=VECTOR('',#14834,1000.0);
#11861=AXIS2_PLACEMENT_3D('',#14835,#14836,#14837);
#11862=COLOUR_RGB('',1.0,1.0,1.0);
#11863=CARTESIAN_POINT('',(3.25,-7.32271974277271,1.72731338902735));
#11864=VECTOR('',#14838,1000.0);
#11865=CARTESIAN_POINT('',(1.75,-7.17522744202504,1.85));
#11866=VECTOR('',#14839,1000.0);
#11867=COLOUR_RGB('',1.0,1.0,1.0);
#11868=CARTESIAN_POINT('',(3.25,-6.42477255797496,1.85));
#11869=VECTOR('',#14840,1000.0);
#11870=COLOUR_RGB('',1.0,1.0,1.0);
#11871=CARTESIAN_POINT('',(1.75,-6.27728025722729,1.72731338902735));
#11872=VECTOR('',#14841,1000.0);
#11873=COLOUR_RGB('',1.0,1.0,1.0);
#11874=CARTESIAN_POINT('',(3.25,-6.06766170776765,0.595373221945308));
#11875=VECTOR('',#14842,1000.0);
#11876=COLOUR_RGB('',1.0,1.0,1.0);
#11877=CARTESIAN_POINT('',(3.25,-5.92016940701998,0.622686610972654));
#11878=VECTOR('',#14843,1000.0);
#11879=CARTESIAN_POINT('',(3.25,-6.12978795647962,1.75462677805469));
#11880=VECTOR('',#14844,1000.0);
#11881=COLOUR_RGB('',1.0,1.0,1.0);
#11882=CARTESIAN_POINT('',(3.25,-6.42477255797496,2.0));
#11883=VECTOR('',#14845,1000.0);
#11884=COLOUR_RGB('',1.0,1.0,1.0);
#11885=CARTESIAN_POINT('',(3.25,-7.17522744202504,2.0));
#11886=VECTOR('',#14846,1000.0);
#11887=COLOUR_RGB('',1.0,1.0,1.0);
#11888=CARTESIAN_POINT('',(3.25,-7.47021204352038,1.75462677805469));
#11889=VECTOR('',#14847,1000.0);
#11890=COLOUR_RGB('',1.0,1.0,1.0);
#11891=CARTESIAN_POINT('',(3.25,-7.67983059298002,0.622686610972654));
#11892=VECTOR('',#14848,1000.0);
#11893=COLOUR_RGB('',1.0,1.0,1.0);
#11894=CARTESIAN_POINT('',(3.25,-7.53233829223235,0.595373221945308));
#11895=VECTOR('',#14849,1000.0);
#11896=COLOUR_RGB('',1.0,1.0,1.0);
#11897=COLOUR_RGB('',1.0,1.0,1.0);
#11898=CARTESIAN_POINT('',(-7.0,-7.82732289372769,0.5));
#11899=VECTOR('',#14850,1000.0);
#11900=COLOUR_RGB('',1.0,1.0,1.0);
#11901=AXIS2_PLACEMENT_3D('',#14851,#14852,#14853);
#11902=COLOUR_RGB('',1.0,1.0,1.0);
#11903=CARTESIAN_POINT('',(2.28786796564404,-8.7,0.5));
#11904=AXIS2_PLACEMENT_3D('',#14854,#14855,#14856);
#11905=CARTESIAN_POINT('',(2.28786796564404,-11.9,0.5));
#11906=VECTOR('',#14857,1000.0);
#11907=COLOUR_RGB('',1.0,1.0,1.0);
#11908=AXIS2_PLACEMENT_3D('',#14858,#14859,#14860);
#11909=COLOUR_RGB('',1.0,1.0,1.0);
#11910=COLOUR_RGB('',1.0,1.0,1.0);
#11911=CARTESIAN_POINT('',(-7.0,-7.82732289372769,0.35));
#11912=VECTOR('',#14861,1000.0);
#11913=COLOUR_RGB('',1.0,1.0,1.0);
#11914=CARTESIAN_POINT('',(2.2,-8.7,0.35));
#11915=AXIS2_PLACEMENT_3D('',#14862,#14863,#14864);
#11916=AXIS2_PLACEMENT_3D('',#14865,#14866,#14867);
#11917=COLOUR_RGB('',1.0,1.0,1.0);
#11918=CARTESIAN_POINT('',(2.2,-11.9,0.35));
#11919=VECTOR('',#14868,1000.0);
#11920=COLOUR_RGB('',1.0,1.0,1.0);
#11921=AXIS2_PLACEMENT_3D('',#14869,#14870,#14871);
#11922=COLOUR_RGB('',1.0,1.0,1.0);
#11923=CARTESIAN_POINT('',(2.1,-8.8,0.35));
#11924=CARTESIAN_POINT('',(1.75,-8.8,0.35));
#11925=VECTOR('',#14872,1000.0);
#11926=CARTESIAN_POINT('',(2.1,-8.8,0.5));
#11927=CARTESIAN_POINT('',(2.1,-8.8,0.349));
#11928=VECTOR('',#14873,1000.0);
#11929=CARTESIAN_POINT('',(1.75,-8.8,0.5));
#11930=VECTOR('',#14874,1000.0);
#11931=COLOUR_RGB('',1.0,1.0,1.0);
#11932=CARTESIAN_POINT('',(2.9,-8.8,0.35));
#11933=CARTESIAN_POINT('',(2.9,-8.8,0.35));
#11934=VECTOR('',#14875,1000.0);
#11935=CARTESIAN_POINT('',(2.9,-8.8,0.5));
#11936=CARTESIAN_POINT('',(2.9,-8.8,0.5));
#11937=VECTOR('',#14876,1000.0);
#11938=CARTESIAN_POINT('',(2.9,-8.8,0.349));
#11939=VECTOR('',#14877,1000.0);
#11940=COLOUR_RGB('',1.0,1.0,1.0);
#11941=CARTESIAN_POINT('',(2.9,-12.2242640687119,0.35));
#11942=CARTESIAN_POINT('',(2.9,-12.2242640687119,0.5));
#11943=CARTESIAN_POINT('',(2.9,-12.2242640687119,0.5));
#11944=VECTOR('',#14878,1000.0);
#11945=CARTESIAN_POINT('',(2.9,-10.7,0.35));
#11946=VECTOR('',#14879,1000.0);
#11947=CARTESIAN_POINT('',(2.9,-10.7,0.5));
#11948=VECTOR('',#14880,1000.0);
#11949=COLOUR_RGB('',1.0,1.0,1.0);
#11950=CARTESIAN_POINT('',(2.1,-12.2242640687119,0.5));
#11951=CARTESIAN_POINT('',(2.1,-12.2242640687119,0.35));
#11952=CARTESIAN_POINT('',(2.1,-12.2242640687119,0.5));
#11953=VECTOR('',#14881,1000.0);
#11954=CARTESIAN_POINT('',(2.1,-10.7,0.5));
#11955=VECTOR('',#14882,1000.0);
#11956=CARTESIAN_POINT('',(2.1,-10.7,0.35));
#11957=VECTOR('',#14883,1000.0);
#11958=COLOUR_RGB('',1.0,1.0,1.0);
#11959=CARTESIAN_POINT('',(2.71213203435597,-12.412132034356,0.35));
#11960=CARTESIAN_POINT('',(7.41213203435599,-7.71213203435592,0.35));
#11961=VECTOR('',#14884,1000.0);
#11962=CARTESIAN_POINT('',(2.28786796564404,-12.412132034356,0.35));
#11963=AXIS2_PLACEMENT_3D('',#14885,#14886,#14887);
#11964=CARTESIAN_POINT('',(-11.9121320343559,1.78786796564406,0.35));
#11965=VECTOR('',#14888,1000.0);
#11966=COLOUR_RGB('',1.0,1.0,1.0);
#11967=CARTESIAN_POINT('',(2.28786796564404,-12.412132034356,0.5));
#11968=CARTESIAN_POINT('',(2.71213203435597,-12.412132034356,0.5));
#11969=AXIS2_PLACEMENT_3D('',#14889,#14890,#14891);
#11970=CARTESIAN_POINT('',(2.71213203435597,-12.412132034356,0.5));
#11971=VECTOR('',#14892,1000.0);
#11972=CARTESIAN_POINT('',(2.1,-12.2242640687119,0.5));
#11973=VECTOR('',#14893,1000.0);
#11974=COLOUR_RGB('',1.0,1.0,1.0);
#11975=CARTESIAN_POINT('',(2.71213203435597,-12.412132034356,-0.600000000000002));
#11976=VECTOR('',#14894,1000.0);
#11977=COLOUR_RGB('',1.0,1.0,1.0);
#11978=CARTESIAN_POINT('',(2.28786796564404,-12.412132034356,-0.600000000000002));
#11979=VECTOR('',#14895,1000.0);
#11980=COLOUR_RGB('',1.0,1.0,1.0);
#11981=COLOUR_RGB('',1.0,0.501960813999176,0.0);
#11982=CARTESIAN_POINT('',(-5.075,-1.2,0.36));
#11983=CARTESIAN_POINT('',(-5.075,-1.2,0.5));
#11984=CARTESIAN_POINT('',(-5.075,-1.2,0.5));
#11985=VECTOR('',#14896,1000.0);
#11986=CARTESIAN_POINT('',(-4.9,-1.2,0.36));
#11987=CARTESIAN_POINT('',(-4.1,-1.2,0.36));
#11988=VECTOR('',#14897,1000.0);
#11989=CARTESIAN_POINT('',(-4.9,-1.2,0.5));
#11990=CARTESIAN_POINT('',(-4.9,-1.2,-6.96400069832394));
#11991=VECTOR('',#14898,1000.0);
#11992=CARTESIAN_POINT('',(-6.4,-1.2,0.5));
#11993=VECTOR('',#14899,1000.0);
#11994=COLOUR_RGB('',1.0,0.501960813999176,0.0);
#11995=CARTESIAN_POINT('',(-4.9,-0.4,0.5));
#11996=CARTESIAN_POINT('',(-4.9,-0.4,0.360000000000001));
#11997=CARTESIAN_POINT('',(-4.9,-0.4,-6.96400069832394));
#11998=VECTOR('',#14900,1000.0);
#11999=CARTESIAN_POINT('',(-5.075,-0.399999999999999,0.36));
#12000=CARTESIAN_POINT('',(-4.1,-0.399999999999999,0.36));
#12001=VECTOR('',#14901,1000.0);
#12002=CARTESIAN_POINT('',(-5.075,-0.400000000000002,0.5));
#12003=CARTESIAN_POINT('',(-5.075,-0.400000000000002,-0.600000000000002));
#12004=VECTOR('',#14902,1000.0);
#12005=CARTESIAN_POINT('',(-6.4,-0.4,0.5));
#12006=VECTOR('',#14903,1000.0);
#12007=COLOUR_RGB('',0.0,0.0,1.0);
#12008=CARTESIAN_POINT('',(-4.1,-0.399999999999999,0.35));
#12009=CARTESIAN_POINT('',(-4.1,-0.1,0.35));
#12010=CARTESIAN_POINT('',(-4.1,-1.5,0.350000000000002));
#12011=VECTOR('',#14904,1000.0);
#12012=CARTESIAN_POINT('',(-4.9,-0.399999999999999,0.35));
#12013=CARTESIAN_POINT('',(-4.1,-0.399999999999999,0.35));
#12014=VECTOR('',#14905,1000.0);
#12015=CARTESIAN_POINT('',(-4.9,-0.1,0.35));
#12016=CARTESIAN_POINT('',(-4.9,-1.5,0.35));
#12017=VECTOR('',#14906,1000.0);
#12018=CARTESIAN_POINT('',(-4.1,-0.1,0.350000000000002));
#12019=VECTOR('',#14907,1000.0);
#12020=COLOUR_RGB('',1.0,0.501960813999176,0.0);
#12021=CARTESIAN_POINT('',(-4.9,-1.8,0.5));
#12022=VECTOR('',#14908,1000.0);
#12023=CARTESIAN_POINT('',(-5.075,-0.400000000000002,0.5));
#12024=VECTOR('',#14909,1000.0);
#12025=COLOUR_RGB('',1.0,0.501960813999176,0.0);
#12026=CARTESIAN_POINT('',(-5.075,-0.399999999999999,0.36));
#12027=VECTOR('',#14910,1000.0);
#12028=COLOUR_RGB('',0.0,0.0,1.0);
#12029=CARTESIAN_POINT('',(-4.05,-0.53,3.2));
#12030=CARTESIAN_POINT('',(-4.05,-0.53,1.9));
#12031=CARTESIAN_POINT('',(-4.05,-0.530000000000001,3.401));
#12032=VECTOR('',#14911,1000.0);
#12033=CARTESIAN_POINT('',(-3.85,-0.330000000000001,1.9));
#12034=CARTESIAN_POINT('',(-3.85,-0.330000000000001,1.9));
#12035=VECTOR('',#14912,1000.0);
#12036=CARTESIAN_POINT('',(-3.85,-0.33,3.4));
#12037=CARTESIAN_POINT('',(-3.85,-0.330000000000001,3.401));
#12038=VECTOR('',#14913,1000.0);
#12039=CARTESIAN_POINT('',(-3.84966666666667,-0.329666666666667,3.40033333333333));
#12040=VECTOR('',#14914,1000.0);
#12041=COLOUR_RGB('',0.0,0.0,1.0);
#12042=CARTESIAN_POINT('',(-3.85,0.0200000000000001,1.9));
#12043=CARTESIAN_POINT('',(-3.85,0.0200000000000001,1.9));
#12044=VECTOR('',#14915,1000.0);
#12045=CARTESIAN_POINT('',(-3.85,0.02,3.4));
#12046=CARTESIAN_POINT('',(-3.85,0.0200000000000001,3.401));
#12047=VECTOR('',#14916,1000.0);
#12048=CARTESIAN_POINT('',(-3.85,0.0200000000000001,3.4));
#12049=VECTOR('',#14917,1000.0);
#12050=COLOUR_RGB('',0.0,0.0,1.0);
#12051=CARTESIAN_POINT('',(-4.05,0.22,1.9));
#12052=CARTESIAN_POINT('',(-4.05,0.22,1.9));
#12053=VECTOR('',#14918,1000.0);
#12054=CARTESIAN_POINT('',(-4.05,0.22,2.9));
#12055=CARTESIAN_POINT('',(-4.05,0.22,3.401));
#12056=VECTOR('',#14919,1000.0);
#12057=CARTESIAN_POINT('',(-4.05,0.22,3.2));
#12058=CARTESIAN_POINT('',(-4.05,0.22,3.401));
#12059=VECTOR('',#14920,1000.0);
#12060=CARTESIAN_POINT('',(-3.983,0.153,3.267));
#12061=VECTOR('',#14921,1000.0);
#12062=COLOUR_RGB('',0.0,0.0,1.0);
#12063=CARTESIAN_POINT('',(-4.4,0.22,2.9));
#12064=CARTESIAN_POINT('',(5.301387818866,0.22,2.9));
#12065=VECTOR('',#14922,1000.0);
#12066=CARTESIAN_POINT('',(-4.4,0.22,3.2));
#12067=CARTESIAN_POINT('',(-4.4,0.22,2.9));
#12068=VECTOR('',#14923,1000.0);
#12069=CARTESIAN_POINT('',(5.301387818866,0.22,3.2));
#12070=VECTOR('',#14924,1000.0);
#12071=COLOUR_RGB('',0.0,0.0,1.0);
#12072=CARTESIAN_POINT('',(-4.4,0.0199999999999999,3.4));
#12073=CARTESIAN_POINT('',(-4.4,0.22,3.2));
#12074=VECTOR('',#14925,1000.0);
#12075=CARTESIAN_POINT('',(5.301387818866,0.02,3.4));
#12076=VECTOR('',#14926,1000.0);
#12077=COLOUR_RGB('',0.0,0.0,1.0);
#12078=CARTESIAN_POINT('',(-4.4,-0.33,3.4));
#12079=CARTESIAN_POINT('',(-4.4,0.02,3.4));
#12080=VECTOR('',#14927,1000.0);
#12081=CARTESIAN_POINT('',(5.301387818866,-0.33,3.4));
#12082=VECTOR('',#14928,1000.0);
#12083=COLOUR_RGB('',0.0,0.0,1.0);
#12084=CARTESIAN_POINT('',(-4.4,-0.53,3.2));
#12085=CARTESIAN_POINT('',(-4.4,-0.33,3.4));
#12086=VECTOR('',#14929,1000.0);
#12087=CARTESIAN_POINT('',(5.301387818866,-0.53,3.2));
#12088=VECTOR('',#14930,1000.0);
#12089=COLOUR_RGB('',0.0,0.0,1.0);
#12090=CARTESIAN_POINT('',(-4.4,-0.53,2.4));
#12091=CARTESIAN_POINT('',(-4.4,-0.53,3.2));
#12092=VECTOR('',#14931,1000.0);
#12093=CARTESIAN_POINT('',(-4.4,-0.53,1.9));
#12094=CARTESIAN_POINT('',(-4.4,-0.53,3.2));
#12095=VECTOR('',#14932,1000.0);
#12096=CARTESIAN_POINT('',(4.40105,-0.53,1.9));
#12097=VECTOR('',#14933,1000.0);
#12098=COLOUR_RGB('',0.0,0.0,1.0);
#12099=CARTESIAN_POINT('',(-4.4,0.650000000000001,2.4));
#12100=CARTESIAN_POINT('',(-4.4,0.650000000000001,2.9));
#12101=CARTESIAN_POINT('',(-4.4,0.650000000000001,0.7));
#12102=VECTOR('',#14934,1000.0);
#12103=CARTESIAN_POINT('',(-4.4,0.65,2.4));
#12104=VECTOR('',#14935,1000.0);
#12105=CARTESIAN_POINT('',(-4.4,1.5,2.9));
#12106=VECTOR('',#14936,1000.0);
#12107=COLOUR_RGB('',1.0,0.501960813999176,0.0);
#12108=CARTESIAN_POINT('',(-3.825,0.22,1.9));
#12109=CARTESIAN_POINT('',(-4.05,0.22,1.9));
#12110=VECTOR('',#14937,1000.0);
#12111=CARTESIAN_POINT('',(-3.825,0.22,2.9));
#12112=CARTESIAN_POINT('',(-3.825,0.22,3.401));
#12113=VECTOR('',#14938,1000.0);
#12114=CARTESIAN_POINT('',(5.301387818866,0.22,2.9));
#12115=VECTOR('',#14939,1000.0);
#12116=COLOUR_RGB('',0.0,0.0,1.0);
#12117=CARTESIAN_POINT('',(-4.3,-0.549999999999999,1.9));
#12118=CARTESIAN_POINT('',(-3.825,-0.55,1.9));
#12119=CARTESIAN_POINT('',(4.40105,-0.549999999999998,1.9));
#12120=VECTOR('',#14940,1000.0);
#12121=CARTESIAN_POINT('',(-3.825,-0.53,1.9));
#12122=VECTOR('',#14941,1000.0);
#12123=CARTESIAN_POINT('',(-4.4,-0.95,1.9));
#12124=CARTESIAN_POINT('',(-4.4,-0.53,1.9));
#12125=VECTOR('',#14942,1000.0);
#12126=CARTESIAN_POINT('',(-4.3,-0.95,1.9));
#12127=CARTESIAN_POINT('',(4.40105,-0.95000000000001,1.9));
#12128=VECTOR('',#14943,1000.0);
#12129=CARTESIAN_POINT('',(-4.3,-0.53,1.9));
#12130=VECTOR('',#14944,1000.0);
#12131=COLOUR_RGB('',0.0,0.0,1.0);
#12132=CARTESIAN_POINT('',(-4.3,0.25,2.9));
#12133=CARTESIAN_POINT('',(-4.3,0.65,2.9));
#12134=CARTESIAN_POINT('',(-4.3,-3.0,2.9));
#12135=VECTOR('',#14945,1000.0);
#12136=CARTESIAN_POINT('',(-4.39999999999996,0.650000000000001,2.9));
#12137=VECTOR('',#14946,1000.0);
#12138=CARTESIAN_POINT('',(-3.825,0.25,2.9));
#12139=CARTESIAN_POINT('',(-3.825,-3.0,2.9));
#12140=VECTOR('',#14947,1000.0);
#12141=CARTESIAN_POINT('',(-4.4,0.25,2.9));
#12142=VECTOR('',#14948,1000.0);
#12143=COLOUR_RGB('',0.0,0.0,1.0);
#12144=CARTESIAN_POINT('',(4.3,0.249999999999999,2.9));
#12145=CARTESIAN_POINT('',(3.825,0.25,2.9));
#12146=CARTESIAN_POINT('',(-4.4,0.25,2.9));
#12147=VECTOR('',#14949,1000.0);
#12148=CARTESIAN_POINT('',(3.825,0.22,2.9));
#12149=CARTESIAN_POINT('',(3.825,-3.0,2.9));
#12150=VECTOR('',#14950,1000.0);
#12151=CARTESIAN_POINT('',(4.05,0.220000000000001,2.9));
#12152=CARTESIAN_POINT('',(5.301387818866,0.22,2.9));
#12153=VECTOR('',#14951,1000.0);
#12154=CARTESIAN_POINT('',(4.4,0.22,2.9));
#12155=CARTESIAN_POINT('',(5.301387818866,0.22,2.9));
#12156=VECTOR('',#14952,1000.0);
#12157=CARTESIAN_POINT('',(4.4,0.65,2.9));
#12158=CARTESIAN_POINT('',(4.4,1.5,2.9));
#12159=VECTOR('',#14953,1000.0);
#12160=CARTESIAN_POINT('',(4.3,0.65,2.9));
#12161=CARTESIAN_POINT('',(-4.4,0.65,2.9));
#12162=VECTOR('',#14954,1000.0);
#12163=CARTESIAN_POINT('',(4.3,-3.0,2.9));
#12164=VECTOR('',#14955,1000.0);
#12165=COLOUR_RGB('',0.0,0.0,1.0);
#12166=CARTESIAN_POINT('',(4.3,-0.55,1.9));
#12167=CARTESIAN_POINT('',(4.3,-0.950000000000001,1.9));
#12168=CARTESIAN_POINT('',(4.3,-0.53,1.9));
#12169=VECTOR('',#14956,1000.0);
#12170=CARTESIAN_POINT('',(4.4,-0.95,1.9));
#12171=CARTESIAN_POINT('',(4.40105,-0.95,1.9));
#12172=VECTOR('',#14957,1000.0);
#12173=CARTESIAN_POINT('',(4.4,-0.53,1.9));
#12174=CARTESIAN_POINT('',(4.4,-0.53,1.9));
#12175=VECTOR('',#14958,1000.0);
#12176=CARTESIAN_POINT('',(4.05,-0.53,1.9));
#12177=CARTESIAN_POINT('',(4.40105,-0.53,1.9));
#12178=VECTOR('',#14959,1000.0);
#12179=CARTESIAN_POINT('',(3.85,-0.33,1.9));
#12180=CARTESIAN_POINT('',(4.05,-0.53,1.9));
#12181=VECTOR('',#14960,1000.0);
#12182=CARTESIAN_POINT('',(3.85,0.020000000000001,1.9));
#12183=CARTESIAN_POINT('',(3.85,0.020000000000001,1.9));
#12184=VECTOR('',#14961,1000.0);
#12185=CARTESIAN_POINT('',(4.05,0.220000000000001,1.9));
#12186=CARTESIAN_POINT('',(3.85,0.020000000000001,1.9));
#12187=VECTOR('',#14962,1000.0);
#12188=CARTESIAN_POINT('',(3.825,0.220000000000001,1.9));
#12189=CARTESIAN_POINT('',(-4.05,0.22,1.9));
#12190=VECTOR('',#14963,1000.0);
#12191=CARTESIAN_POINT('',(3.825,-0.55,1.9));
#12192=CARTESIAN_POINT('',(3.825,-0.53,1.9));
#12193=VECTOR('',#14964,1000.0);
#12194=CARTESIAN_POINT('',(4.40105,-0.55,1.9));
#12195=VECTOR('',#14965,1000.0);
#12196=COLOUR_RGB('',0.0,0.0,1.0);
#12197=CARTESIAN_POINT('',(4.05,-0.53,3.2));
#12198=CARTESIAN_POINT('',(4.05,-0.53,3.401));
#12199=VECTOR('',#14966,1000.0);
#12200=CARTESIAN_POINT('',(4.4,-0.53,2.4));
#12201=CARTESIAN_POINT('',(4.4,-0.53,3.2));
#12202=VECTOR('',#14967,1000.0);
#12203=CARTESIAN_POINT('',(4.4,-0.53,3.2));
#12204=CARTESIAN_POINT('',(4.4,-0.53,3.2));
#12205=VECTOR('',#14968,1000.0);
#12206=CARTESIAN_POINT('',(5.301387818866,-0.53,3.2));
#12207=VECTOR('',#14969,1000.0);
#12208=COLOUR_RGB('',0.0,0.0,1.0);
#12209=CARTESIAN_POINT('',(4.4,0.65,2.4));
#12210=CARTESIAN_POINT('',(4.4,1.5,2.4));
#12211=VECTOR('',#14970,1000.0);
#12212=CARTESIAN_POINT('',(4.4,0.65,0.7));
#12213=VECTOR('',#14971,1000.0);
#12214=CARTESIAN_POINT('',(4.4,0.22,3.2));
#12215=CARTESIAN_POINT('',(4.4,0.22,2.9));
#12216=VECTOR('',#14972,1000.0);
#12217=CARTESIAN_POINT('',(4.4,0.02,3.4));
#12218=CARTESIAN_POINT('',(4.4,0.22,3.2));
#12219=VECTOR('',#14973,1000.0);
#12220=CARTESIAN_POINT('',(4.4,-0.33,3.4));
#12221=CARTESIAN_POINT('',(4.4,0.02,3.4));
#12222=VECTOR('',#14974,1000.0);
#12223=CARTESIAN_POINT('',(4.4,-0.33,3.4));
#12224=VECTOR('',#14975,1000.0);
#12225=COLOUR_RGB('',0.0,0.0,1.0);
#12226=CARTESIAN_POINT('',(3.825,0.220000000000001,3.401));
#12227=VECTOR('',#14976,1000.0);
#12228=CARTESIAN_POINT('',(4.05,0.220000000000001,3.401));
#12229=VECTOR('',#14977,1000.0);
#12230=COLOUR_RGB('',0.0,0.0,1.0);
#12231=CARTESIAN_POINT('',(4.05,0.220000000000001,3.2));
#12232=CARTESIAN_POINT('',(4.05,0.220000000000001,3.401));
#12233=VECTOR('',#14978,1000.0);
#12234=CARTESIAN_POINT('',(5.301387818866,0.22,3.2));
#12235=VECTOR('',#14979,1000.0);
#12236=COLOUR_RGB('',0.0,0.0,1.0);
#12237=CARTESIAN_POINT('',(3.85,0.0199999999999999,3.4));
#12238=CARTESIAN_POINT('',(3.84966666666667,0.0196666666666673,3.40033333333333));
#12239=VECTOR('',#14980,1000.0);
#12240=CARTESIAN_POINT('',(5.301387818866,0.02,3.4));
#12241=VECTOR('',#14981,1000.0);
#12242=COLOUR_RGB('',0.0,0.0,1.0);
#12243=CARTESIAN_POINT('',(3.85,-0.33,3.4));
#12244=CARTESIAN_POINT('',(3.85,0.020000000000001,3.4));
#12245=VECTOR('',#14982,1000.0);
#12246=CARTESIAN_POINT('',(5.301387818866,-0.33,3.4));
#12247=VECTOR('',#14983,1000.0);
#12248=COLOUR_RGB('',0.0,0.0,1.0);
#12249=CARTESIAN_POINT('',(3.983,-0.463,3.267));
#12250=VECTOR('',#14984,1000.0);
#12251=COLOUR_RGB('',0.0,0.0,1.0);
#12252=CARTESIAN_POINT('',(3.85,-0.33,3.401));
#12253=VECTOR('',#14985,1000.0);
#12254=COLOUR_RGB('',0.0,0.0,1.0);
#12255=CARTESIAN_POINT('',(3.85,0.020000000000001,3.401));
#12256=VECTOR('',#14986,1000.0);
#12257=COLOUR_RGB('',0.0,0.0,1.0);
#12258=COLOUR_RGB('',0.0,0.0,1.0);
#12259=AXIS2_PLACEMENT_3D('',#14987,#14988,#14989);
#12260=AXIS2_PLACEMENT_3D('',#14990,#14991,#14992);
#12261=COLOUR_RGB('',0.0,0.0,1.0);
#12262=COLOUR_RGB('',0.0,0.0,1.0);
#12263=AXIS2_PLACEMENT_3D('',#14993,#14994,#14995);
#12264=AXIS2_PLACEMENT_3D('',#14996,#14997,#14998);
#12265=COLOUR_RGB('',0.0,0.0,1.0);
#12266=COLOUR_RGB('',0.0,0.0,1.0);
#12267=CARTESIAN_POINT('',(-3.52,-4.8,2.75));
#12268=CARTESIAN_POINT('',(-3.9,-4.5,2.75));
#12269=CARTESIAN_POINT('',(-4.93754266211604,-3.68088737201365,2.75));
#12270=VECTOR('',#14999,1000.0);
#12271=CARTESIAN_POINT('',(-4.4,-4.5,2.75));
#12272=CARTESIAN_POINT('',(-4.4,-4.5,2.75));
#12273=VECTOR('',#15000,1000.0);
#12274=CARTESIAN_POINT('',(-4.4,-4.8,2.75));
#12275=CARTESIAN_POINT('',(-4.4,-4.8,2.75));
#12276=VECTOR('',#15001,1000.0);
#12277=CARTESIAN_POINT('',(-4.4,-4.8,2.75));
#12278=VECTOR('',#15002,1000.0);
#12279=COLOUR_RGB('',0.0,0.0,1.0);
#12280=CARTESIAN_POINT('',(-3.52,-4.8,2.9));
#12281=CARTESIAN_POINT('',(-3.52,-4.8,-10.3172889856932));
#12282=VECTOR('',#15003,1000.0);
#12283=CARTESIAN_POINT('',(-4.4,-4.8,1.1));
#12284=CARTESIAN_POINT('',(-4.4,-4.8,11.8822046291542));
#12285=VECTOR('',#15004,1000.0);
#12286=CARTESIAN_POINT('',(-3.9,-4.8,1.1));
#12287=CARTESIAN_POINT('',(-3.9,-4.8,1.1));
#12288=VECTOR('',#15005,1000.0);
#12289=CARTESIAN_POINT('',(-3.9,-4.8,0.0));
#12290=CARTESIAN_POINT('',(-3.9,-4.8,0.7));
#12291=VECTOR('',#15006,1000.0);
#12292=CARTESIAN_POINT('',(3.9,-4.8,0.0));
#12293=CARTESIAN_POINT('',(-3.9,-4.8,0.0));
#12294=VECTOR('',#15007,1000.0);
#12295=CARTESIAN_POINT('',(3.9,-4.8,1.1));
#12296=CARTESIAN_POINT('',(3.9,-4.8,0.7));
#12297=VECTOR('',#15008,1000.0);
#12298=CARTESIAN_POINT('',(4.42999999999999,-4.8,1.1));
#12299=CARTESIAN_POINT('',(4.4,-4.8,1.1));
#12300=VECTOR('',#15009,1000.0);
#12301=CARTESIAN_POINT('',(4.42999999999999,-4.8,2.4));
#12302=CARTESIAN_POINT('',(4.43,-4.8,2.4));
#12303=VECTOR('',#15010,1000.0);
#12304=CARTESIAN_POINT('',(4.4,-4.8,2.4));
#12305=CARTESIAN_POINT('',(4.4,-4.8,2.4));
#12306=VECTOR('',#15011,1000.0);
#12307=CARTESIAN_POINT('',(4.4,-4.8,2.75));
#12308=CARTESIAN_POINT('',(4.4,-4.8,11.8822046291542));
#12309=VECTOR('',#15012,1000.0);
#12310=CARTESIAN_POINT('',(3.52,-4.8,2.75));
#12311=CARTESIAN_POINT('',(-4.4,-4.8,2.75));
#12312=VECTOR('',#15013,1000.0);
#12313=CARTESIAN_POINT('',(3.52,-4.8,2.9));
#12314=CARTESIAN_POINT('',(3.52,-4.8,-10.3172889856932));
#12315=VECTOR('',#15014,1000.0);
#12316=CARTESIAN_POINT('',(-3.52,-4.8,2.9));
#12317=VECTOR('',#15015,1000.0);
#12318=CARTESIAN_POINT('',(-3.25,-4.8,0.5));
#12319=CARTESIAN_POINT('',(-3.25,-4.8,0.35));
#12320=CARTESIAN_POINT('',(-3.25,-4.8,0.7));
#12321=VECTOR('',#15016,1000.0);
#12322=CARTESIAN_POINT('',(-1.75,-4.8,0.5));
#12323=CARTESIAN_POINT('',(-3.9,-4.8,0.5));
#12324=VECTOR('',#15017,1000.0);
#12325=CARTESIAN_POINT('',(-1.75,-4.8,0.35));
#12326=CARTESIAN_POINT('',(-1.75,-4.8,0.7));
#12327=VECTOR('',#15018,1000.0);
#12328=CARTESIAN_POINT('',(-3.9,-4.8,0.35));
#12329=VECTOR('',#15019,1000.0);
#12330=CARTESIAN_POINT('',(-0.749999999999996,-4.8,0.5));
#12331=CARTESIAN_POINT('',(-0.749999999999996,-4.8,0.35));
#12332=CARTESIAN_POINT('',(-0.749999999999997,-4.8,0.7));
#12333=VECTOR('',#15020,1000.0);
#12334=CARTESIAN_POINT('',(0.75,-4.8,0.5));
#12335=CARTESIAN_POINT('',(-3.9,-4.8,0.5));
#12336=VECTOR('',#15021,1000.0);
#12337=CARTESIAN_POINT('',(0.75,-4.8,0.35));
#12338=CARTESIAN_POINT('',(0.75,-4.8,0.7));
#12339=VECTOR('',#15022,1000.0);
#12340=CARTESIAN_POINT('',(-3.9,-4.8,0.35));
#12341=VECTOR('',#15023,1000.0);
#12342=COLOUR_RGB('',0.0,0.0,1.0);
#12343=CARTESIAN_POINT('',(4.4,-4.5,2.75));
#12344=CARTESIAN_POINT('',(4.4,-4.8,2.75));
#12345=VECTOR('',#15024,1000.0);
#12346=CARTESIAN_POINT('',(3.9,-4.5,2.75));
#12347=CARTESIAN_POINT('',(-4.4,-4.50000000000001,2.75));
#12348=VECTOR('',#15025,1000.0);
#12349=CARTESIAN_POINT('',(-0.483617747440266,-7.96075085324232,2.75));
#12350=VECTOR('',#15026,1000.0);
#12351=COLOUR_RGB('',0.0,0.0,1.0);
#12352=CARTESIAN_POINT('',(-4.38,1.45,-4.33680868994202E-16));
#12353=CARTESIAN_POINT('',(-7.87986722862693,1.45,-1.17093834628434E-14));
#12354=VECTOR('',#15027,1000.0);
#12355=CARTESIAN_POINT('',(-4.4,1.45,0.0));
#12356=CARTESIAN_POINT('',(0.0,1.45,0.0));
#12357=VECTOR('',#15028,1000.0);
#12358=CARTESIAN_POINT('',(-4.4,1.5,0.0));
#12359=CARTESIAN_POINT('',(-4.4,1.5,0.0));
#12360=VECTOR('',#15029,1000.0);
#12361=CARTESIAN_POINT('',(-4.0,1.5,0.0));
#12362=CARTESIAN_POINT('',(-4.0,1.5,0.0));
#12363=VECTOR('',#15030,1000.0);
#12364=CARTESIAN_POINT('',(-2.16,2.88,0.0));
#12365=CARTESIAN_POINT('',(-2.16,2.88,0.0));
#12366=VECTOR('',#15031,1000.0);
#12367=CARTESIAN_POINT('',(2.16,2.88,0.0));
#12368=AXIS2_PLACEMENT_3D('',#15032,#15033,#15034);
#12369=CARTESIAN_POINT('',(4.0,1.5,0.0));
#12370=CARTESIAN_POINT('',(2.16,2.88,0.0));
#12371=VECTOR('',#15035,1000.0);
#12372=CARTESIAN_POINT('',(4.4,1.5,0.0));
#12373=CARTESIAN_POINT('',(4.0,1.5,0.0));
#12374=VECTOR('',#15036,1000.0);
#12375=CARTESIAN_POINT('',(4.4,1.45,0.0));
#12376=CARTESIAN_POINT('',(4.4,1.5,0.0));
#12377=VECTOR('',#15037,1000.0);
#12378=CARTESIAN_POINT('',(4.38994987437107,1.45,1.35525271560688E-16));
#12379=CARTESIAN_POINT('',(0.0,1.45,0.0));
#12380=VECTOR('',#15038,1000.0);
#12381=CARTESIAN_POINT('',(4.38994987437107,0.350000000000002,2.23616698075135E-16));
#12382=CARTESIAN_POINT('',(4.38994987437107,2.09214612716815,0.0));
#12383=VECTOR('',#15039,1000.0);
#12384=CARTESIAN_POINT('',(4.4,0.349999999999999,0.0));
#12385=CARTESIAN_POINT('',(8.62816615085479E-33,0.349999999999999,0.0));
#12386=VECTOR('',#15040,1000.0);
#12387=CARTESIAN_POINT('',(4.4,0.199999999999998,0.0));
#12388=CARTESIAN_POINT('',(4.4,1.5,0.0));
#12389=VECTOR('',#15041,1000.0);
#12390=CARTESIAN_POINT('',(3.25,0.199999999999999,0.0));
#12391=CARTESIAN_POINT('',(7.88510670898549E-17,0.2,0.0));
#12392=VECTOR('',#15042,1000.0);
#12393=CARTESIAN_POINT('',(2.85,-0.200000000000002,-1.73472347597681E-15));
#12394=CARTESIAN_POINT('',(1.525,-1.525,0.0));
#12395=VECTOR('',#15043,1000.0);
#12396=CARTESIAN_POINT('',(2.85,-1.4,-1.73472347597681E-15));
#12397=CARTESIAN_POINT('',(2.85,0.0,0.0));
#12398=VECTOR('',#15044,1000.0);
#12399=CARTESIAN_POINT('',(3.25,-1.8,-1.73472347597681E-15));
#12400=CARTESIAN_POINT('',(0.725000000000004,0.725000000000002,0.0));
#12401=VECTOR('',#15045,1000.0);
#12402=CARTESIAN_POINT('',(4.4,-1.8,0.0));
#12403=CARTESIAN_POINT('',(2.36553201269564E-16,-1.8,0.0));
#12404=VECTOR('',#15046,1000.0);
#12405=CARTESIAN_POINT('',(4.4,-1.95,0.0));
#12406=CARTESIAN_POINT('',(4.4,1.5,0.0));
#12407=VECTOR('',#15047,1000.0);
#12408=CARTESIAN_POINT('',(4.38994987437106,-1.95,3.11708124589582E-16));
#12409=CARTESIAN_POINT('',(-4.80712114119054E-32,-1.95,0.0));
#12410=VECTOR('',#15048,1000.0);
#12411=CARTESIAN_POINT('',(4.38994987437106,-3.05,6.36968776335234E-16));
#12412=CARTESIAN_POINT('',(4.38994987437106,-1.30785387283185,0.0));
#12413=VECTOR('',#15049,1000.0);
#12414=CARTESIAN_POINT('',(4.4,-3.05,0.0));
#12415=CARTESIAN_POINT('',(-7.51883050288777E-32,-3.05,0.0));
#12416=VECTOR('',#15050,1000.0);
#12417=CARTESIAN_POINT('',(4.4,-5.0,0.0));
#12418=CARTESIAN_POINT('',(4.4,1.5,0.0));
#12419=VECTOR('',#15051,1000.0);
#12420=CARTESIAN_POINT('',(3.9,-5.0,0.0));
#12421=CARTESIAN_POINT('',(4.4,-5.0,0.0));
#12422=VECTOR('',#15052,1000.0);
#12423=CARTESIAN_POINT('',(3.9,-5.0,0.0));
#12424=VECTOR('',#15053,1000.0);
#12425=CARTESIAN_POINT('',(-3.9,-5.0,0.0));
#12426=CARTESIAN_POINT('',(-3.9,-5.0,0.0));
#12427=VECTOR('',#15054,1000.0);
#12428=CARTESIAN_POINT('',(-4.4,-5.0,0.0));
#12429=CARTESIAN_POINT('',(-4.4,-5.0,0.0));
#12430=VECTOR('',#15055,1000.0);
#12431=CARTESIAN_POINT('',(-4.4,-3.05,0.0));
#12432=CARTESIAN_POINT('',(-4.4,1.5,0.0));
#12433=VECTOR('',#15056,1000.0);
#12434=CARTESIAN_POINT('',(-4.38,-3.05,0.0));
#12435=CARTESIAN_POINT('',(4.44614000145316E-16,-3.05,0.0));
#12436=VECTOR('',#15057,1000.0);
#12437=CARTESIAN_POINT('',(-2.80986722862693,-3.05,5.20417042793042E-15));
#12438=CARTESIAN_POINT('',(-2.80986722862693,-3.05,5.20417042793042E-15));
#12439=VECTOR('',#15058,1000.0);
#12440=AXIS2_PLACEMENT_3D('',#15059,#15060,#15061);
#12441=CARTESIAN_POINT('',(-4.38,-1.95,-4.33680868994202E-16));
#12442=CARTESIAN_POINT('',(-5.70986722862693,-1.95,-4.77048955893622E-15));
#12443=VECTOR('',#15062,1000.0);
#12444=CARTESIAN_POINT('',(-4.4,-1.95,0.0));
#12445=CARTESIAN_POINT('',(2.84261409928973E-16,-1.95,0.0));
#12446=VECTOR('',#15063,1000.0);
#12447=CARTESIAN_POINT('',(-4.4,-1.8,0.0));
#12448=CARTESIAN_POINT('',(-4.4,1.5,0.0));
#12449=VECTOR('',#15064,1000.0);
#12450=CARTESIAN_POINT('',(-3.25,-1.8,-1.73472347597681E-15));
#12451=CARTESIAN_POINT('',(-7.09659603808693E-16,-1.8,0.0));
#12452=VECTOR('',#15065,1000.0);
#12453=CARTESIAN_POINT('',(-2.85,-1.4,-1.73472347597681E-15));
#12454=CARTESIAN_POINT('',(-0.725000000000004,0.725000000000003,0.0));
#12455=VECTOR('',#15066,1000.0);
#12456=CARTESIAN_POINT('',(-2.85,-0.200000000000001,-1.73472347597681E-15));
#12457=CARTESIAN_POINT('',(-2.85,0.0,0.0));
#12458=VECTOR('',#15067,1000.0);
#12459=CARTESIAN_POINT('',(-3.25,0.2,-1.73472347597681E-15));
#12460=CARTESIAN_POINT('',(-1.52500000000001,-1.525,0.0));
#12461=VECTOR('',#15068,1000.0);
#12462=CARTESIAN_POINT('',(-4.4,0.199999999999998,0.0));
#12463=CARTESIAN_POINT('',(-3.31831574003147E-16,0.200000000000005,0.0));
#12464=VECTOR('',#15069,1000.0);
#12465=CARTESIAN_POINT('',(-4.4,0.349999999999998,0.0));
#12466=CARTESIAN_POINT('',(-4.4,1.5,0.0));
#12467=VECTOR('',#15070,1000.0);
#12468=CARTESIAN_POINT('',(-4.38,0.349999999999999,-4.33680868994202E-16));
#12469=CARTESIAN_POINT('',(-5.10212787052E-17,0.349999999999998,0.0));
#12470=VECTOR('',#15071,1000.0);
#12471=CARTESIAN_POINT('',(-2.80986722862693,0.349999999999999,4.77048955893622E-15));
#12472=CARTESIAN_POINT('',(-2.80986722862693,0.349999999999999,4.77048955893622E-15));
#12473=VECTOR('',#15072,1000.0);
#12474=AXIS2_PLACEMENT_3D('',#15073,#15074,#15075);
#12475=AXIS2_PLACEMENT_3D('',#15076,#15077,#15078);
#12476=COLOUR_RGB('',0.0,0.0,1.0);
#12477=CARTESIAN_POINT('',(3.21753010863923,1.5,0.7));
#12478=CARTESIAN_POINT('',(-3.21753010863923,1.5,0.7));
#12479=AXIS2_PLACEMENT_3D('',#15079,#15080,#15081);
#12480=CARTESIAN_POINT('',(4.0,1.5,0.7));
#12481=CARTESIAN_POINT('',(-4.4,1.5,0.7));
#12482=VECTOR('',#15082,1000.0);
#12483=CARTESIAN_POINT('',(2.16,2.88,0.7));
#12484=CARTESIAN_POINT('',(2.16,2.88,0.7));
#12485=VECTOR('',#15083,1000.0);
#12486=CARTESIAN_POINT('',(-2.16,2.88,0.7));
#12487=AXIS2_PLACEMENT_3D('',#15084,#15085,#15086);
#12488=CARTESIAN_POINT('',(-4.0,1.5,0.7));
#12489=CARTESIAN_POINT('',(-2.16,2.88,0.7));
#12490=VECTOR('',#15087,1000.0);
#12491=CARTESIAN_POINT('',(-4.4,1.5,0.7));
#12492=VECTOR('',#15088,1000.0);
#12493=COLOUR_RGB('',0.0,0.0,1.0);
#12494=CARTESIAN_POINT('',(4.4,1.5,2.9));
#12495=CARTESIAN_POINT('',(3.21753010863923,1.5,2.9));
#12496=CARTESIAN_POINT('',(-4.4,1.5,2.9));
#12497=VECTOR('',#15089,1000.0);
#12498=CARTESIAN_POINT('',(-3.21753010863923,1.5,2.9));
#12499=AXIS2_PLACEMENT_3D('',#15090,#15091,#15092);
#12500=CARTESIAN_POINT('',(-4.4,1.5,2.9));
#12501=CARTESIAN_POINT('',(-4.4,1.5,2.9));
#12502=VECTOR('',#15093,1000.0);
#12503=CARTESIAN_POINT('',(-4.4,1.45,2.9));
#12504=CARTESIAN_POINT('',(-4.4,1.5,2.9));
#12505=VECTOR('',#15094,1000.0);
#12506=CARTESIAN_POINT('',(-3.1855140872393,1.45,2.9));
#12507=CARTESIAN_POINT('',(-4.4,1.45,2.9));
#12508=VECTOR('',#15095,1000.0);
#12509=CARTESIAN_POINT('',(-1.62480768092719,3.1,2.9));
#12510=AXIS2_PLACEMENT_3D('',#15096,#15097,#15098);
#12511=CARTESIAN_POINT('',(-1.11620472055676,3.1,2.9));
#12512=CARTESIAN_POINT('',(-1.62480768092719,3.1,2.9));
#12513=VECTOR('',#15099,1000.0);
#12514=CARTESIAN_POINT('',(-0.999999999999998,3.35410196624968,2.9));
#12515=AXIS2_PLACEMENT_3D('',#15100,#15101,#15102);
#12516=AXIS2_PLACEMENT_3D('',#15103,#15104,#15105);
#12517=CARTESIAN_POINT('',(1.11620472055676,3.1,2.9));
#12518=AXIS2_PLACEMENT_3D('',#15106,#15107,#15108);
#12519=CARTESIAN_POINT('',(1.62480768092719,3.1,2.9));
#12520=CARTESIAN_POINT('',(1.62480768092719,3.1,2.9));
#12521=VECTOR('',#15109,1000.0);
#12522=CARTESIAN_POINT('',(3.1855140872393,1.45,2.9));
#12523=AXIS2_PLACEMENT_3D('',#15110,#15111,#15112);
#12524=CARTESIAN_POINT('',(4.4,1.45,2.9));
#12525=CARTESIAN_POINT('',(-4.4,1.45,2.9));
#12526=VECTOR('',#15113,1000.0);
#12527=CARTESIAN_POINT('',(4.4,1.5,2.9));
#12528=VECTOR('',#15114,1000.0);
#12529=COLOUR_RGB('',0.0,0.0,1.0);
#12530=CARTESIAN_POINT('',(4.4,1.45,3.06));
#12531=VECTOR('',#15115,1000.0);
#12532=CARTESIAN_POINT('',(4.4,1.5,0.7));
#12533=VECTOR('',#15116,1000.0);
#12534=COLOUR_RGB('',0.0,0.0,1.0);
#12535=CARTESIAN_POINT('',(-4.4,1.45,-0.136));
#12536=VECTOR('',#15117,1000.0);
#12537=CARTESIAN_POINT('',(-4.4,1.5,0.7));
#12538=VECTOR('',#15118,1000.0);
#12539=COLOUR_RGB('',0.0,0.0,1.0);
#12540=CARTESIAN_POINT('',(4.4,-1.95,0.5));
#12541=CARTESIAN_POINT('',(4.4,-1.95,0.700000000000001));
#12542=VECTOR('',#15119,1000.0);
#12543=CARTESIAN_POINT('',(4.4,-1.8,0.5));
#12544=CARTESIAN_POINT('',(4.4,-1.8,0.7));
#12545=VECTOR('',#15120,1000.0);
#12546=CARTESIAN_POINT('',(4.4,1.5,0.5));
#12547=VECTOR('',#15121,1000.0);
#12548=COLOUR_RGB('',0.0,0.0,1.0);
#12549=CARTESIAN_POINT('',(4.4,-0.95,1.0));
#12550=CARTESIAN_POINT('',(4.4,-0.95,1.05));
#12551=CARTESIAN_POINT('',(4.4,-0.95,0.7));
#12552=VECTOR('',#15122,1000.0);
#12553=CARTESIAN_POINT('',(4.4,-0.300000000000003,1.0));
#12554=CARTESIAN_POINT('',(4.4,1.5,1.0));
#12555=VECTOR('',#15123,1000.0);
#12556=CARTESIAN_POINT('',(4.4,0.199999999999998,0.500000000000001));
#12557=CARTESIAN_POINT('',(4.4,0.750000000000003,-0.0500000000000008));
#12558=VECTOR('',#15124,1000.0);
#12559=CARTESIAN_POINT('',(4.4,0.199999999999998,0.7));
#12560=VECTOR('',#15125,1000.0);
#12561=CARTESIAN_POINT('',(4.4,0.349999999999999,1.05));
#12562=CARTESIAN_POINT('',(4.4,0.349999999999999,0.7));
#12563=VECTOR('',#15126,1000.0);
#12564=CARTESIAN_POINT('',(4.4,0.349999999999999,1.05));
#12565=VECTOR('',#15127,1000.0);
#12566=COLOUR_RGB('',0.0,0.0,1.0);
#12567=CARTESIAN_POINT('',(4.429,-0.95,0.999999999999997));
#12568=CARTESIAN_POINT('',(-4.40000000000002,-0.950000000000066,1.0));
#12569=VECTOR('',#15128,1000.0);
#12570=CARTESIAN_POINT('',(4.429,-1.3,1.0));
#12571=CARTESIAN_POINT('',(4.429,-3.0,1.0));
#12572=VECTOR('',#15129,1000.0);
#12573=CARTESIAN_POINT('',(4.9,-1.3,1.0));
#12574=CARTESIAN_POINT('',(4.9,-1.3,1.0));
#12575=VECTOR('',#15130,1000.0);
#12576=CARTESIAN_POINT('',(4.9,-0.300000000000004,1.0));
#12577=CARTESIAN_POINT('',(4.9,0.199999999999998,1.0));
#12578=VECTOR('',#15131,1000.0);
#12579=CARTESIAN_POINT('',(4.4,-0.300000000000003,1.0));
#12580=VECTOR('',#15132,1000.0);
#12581=COLOUR_RGB('',0.0,0.0,1.0);
#12582=CARTESIAN_POINT('',(4.429,-1.8,0.5));
#12583=CARTESIAN_POINT('',(4.429,-1.8,0.500000000000001));
#12584=VECTOR('',#15133,1000.0);
#12585=CARTESIAN_POINT('',(4.9,-1.8,0.500000000000001));
#12586=CARTESIAN_POINT('',(4.4,-1.8,0.500000000000001));
#12587=VECTOR('',#15134,1000.0);
#12588=CARTESIAN_POINT('',(4.9,-1.8,0.500000000000001));
#12589=VECTOR('',#15135,1000.0);
#12590=COLOUR_RGB('',0.0,0.0,1.0);
#12591=CARTESIAN_POINT('',(4.9,-1.8,-0.6));
#12592=CARTESIAN_POINT('',(4.9,-1.8,-6.96400069832394));
#12593=VECTOR('',#15136,1000.0);
#12594=CARTESIAN_POINT('',(4.9,-1.8,0.5));
#12595=VECTOR('',#15137,1000.0);
#12596=CARTESIAN_POINT('',(3.25,-1.8,-0.6));
#12597=CARTESIAN_POINT('',(3.25,-1.8,-6.96400069832394));
#12598=VECTOR('',#15138,1000.0);
#12599=CARTESIAN_POINT('',(4.9,-1.8,-0.6));
#12600=VECTOR('',#15139,1000.0);
#12601=COLOUR_RGB('',0.0,0.0,1.0);
#12602=CARTESIAN_POINT('',(-4.4,-3.05,0.399999999999998));
#12603=CARTESIAN_POINT('',(-4.4,-3.05,0.700000000000007));
#12604=VECTOR('',#15140,1000.0);
#12605=CARTESIAN_POINT('',(-4.4,-5.0,0.399999999999998));
#12606=CARTESIAN_POINT('',(-4.4,-5.0,0.7));
#12607=VECTOR('',#15141,1000.0);
#12608=CARTESIAN_POINT('',(-4.4,-5.0,0.399999999999998));
#12609=VECTOR('',#15142,1000.0);
#12610=COLOUR_RGB('',0.0,0.0,1.0);
#12611=CARTESIAN_POINT('',(-4.4,-4.5,2.4));
#12612=CARTESIAN_POINT('',(-4.4,-4.5,0.7));
#12613=VECTOR('',#15143,1000.0);
#12614=CARTESIAN_POINT('',(-4.4,-4.75,2.4));
#12615=CARTESIAN_POINT('',(-4.4,-4.5,2.4));
#12616=VECTOR('',#15144,1000.0);
#12617=CARTESIAN_POINT('',(-4.4,-4.75,1.1));
#12618=CARTESIAN_POINT('',(-4.4,-4.75,2.4));
#12619=VECTOR('',#15145,1000.0);
#12620=CARTESIAN_POINT('',(-4.4,-5.0,1.1));
#12621=VECTOR('',#15146,1000.0);
#12622=COLOUR_RGB('',0.0,0.0,1.0);
#12623=CARTESIAN_POINT('',(4.4,-3.05,0.399999999999999));
#12624=CARTESIAN_POINT('',(4.4,-3.05,0.7));
#12625=VECTOR('',#15147,1000.0);
#12626=CARTESIAN_POINT('',(4.4,-5.0,0.399999999999998));
#12627=CARTESIAN_POINT('',(4.4,-3.05,0.399999999999999));
#12628=VECTOR('',#15148,1000.0);
#12629=CARTESIAN_POINT('',(4.4,-5.0,0.7));
#12630=VECTOR('',#15149,1000.0);
#12631=COLOUR_RGB('',0.0,0.0,1.0);
#12632=CARTESIAN_POINT('',(-3.9,-5.0,1.1));
#12633=CARTESIAN_POINT('',(-3.9,-5.0,0.7));
#12634=VECTOR('',#15150,1000.0);
#12635=CARTESIAN_POINT('',(-4.43,-5.0,1.1));
#12636=CARTESIAN_POINT('',(-4.4,-5.0,1.1));
#12637=VECTOR('',#15151,1000.0);
#12638=CARTESIAN_POINT('',(-4.43,-5.0,0.4));
#12639=CARTESIAN_POINT('',(-4.43,-5.0,1.1));
#12640=VECTOR('',#15152,1000.0);
#12641=CARTESIAN_POINT('',(-4.4,-5.0,0.399999999999998));
#12642=VECTOR('',#15153,1000.0);
#12643=COLOUR_RGB('',0.0,0.0,1.0);
#12644=CARTESIAN_POINT('',(-4.43,-4.75,1.1));
#12645=CARTESIAN_POINT('',(-4.4,-4.75,1.1));
#12646=VECTOR('',#15154,1000.0);
#12647=CARTESIAN_POINT('',(-4.43,-5.0,1.1));
#12648=VECTOR('',#15155,1000.0);
#12649=CARTESIAN_POINT('',(-3.9,-5.0,1.1));
#12650=VECTOR('',#15156,1000.0);
#12651=COLOUR_RGB('',0.0,0.0,1.0);
#12652=CARTESIAN_POINT('',(4.42999999999999,-5.0,0.399999999999994));
#12653=CARTESIAN_POINT('',(4.4,-5.0,0.399999999999998));
#12654=VECTOR('',#15157,1000.0);
#12655=CARTESIAN_POINT('',(4.42999999999999,-5.0,1.1));
#12656=CARTESIAN_POINT('',(4.43,-5.0,1.1));
#12657=VECTOR('',#15158,1000.0);
#12658=CARTESIAN_POINT('',(3.9,-5.0,1.1));
#12659=CARTESIAN_POINT('',(3.9,-5.0,1.1));
#12660=VECTOR('',#15159,1000.0);
#12661=CARTESIAN_POINT('',(3.9,-5.0,0.7));
#12662=VECTOR('',#15160,1000.0);
#12663=COLOUR_RGB('',0.0,0.0,1.0);
#12664=CARTESIAN_POINT('',(3.9,-4.8,1.1));
#12665=VECTOR('',#15161,1000.0);
#12666=CARTESIAN_POINT('',(4.43,-4.8,1.1));
#12667=VECTOR('',#15162,1000.0);
#12668=COLOUR_RGB('',0.0,0.0,1.0);
#12669=CARTESIAN_POINT('',(4.4,-4.5,2.4));
#12670=CARTESIAN_POINT('',(4.4,-4.5,0.7));
#12671=VECTOR('',#15163,1000.0);
#12672=CARTESIAN_POINT('',(4.4,-4.8,2.4));
#12673=VECTOR('',#15164,1000.0);
#12674=COLOUR_RGB('',0.0,0.0,1.0);
#12675=CARTESIAN_POINT('',(-4.4,0.349999999999999,1.05));
#12676=CARTESIAN_POINT('',(-4.4,0.349999999999999,0.700000000000002));
#12677=VECTOR('',#15165,1000.0);
#12678=CARTESIAN_POINT('',(-4.4,0.199999999999998,0.500000000000001));
#12679=CARTESIAN_POINT('',(-4.4,0.199999999999998,0.7));
#12680=VECTOR('',#15166,1000.0);
#12681=CARTESIAN_POINT('',(-4.4,-0.300000000000004,1.0));
#12682=CARTESIAN_POINT('',(-4.4,0.750000000000003,-0.0500000000000012));
#12683=VECTOR('',#15167,1000.0);
#12684=CARTESIAN_POINT('',(-4.4,-1.3,1.0));
#12685=CARTESIAN_POINT('',(-4.4,1.5,1.0));
#12686=VECTOR('',#15168,1000.0);
#12687=CARTESIAN_POINT('',(-4.4,-1.8,0.500000000000001));
#12688=CARTESIAN_POINT('',(-4.4,-0.0499999999999889,2.25));
#12689=VECTOR('',#15169,1000.0);
#12690=CARTESIAN_POINT('',(-4.4,-1.8,0.7));
#12691=VECTOR('',#15170,1000.0);
#12692=CARTESIAN_POINT('',(-4.4,-1.95,1.05));
#12693=CARTESIAN_POINT('',(-4.4,-1.95,0.700000000000004));
#12694=VECTOR('',#15171,1000.0);
#12695=CARTESIAN_POINT('',(-4.4,-1.95,1.05));
#12696=VECTOR('',#15172,1000.0);
#12697=COLOUR_RGB('',0.0,0.0,1.0);
#12698=CARTESIAN_POINT('',(-4.9,-0.0999999999999998,-0.6));
#12699=CARTESIAN_POINT('',(-4.9,-0.1,0.35));
#12700=VECTOR('',#15173,1000.0);
#12701=CARTESIAN_POINT('',(-3.25,-0.1,-0.599999999999999));
#12702=CARTESIAN_POINT('',(-4.9,-0.1,-0.6));
#12703=VECTOR('',#15174,1000.0);
#12704=CARTESIAN_POINT('',(-3.25,-0.1,-0.599999999999999));
#12705=VECTOR('',#15175,1000.0);
#12706=COLOUR_RGB('',0.0,0.0,1.0);
#12707=CARTESIAN_POINT('',(-3.25,-1.5,-0.599999999999999));
#12708=CARTESIAN_POINT('',(-3.25,-1.5,-0.599999999999999));
#12709=VECTOR('',#15176,1000.0);
#12710=CARTESIAN_POINT('',(-3.25,-1.5,-0.599999999999999));
#12711=VECTOR('',#15177,1000.0);
#12712=CARTESIAN_POINT('',(-4.1,-1.2,0.35));
#12713=VECTOR('',#15178,1000.0);
#12714=COLOUR_RGB('',0.0,0.0,1.0);
#12715=CARTESIAN_POINT('',(3.25,-0.0999999999999998,-0.6));
#12716=CARTESIAN_POINT('',(3.25,-0.1,-0.6));
#12717=VECTOR('',#15179,1000.0);
#12718=CARTESIAN_POINT('',(4.1,-1.2,0.35));
#12719=CARTESIAN_POINT('',(4.1,-1.2,0.35));
#12720=VECTOR('',#15180,1000.0);
#12721=CARTESIAN_POINT('',(4.1,-1.5,0.35));
#12722=CARTESIAN_POINT('',(4.1,-1.5,0.35));
#12723=VECTOR('',#15181,1000.0);
#12724=CARTESIAN_POINT('',(3.25,-1.5,-0.6));
#12725=CARTESIAN_POINT('',(3.25,-1.5,-0.6));
#12726=VECTOR('',#15182,1000.0);
#12727=CARTESIAN_POINT('',(3.25,-1.5,-0.6));
#12728=VECTOR('',#15183,1000.0);
#12729=COLOUR_RGB('',0.0,0.0,1.0);
#12730=CARTESIAN_POINT('',(4.9,-0.1,-0.6));
#12731=CARTESIAN_POINT('',(4.9,-0.1,-0.6));
#12732=VECTOR('',#15184,1000.0);
#12733=CARTESIAN_POINT('',(4.9,-0.1,0.35));
#12734=VECTOR('',#15185,1000.0);
#12735=COLOUR_RGB('',0.0,0.0,1.0);
#12736=CARTESIAN_POINT('',(-3.21753010863923,1.5,12.940916292849));
#12737=VECTOR('',#15186,1000.0);
#12738=CARTESIAN_POINT('',(-4.0,1.5,0.7));
#12739=VECTOR('',#15187,1000.0);
#12740=COLOUR_RGB('',0.0,0.0,1.0);
#12741=CARTESIAN_POINT('',(3.21753010863923,1.5,12.940916292849));
#12742=VECTOR('',#15188,1000.0);
#12743=CARTESIAN_POINT('',(4.0,1.5,0.7));
#12744=VECTOR('',#15189,1000.0);
#12745=COLOUR_RGB('',0.0,0.0,1.0);
#12746=COLOUR_RGB('',0.0,0.0,1.0);
#12747=COLOUR_RGB('',0.0,0.0,1.0);
#12748=CARTESIAN_POINT('',(4.9,0.199999999999998,0.5));
#12749=VECTOR('',#15190,1000.0);
#12750=CARTESIAN_POINT('',(4.9,-0.399999999999999,-6.96400069832394));
#12751=VECTOR('',#15191,1000.0);
#12752=CARTESIAN_POINT('',(4.9,0.199999999999998,-0.6));
#12753=CARTESIAN_POINT('',(4.9,0.199999999999998,-0.6));
#12754=VECTOR('',#15192,1000.0);
#12755=CARTESIAN_POINT('',(4.9,0.199999999999997,0.500000000000005));
#12756=CARTESIAN_POINT('',(4.9,0.199999999999998,-6.96400069832394));
#12757=VECTOR('',#15193,1000.0);
#12758=CARTESIAN_POINT('',(4.9,0.199999999999998,0.500000000000001));
#12759=VECTOR('',#15194,1000.0);
#12760=CARTESIAN_POINT('',(4.9,-1.5,-0.6));
#12761=CARTESIAN_POINT('',(4.9,0.199999999999998,-0.6));
#12762=VECTOR('',#15195,1000.0);
#12763=CARTESIAN_POINT('',(4.9,-1.5,0.35));
#12764=CARTESIAN_POINT('',(4.9,-1.5,0.35));
#12765=VECTOR('',#15196,1000.0);
#12766=CARTESIAN_POINT('',(4.9,-1.2,0.35));
#12767=CARTESIAN_POINT('',(4.9,-1.5,0.35));
#12768=VECTOR('',#15197,1000.0);
#12769=CARTESIAN_POINT('',(4.9,-1.2,-6.96400069832394));
#12770=VECTOR('',#15198,1000.0);
#12771=COLOUR_RGB('',0.0,0.0,1.0);
#12772=CARTESIAN_POINT('',(2.85,-1.4,-0.6));
#12773=CARTESIAN_POINT('',(2.85,-1.4,-6.96400069832394));
#12774=VECTOR('',#15199,1000.0);
#12775=CARTESIAN_POINT('',(3.25,-1.8,-0.6));
#12776=VECTOR('',#15200,1000.0);
#12777=COLOUR_RGB('',0.0,0.0,1.0);
#12778=CARTESIAN_POINT('',(4.9,-1.5,-0.6));
#12779=VECTOR('',#15201,1000.0);
#12780=CARTESIAN_POINT('',(2.85,-0.200000000000002,-0.600000000000002));
#12781=CARTESIAN_POINT('',(2.85,-1.4,-0.6));
#12782=VECTOR('',#15202,1000.0);
#12783=CARTESIAN_POINT('',(3.25,0.199999999999999,-0.6));
#12784=CARTESIAN_POINT('',(2.85,-0.200000000000002,-0.6));
#12785=VECTOR('',#15203,1000.0);
#12786=CARTESIAN_POINT('',(3.25,0.199999999999999,-0.6));
#12787=VECTOR('',#15204,1000.0);
#12788=COLOUR_RGB('',0.0,0.0,1.0);
#12789=CARTESIAN_POINT('',(4.9,0.199999999999998,0.500000000000001));
#12790=VECTOR('',#15205,1000.0);
#12791=COLOUR_RGB('',0.0,0.0,1.0);
#12792=CARTESIAN_POINT('',(3.25,0.199999999999999,-6.96400069832394));
#12793=VECTOR('',#15206,1000.0);
#12794=COLOUR_RGB('',0.0,0.0,1.0);
#12795=CARTESIAN_POINT('',(-4.9,0.199999999999997,-0.6));
#12796=CARTESIAN_POINT('',(-4.9,0.199999999999997,0.500000000000002));
#12797=CARTESIAN_POINT('',(-4.9,0.199999999999997,-6.96400069832394));
#12798=VECTOR('',#15207,1000.0);
#12799=CARTESIAN_POINT('',(-4.4,0.199999999999998,0.500000000000001));
#12800=VECTOR('',#15208,1000.0);
#12801=CARTESIAN_POINT('',(-3.25,0.2,-0.6));
#12802=CARTESIAN_POINT('',(-3.25,0.2,-6.96400069832394));
#12803=VECTOR('',#15209,1000.0);
#12804=CARTESIAN_POINT('',(-4.9,0.199999999999997,-0.6));
#12805=VECTOR('',#15210,1000.0);
#12806=COLOUR_RGB('',0.0,0.0,1.0);
#12807=CARTESIAN_POINT('',(-4.9,-0.300000000000005,1.0));
#12808=CARTESIAN_POINT('',(-4.9,0.199999999999997,0.500000000000001));
#12809=VECTOR('',#15211,1000.0);
#12810=CARTESIAN_POINT('',(-4.9,-0.300000000000005,1.0));
#12811=VECTOR('',#15212,1000.0);
#12812=COLOUR_RGB('',0.0,0.0,1.0);
#12813=CARTESIAN_POINT('',(-4.9,-1.29999999999999,1.0));
#12814=CARTESIAN_POINT('',(-4.9,-1.8,1.0));
#12815=VECTOR('',#15213,1000.0);
#12816=CARTESIAN_POINT('',(-4.4,-1.3,1.0));
#12817=VECTOR('',#15214,1000.0);
#12818=COLOUR_RGB('',0.0,0.0,1.0);
#12819=CARTESIAN_POINT('',(-4.9,-1.8,0.499999999999999));
#12820=CARTESIAN_POINT('',(-4.9,-1.8,0.500000000000001));
#12821=VECTOR('',#15215,1000.0);
#12822=CARTESIAN_POINT('',(-4.9,-1.8,0.500000000000001));
#12823=VECTOR('',#15216,1000.0);
#12824=COLOUR_RGB('',0.0,0.0,1.0);
#12825=CARTESIAN_POINT('',(-4.9,-1.8,-0.6));
#12826=CARTESIAN_POINT('',(-4.9,-1.8,-6.96400069832394));
#12827=VECTOR('',#15217,1000.0);
#12828=CARTESIAN_POINT('',(-3.25,-1.8,-0.6));
#12829=CARTESIAN_POINT('',(-3.25,-1.8,-0.6));
#12830=VECTOR('',#15218,1000.0);
#12831=CARTESIAN_POINT('',(-3.25,-1.8,-6.96400069832394));
#12832=VECTOR('',#15219,1000.0);
#12833=COLOUR_RGB('',0.0,0.0,1.0);
#12834=CARTESIAN_POINT('',(2.16,2.88,0.7));
#12835=VECTOR('',#15220,1000.0);
#12836=COLOUR_RGB('',0.0,0.0,1.0);
#12837=CARTESIAN_POINT('',(-2.16,2.88,0.7));
#12838=VECTOR('',#15221,1000.0);
#12839=COLOUR_RGB('',0.0,0.0,1.0);
#12840=COLOUR_RGB('',0.0,0.0,1.0);
#12841=CARTESIAN_POINT('',(2.85,-0.200000000000002,-6.96400069832394));
#12842=VECTOR('',#15222,1000.0);
#12843=COLOUR_RGB('',0.0,0.0,1.0);
#12844=COLOUR_RGB('',0.0,0.0,1.0);
#12845=CARTESIAN_POINT('',(-2.85,-1.4,-0.6));
#12846=CARTESIAN_POINT('',(-2.85,-1.4,-0.6));
#12847=VECTOR('',#15223,1000.0);
#12848=CARTESIAN_POINT('',(-2.85,-1.4,-6.96400069832394));
#12849=VECTOR('',#15224,1000.0);
#12850=COLOUR_RGB('',0.0,0.0,1.0);
#12851=CARTESIAN_POINT('',(-2.85,-0.200000000000001,-0.600000000000002));
#12852=CARTESIAN_POINT('',(-2.85,-0.200000000000001,-0.6));
#12853=VECTOR('',#15225,1000.0);
#12854=CARTESIAN_POINT('',(-2.85,-0.200000000000001,-6.96400069832394));
#12855=VECTOR('',#15226,1000.0);
#12856=COLOUR_RGB('',0.0,0.0,1.0);
#12857=CARTESIAN_POINT('',(-3.25,0.2,-0.6));
#12858=VECTOR('',#15227,1000.0);
#12859=COLOUR_RGB('',0.0,0.0,1.0);
#12860=CARTESIAN_POINT('',(-4.9,-1.2,-6.96400069832394));
#12861=VECTOR('',#15228,1000.0);
#12862=CARTESIAN_POINT('',(-4.9,-1.5,-0.6));
#12863=CARTESIAN_POINT('',(-4.9,-1.5,0.35));
#12864=VECTOR('',#15229,1000.0);
#12865=CARTESIAN_POINT('',(-4.9,-1.8,-0.6));
#12866=VECTOR('',#15230,1000.0);
#12867=CARTESIAN_POINT('',(-4.9,-1.8,-0.6));
#12868=VECTOR('',#15231,1000.0);
#12869=CARTESIAN_POINT('',(-4.9,-0.4,-6.96400069832394));
#12870=VECTOR('',#15232,1000.0);
#12871=COLOUR_RGB('',0.0,0.0,1.0);
#12872=CARTESIAN_POINT('',(-4.9,-1.5,-0.6));
#12873=VECTOR('',#15233,1000.0);
#12874=COLOUR_RGB('',0.0,0.0,1.0);
#12875=COLOUR_RGB('',0.0,0.0,1.0);
#12876=CARTESIAN_POINT('',(4.1,-1.5,0.35));
#12877=VECTOR('',#15234,1000.0);
#12878=COLOUR_RGB('',1.0,0.501960813999176,0.0);
#12879=AXIS2_PLACEMENT_3D('',#15235,#15236,#15237);
#12880=AXIS2_PLACEMENT_3D('',#15238,#15239,#15240);
#12881=COLOUR_RGB('',1.0,0.501960813999176,0.0);
#12882=AXIS2_PLACEMENT_3D('',#15241,#15242,#15243);
#12883=COLOUR_RGB('',1.0,0.501960813999176,0.0);
#12884=CARTESIAN_POINT('',(4.429,-0.95,3.22));
#12885=CARTESIAN_POINT('',(4.429,-5.0,3.22));
#12886=CARTESIAN_POINT('',(4.429,-0.95,3.22));
#12887=VECTOR('',#15244,1000.0);
#12888=CARTESIAN_POINT('',(4.3,-0.950000000000001,3.22));
#12889=CARTESIAN_POINT('',(4.3,-0.950000000000001,3.22));
#12890=VECTOR('',#15245,1000.0);
#12891=CARTESIAN_POINT('',(4.3,-0.550000000000001,3.22));
#12892=CARTESIAN_POINT('',(4.3,-0.550000000000001,3.22));
#12893=VECTOR('',#15246,1000.0);
#12894=CARTESIAN_POINT('',(3.825,-0.55,3.22));
#12895=CARTESIAN_POINT('',(3.825,-0.55,3.22));
#12896=VECTOR('',#15247,1000.0);
#12897=CARTESIAN_POINT('',(3.825,0.249999999999999,3.22));
#12898=CARTESIAN_POINT('',(3.825,0.249999999999999,3.22));
#12899=VECTOR('',#15248,1000.0);
#12900=CARTESIAN_POINT('',(4.3,0.249999999999999,3.22));
#12901=CARTESIAN_POINT('',(4.3,0.249999999999999,3.22));
#12902=VECTOR('',#15249,1000.0);
#12903=CARTESIAN_POINT('',(4.3,0.649999999999999,3.22));
#12904=CARTESIAN_POINT('',(4.3,0.649999999999999,3.22));
#12905=VECTOR('',#15250,1000.0);
#12906=CARTESIAN_POINT('',(4.429,0.649999999999999,3.22));
#12907=CARTESIAN_POINT('',(4.75,0.649999999999999,3.22));
#12908=VECTOR('',#15251,1000.0);
#12909=CARTESIAN_POINT('',(4.429,1.45,3.22));
#12910=CARTESIAN_POINT('',(4.429,1.45,3.22));
#12911=VECTOR('',#15252,1000.0);
#12912=CARTESIAN_POINT('',(3.1855140872393,1.45,3.22));
#12913=CARTESIAN_POINT('',(4.75,1.45,3.22));
#12914=VECTOR('',#15253,1000.0);
#12915=CARTESIAN_POINT('',(1.62480768092719,3.1,3.22));
#12916=AXIS2_PLACEMENT_3D('',#15254,#15255,#15256);
#12917=CARTESIAN_POINT('',(1.11620472055676,3.1,3.22));
#12918=CARTESIAN_POINT('',(1.62480768092719,3.1,3.22));
#12919=VECTOR('',#15257,1000.0);
#12920=AXIS2_PLACEMENT_3D('',#15258,#15259,#15260);
#12921=CARTESIAN_POINT('',(-0.999999999999998,3.35410196624968,3.22));
#12922=AXIS2_PLACEMENT_3D('',#15261,#15262,#15263);
#12923=CARTESIAN_POINT('',(-1.11620472055676,3.1,3.22));
#12924=AXIS2_PLACEMENT_3D('',#15264,#15265,#15266);
#12925=CARTESIAN_POINT('',(-1.62480768092719,3.1,3.22));
#12926=CARTESIAN_POINT('',(-1.62480768092719,3.1,3.22));
#12927=VECTOR('',#15267,1000.0);
#12928=CARTESIAN_POINT('',(-3.1855140872393,1.45,3.22));
#12929=AXIS2_PLACEMENT_3D('',#15268,#15269,#15270);
#12930=CARTESIAN_POINT('',(-4.429,1.45,3.22));
#12931=CARTESIAN_POINT('',(-4.75,1.45,3.22));
#12932=VECTOR('',#15271,1000.0);
#12933=CARTESIAN_POINT('',(-4.429,0.650000000000002,3.22));
#12934=CARTESIAN_POINT('',(-4.429,0.65,3.22));
#12935=VECTOR('',#15272,1000.0);
#12936=CARTESIAN_POINT('',(-4.3,0.65,3.22));
#12937=CARTESIAN_POINT('',(-4.75,0.65,3.22));
#12938=VECTOR('',#15273,1000.0);
#12939=CARTESIAN_POINT('',(-4.3,0.25,3.22));
#12940=CARTESIAN_POINT('',(-4.3,0.65,3.22));
#12941=VECTOR('',#15274,1000.0);
#12942=CARTESIAN_POINT('',(-3.825,0.25,3.22));
#12943=CARTESIAN_POINT('',(-4.3,0.25,3.22));
#12944=VECTOR('',#15275,1000.0);
#12945=CARTESIAN_POINT('',(-3.825,-0.549999999999999,3.22));
#12946=CARTESIAN_POINT('',(-3.825,0.25,3.22));
#12947=VECTOR('',#15276,1000.0);
#12948=CARTESIAN_POINT('',(-4.3,-0.549999999999999,3.22));
#12949=CARTESIAN_POINT('',(-3.825,-0.549999999999999,3.22));
#12950=VECTOR('',#15277,1000.0);
#12951=CARTESIAN_POINT('',(-4.3,-0.95,3.22));
#12952=CARTESIAN_POINT('',(-4.3,-0.549999999999999,3.22));
#12953=VECTOR('',#15278,1000.0);
#12954=CARTESIAN_POINT('',(-4.429,-0.95,3.22));
#12955=CARTESIAN_POINT('',(-4.3,-0.95,3.22));
#12956=VECTOR('',#15279,1000.0);
#12957=CARTESIAN_POINT('',(-4.429,-5.0,3.22));
#12958=CARTESIAN_POINT('',(-4.429,-5.0,3.22));
#12959=VECTOR('',#15280,1000.0);
#12960=CARTESIAN_POINT('',(-3.4,-5.0,3.22));
#12961=CARTESIAN_POINT('',(-4.75,-5.0,3.22));
#12962=VECTOR('',#15281,1000.0);
#12963=CARTESIAN_POINT('',(-2.0,-8.0,3.22));
#12964=CARTESIAN_POINT('',(-3.4,-5.0,3.22));
#12965=VECTOR('',#15282,1000.0);
#12966=CARTESIAN_POINT('',(-2.0,-9.0,3.22));
#12967=CARTESIAN_POINT('',(-2.0,-8.0,3.22));
#12968=VECTOR('',#15283,1000.0);
#12969=CARTESIAN_POINT('',(2.0,-9.0,3.22));
#12970=CARTESIAN_POINT('',(-2.0,-9.0,3.22));
#12971=VECTOR('',#15284,1000.0);
#12972=CARTESIAN_POINT('',(2.0,-8.0,3.22));
#12973=CARTESIAN_POINT('',(2.0,-8.0,3.22));
#12974=VECTOR('',#15285,1000.0);
#12975=CARTESIAN_POINT('',(3.4,-5.0,3.22));
#12976=CARTESIAN_POINT('',(3.4,-5.0,3.22));
#12977=VECTOR('',#15286,1000.0);
#12978=CARTESIAN_POINT('',(4.75,-5.0,3.22));
#12979=VECTOR('',#15287,1000.0);
#12980=COLOUR_RGB('',1.0,0.501960813999176,0.0);
#12981=CARTESIAN_POINT('',(-4.38,1.45,-0.32));
#12982=CARTESIAN_POINT('',(-7.87986722862692,1.45,-0.320000000000012));
#12983=VECTOR('',#15288,1000.0);
#12984=CARTESIAN_POINT('',(-4.38000000000009,1.45,25.3805043291106));
#12985=VECTOR('',#15289,1000.0);
#12986=COLOUR_RGB('',1.0,0.501960813999176,0.0);
#12987=CARTESIAN_POINT('',(-4.38,0.349999999999999,-0.32));
#12988=CARTESIAN_POINT('',(-4.38,-0.95,-0.32));
#12989=VECTOR('',#15290,1000.0);
#12990=CARTESIAN_POINT('',(-2.80986722862693,0.349999999999999,-0.319999999999996));
#12991=AXIS2_PLACEMENT_3D('',#15291,#15292,#15293);
#12992=CARTESIAN_POINT('',(-2.80986722862693,0.349999999999999,-0.319999999999995));
#12993=VECTOR('',#15294,1000.0);
#12994=COLOUR_RGB('',1.0,0.501960813999176,0.0);
#12995=CARTESIAN_POINT('',(-4.38000000000009,0.350000000000001,25.3805043291106));
#12996=VECTOR('',#15295,1000.0);
#12997=CARTESIAN_POINT('',(-2.80986722862702,0.35,25.3805043291106));
#12998=VECTOR('',#15296,1000.0);
#12999=COLOUR_RGB('',1.0,0.501960813999176,0.0);
#13000=COLOUR_RGB('',1.0,0.501960813999176,0.0);
#13001=CARTESIAN_POINT('',(-4.38,-1.95,-0.32));
#13002=CARTESIAN_POINT('',(-5.70986722862693,-1.95,-0.320000000000004));
#13003=VECTOR('',#15297,1000.0);
#13004=CARTESIAN_POINT('',(-4.38000000000009,-1.95,25.3805043291106));
#13005=VECTOR('',#15298,1000.0);
#13006=COLOUR_RGB('',1.0,0.501960813999176,0.0);
#13007=CARTESIAN_POINT('',(-4.38,-3.05,-0.32));
#13008=CARTESIAN_POINT('',(-4.38,-0.95,-0.32));
#13009=VECTOR('',#15299,1000.0);
#13010=CARTESIAN_POINT('',(-2.80986722862693,-3.05,-0.319999999999996));
#13011=AXIS2_PLACEMENT_3D('',#15300,#15301,#15302);
#13012=CARTESIAN_POINT('',(-2.80986722862693,-3.05,-0.319999999999995));
#13013=VECTOR('',#15303,1000.0);
#13014=COLOUR_RGB('',1.0,0.501960813999176,0.0);
#13015=CARTESIAN_POINT('',(-4.38000000000009,-3.05,25.3805043291106));
#13016=VECTOR('',#15304,1000.0);
#13017=CARTESIAN_POINT('',(-2.80986722862702,-3.05,25.3805043291106));
#13018=VECTOR('',#15305,1000.0);
#13019=COLOUR_RGB('',1.0,0.501960813999176,0.0);
#13020=COLOUR_RGB('',1.0,0.501960813999176,0.0);
#13021=CARTESIAN_POINT('',(-4.75,1.45,0.0500000000000006));
#13022=AXIS2_PLACEMENT_3D('',#15306,#15307,#15308);
#13023=CARTESIAN_POINT('',(-4.75,0.35,0.0499999999999997));
#13024=AXIS2_PLACEMENT_3D('',#15309,#15310,#15311);
#13025=CARTESIAN_POINT('',(-4.75,-0.95,0.0499999999999997));
#13026=VECTOR('',#15312,1000.0);
#13027=COLOUR_RGB('',1.0,0.501960813999176,0.0);
#13028=CARTESIAN_POINT('',(-4.75,-1.95,0.0499999999999997));
#13029=AXIS2_PLACEMENT_3D('',#15313,#15314,#15315);
#13030=CARTESIAN_POINT('',(-4.75,-3.05,0.0500000000000001));
#13031=AXIS2_PLACEMENT_3D('',#15316,#15317,#15318);
#13032=CARTESIAN_POINT('',(-4.75,-0.95,0.0499999999999997));
#13033=VECTOR('',#15319,1000.0);
#13034=COLOUR_RGB('',1.0,0.501960813999176,0.0);
#13035=CARTESIAN_POINT('',(4.38,-3.05,-0.00100000000000013));
#13036=CARTESIAN_POINT('',(4.37999999999999,-3.05,-0.321));
#13037=CARTESIAN_POINT('',(4.38000000000008,-3.05,25.3795043291106));
#13038=VECTOR('',#15320,1000.0);
#13039=CARTESIAN_POINT('',(2.81086722862692,-3.04999999999999,-0.000999999999994928));
#13040=VECTOR('',#15321,1000.0);
#13041=CARTESIAN_POINT('',(2.81086722862692,-3.04999999999999,-0.320999999999995));
#13042=VECTOR('',#15322,1000.0);
#13043=COLOUR_RGB('',1.0,0.501960813999176,0.0);
#13044=CARTESIAN_POINT('',(4.38,-1.95,-0.321000000000001));
#13045=CARTESIAN_POINT('',(4.38,1.45,-0.321));
#13046=VECTOR('',#15323,1000.0);
#13047=CARTESIAN_POINT('',(2.81086722862692,-1.94999999999999,-0.320999999999994));
#13048=AXIS2_PLACEMENT_3D('',#15324,#15325,#15326);
#13049=CARTESIAN_POINT('',(5.71086722862692,-1.95,-0.321000000000005));
#13050=VECTOR('',#15327,1000.0);
#13051=COLOUR_RGB('',1.0,0.501960813999176,0.0);
#13052=CARTESIAN_POINT('',(4.38,-1.95,-0.00100000000000057));
#13053=CARTESIAN_POINT('',(4.38000000000008,-1.95,25.3795043291106));
#13054=VECTOR('',#15328,1000.0);
#13055=CARTESIAN_POINT('',(2.81086722862692,-1.94999999999999,-0.000999999999994495));
#13056=CARTESIAN_POINT('',(2.81086722862701,-1.94999999999999,25.3795043291106));
#13057=VECTOR('',#15329,1000.0);
#13058=CARTESIAN_POINT('',(5.71086722862692,-1.95,-0.0010000000000049));
#13059=VECTOR('',#15330,1000.0);
#13060=COLOUR_RGB('',1.0,0.501960813999176,0.0);
#13061=CARTESIAN_POINT('',(4.37999999999999,-8.3,-0.000999999999998832));
#13062=VECTOR('',#15331,1000.0);
#13063=AXIS2_PLACEMENT_3D('',#15332,#15333,#15334);
#13064=COLOUR_RGB('',1.0,0.501960813999176,0.0);
#13065=COLOUR_RGB('',1.0,0.501960813999176,0.0);
#13066=CARTESIAN_POINT('',(4.38,0.350000000000002,-0.00100000000000057));
#13067=CARTESIAN_POINT('',(4.38,0.350000000000002,-0.321000000000001));
#13068=CARTESIAN_POINT('',(4.38000000000008,0.350000000000003,25.3795043291106));
#13069=VECTOR('',#15335,1000.0);
#13070=CARTESIAN_POINT('',(2.81086722862693,0.350000000000005,-0.000999999999994495));
#13071=VECTOR('',#15336,1000.0);
#13072=CARTESIAN_POINT('',(2.81086722862693,0.350000000000005,-0.320999999999994));
#13073=VECTOR('',#15337,1000.0);
#13074=COLOUR_RGB('',1.0,0.501960813999176,0.0);
#13075=CARTESIAN_POINT('',(4.38,1.45,-0.321));
#13076=CARTESIAN_POINT('',(4.38,1.45,-0.321));
#13077=VECTOR('',#15338,1000.0);
#13078=CARTESIAN_POINT('',(2.81086722862693,1.45000000000001,-0.320999999999995));
#13079=AXIS2_PLACEMENT_3D('',#15339,#15340,#15341);
#13080=CARTESIAN_POINT('',(7.88086722862693,1.45,-0.321000000000012));
#13081=VECTOR('',#15342,1000.0);
#13082=COLOUR_RGB('',1.0,0.501960813999176,0.0);
#13083=CARTESIAN_POINT('',(4.38,1.45,-0.000999999999999699));
#13084=CARTESIAN_POINT('',(4.38000000000009,1.45,25.3795043291106));
#13085=VECTOR('',#15343,1000.0);
#13086=CARTESIAN_POINT('',(2.81086722862693,1.45000000000001,-0.000999999999994495));
#13087=CARTESIAN_POINT('',(2.81086722862702,1.45000000000001,25.3795043291106));
#13088=VECTOR('',#15344,1000.0);
#13089=CARTESIAN_POINT('',(7.88086722862693,1.45,-0.00100000000001184));
#13090=VECTOR('',#15345,1000.0);
#13091=COLOUR_RGB('',1.0,0.501960813999176,0.0);
#13092=CARTESIAN_POINT('',(4.37999999999999,-8.3,-0.000999999999998832));
#13093=VECTOR('',#15346,1000.0);
#13094=AXIS2_PLACEMENT_3D('',#15347,#15348,#15349);
#13095=COLOUR_RGB('',1.0,0.501960813999176,0.0);
#13096=COLOUR_RGB('',1.0,0.501960813999176,0.0);
#13097=CARTESIAN_POINT('',(4.75,-3.05,0.049));
#13098=AXIS2_PLACEMENT_3D('',#15350,#15351,#15352);
#13099=CARTESIAN_POINT('',(4.75,-1.95,0.0489999999999996));
#13100=AXIS2_PLACEMENT_3D('',#15353,#15354,#15355);
#13101=CARTESIAN_POINT('',(4.75,1.45,0.0489999999999996));
#13102=VECTOR('',#15356,1000.0);
#13103=COLOUR_RGB('',1.0,0.501960813999176,0.0);
#13104=AXIS2_PLACEMENT_3D('',#15357,#15358,#15359);
#13105=AXIS2_PLACEMENT_3D('',#15360,#15361,#15362);
#13106=COLOUR_RGB('',1.0,0.501960813999176,0.0);
#13107=CARTESIAN_POINT('',(4.75,0.350000000000001,0.0489999999999996));
#13108=AXIS2_PLACEMENT_3D('',#15363,#15364,#15365);
#13109=CARTESIAN_POINT('',(4.75,1.45,0.0489999999999996));
#13110=AXIS2_PLACEMENT_3D('',#15366,#15367,#15368);
#13111=CARTESIAN_POINT('',(4.75,1.45,0.0489999999999996));
#13112=VECTOR('',#15369,1000.0);
#13113=COLOUR_RGB('',1.0,0.501960813999176,0.0);
#13114=AXIS2_PLACEMENT_3D('',#15370,#15371,#15372);
#13115=AXIS2_PLACEMENT_3D('',#15373,#15374,#15375);
#13116=COLOUR_RGB('',1.0,0.501960813999176,0.0);
#13117=CARTESIAN_POINT('',(4.4295,-0.95,2.899));
#13118=CARTESIAN_POINT('',(4.429,-0.95,2.9));
#13119=AXIS2_PLACEMENT_3D('',#15376,#15377,#15378);
#13120=CARTESIAN_POINT('',(4.4295,-4.5,2.899));
#13121=CARTESIAN_POINT('',(4.43,-4.5,2.899));
#13122=VECTOR('',#15379,1000.0);
#13123=CARTESIAN_POINT('',(4.42999999999999,-5.0,2.899));
#13124=CARTESIAN_POINT('',(4.43,-0.95,2.899));
#13125=VECTOR('',#15380,1000.0);
#13126=CARTESIAN_POINT('',(4.42899999999999,-5.0,2.9));
#13127=AXIS2_PLACEMENT_3D('',#15381,#15382,#15383);
#13128=CARTESIAN_POINT('',(4.429,-4.49999999999999,2.9));
#13129=CARTESIAN_POINT('',(4.429,-0.95,2.9));
#13130=VECTOR('',#15384,1000.0);
#13131=CARTESIAN_POINT('',(4.429,-4.5,2.9));
#13132=VECTOR('',#15385,1000.0);
#13133=COLOUR_RGB('',1.0,0.501960813999176,0.0);
#13134=CARTESIAN_POINT('',(4.75,-0.95,2.899));
#13135=AXIS2_PLACEMENT_3D('',#15386,#15387,#15388);
#13136=CARTESIAN_POINT('',(4.74999999999999,-5.0,2.89899999999999));
#13137=AXIS2_PLACEMENT_3D('',#15389,#15390,#15391);
#13138=CARTESIAN_POINT('',(4.75,-0.949999999999995,2.899));
#13139=VECTOR('',#15392,1000.0);
#13140=COLOUR_RGB('',1.0,0.501960813999176,0.0);
#13141=CARTESIAN_POINT('',(-20.9505043291106,-0.94999999999997,2.899));
#13142=VECTOR('',#15393,1000.0);
#13143=CARTESIAN_POINT('',(4.429,-0.950000000000003,-27.7407678754955));
#13144=VECTOR('',#15394,1000.0);
#13145=COLOUR_RGB('',1.0,0.501960813999176,0.0);
#13146=CARTESIAN_POINT('',(4.429,-5.0,-27.7407678754955));
#13147=VECTOR('',#15395,1000.0);
#13148=CARTESIAN_POINT('',(-20.9505043291106,-4.99999999999997,2.89899999999999));
#13149=VECTOR('',#15396,1000.0);
#13150=COLOUR_RGB('',1.0,0.501960813999176,0.0);
#13151=CARTESIAN_POINT('',(4.75,1.45,2.899));
#13152=AXIS2_PLACEMENT_3D('',#15397,#15398,#15399);
#13153=CARTESIAN_POINT('',(4.75,0.649999999999999,2.899));
#13154=AXIS2_PLACEMENT_3D('',#15400,#15401,#15402);
#13155=CARTESIAN_POINT('',(4.75,1.45,2.899));
#13156=VECTOR('',#15403,1000.0);
#13157=COLOUR_RGB('',1.0,0.501960813999176,0.0);
#13158=CARTESIAN_POINT('',(-4.44708594891287,-8.50316542538691,3.35));
#13159=CARTESIAN_POINT('',(-4.44708594891287,-8.50316542538692,1.35));
#13160=CARTESIAN_POINT('',(-4.44708594891287,-8.50316542538692,1.35));
#13161=VECTOR('',#15404,1000.0);
#13162=CARTESIAN_POINT('',(-4.43,-8.3998346480173,1.34999994531744));
#13163=CARTESIAN_POINT('',(-4.43,-8.3998346480173,1.34999994531744));
#13164=CARTESIAN_POINT('',(-4.43,-8.43490266824281,1.34999996354496));
#13165=CARTESIAN_POINT('',(-4.43579745735301,-8.46996397962261,1.34999998177248));
#13166=CARTESIAN_POINT('',(-4.44708594891287,-8.50316542538692,1.35));
#13167=CARTESIAN_POINT('',(-4.43,-8.3998346480173,3.35000005468256));
#13168=CARTESIAN_POINT('',(-4.43,-8.39983464801729,1.34999994531744));
#13169=VECTOR('',#15405,1000.0);
#13170=CARTESIAN_POINT('',(-4.44708594891287,-8.50316542538691,3.35));
#13171=CARTESIAN_POINT('',(-4.43579745735301,-8.46996397962261,3.35000001822752));
#13172=CARTESIAN_POINT('',(-4.43,-8.43490266824281,3.35000003645504));
#13173=CARTESIAN_POINT('',(-4.43,-8.3998346480173,3.35000005468256));
#13174=COLOUR_RGB('',1.0,0.501960813999176,0.0);
#13175=CARTESIAN_POINT('',(-4.75002661362759,-8.39999559938391,1.34999997265872));
#13176=CARTESIAN_POINT('',(20.9505043291106,-8.3998346480173,1.34999994531744));
#13177=VECTOR('',#15406,1000.0);
#13178=CARTESIAN_POINT('',(-10.509207689889,-6.44204403345501,1.35));
#13179=VECTOR('',#15407,1000.0);
#13180=COLOUR_RGB('',1.0,0.501960813999176,0.0);
#13181=CARTESIAN_POINT('',(-4.75002661362759,-8.39999559938391,3.35000002734128));
#13182=CARTESIAN_POINT('',(20.9505043291106,-8.39983464801729,3.35000005468256));
#13183=VECTOR('',#15408,1000.0);
#13184=CARTESIAN_POINT('',(-10.509207689889,-6.44204403345501,3.35));
#13185=VECTOR('',#15409,1000.0);
#13186=COLOUR_RGB('',1.0,0.501960813999176,0.0);
#13187=CARTESIAN_POINT('',(-4.75,0.650000000000002,2.899));
#13188=AXIS2_PLACEMENT_3D('',#15410,#15411,#15412);
#13189=CARTESIAN_POINT('',(-4.75,1.45,2.899));
#13190=AXIS2_PLACEMENT_3D('',#15413,#15414,#15415);
#13191=CARTESIAN_POINT('',(-4.75,0.65,2.899));
#13192=VECTOR('',#15416,1000.0);
#13193=COLOUR_RGB('',1.0,0.501960813999176,0.0);
#13194=CARTESIAN_POINT('',(-4.43,-5.0,2.899));
#13195=CARTESIAN_POINT('',(-4.429,-5.0,2.9));
#13196=AXIS2_PLACEMENT_3D('',#15417,#15418,#15419);
#13197=CARTESIAN_POINT('',(-4.43,-4.50000000000001,2.899));
#13198=CARTESIAN_POINT('',(-4.43,-5.0,2.899));
#13199=VECTOR('',#15420,1000.0);
#13200=CARTESIAN_POINT('',(-4.43,-0.949999999999999,2.899));
#13201=CARTESIAN_POINT('',(-4.43,-0.95,2.899));
#13202=VECTOR('',#15421,1000.0);
#13203=CARTESIAN_POINT('',(-4.429,-0.949999999999999,2.9));
#13204=AXIS2_PLACEMENT_3D('',#15422,#15423,#15424);
#13205=CARTESIAN_POINT('',(-4.429,-5.0,2.9));
#13206=VECTOR('',#15425,1000.0);
#13207=COLOUR_RGB('',1.0,0.501960813999176,0.0);
#13208=CARTESIAN_POINT('',(-4.75,-5.0,2.899));
#13209=AXIS2_PLACEMENT_3D('',#15426,#15427,#15428);
#13210=CARTESIAN_POINT('',(-4.75,-0.949999999999999,2.899));
#13211=AXIS2_PLACEMENT_3D('',#15429,#15430,#15431);
#13212=CARTESIAN_POINT('',(-4.75,-5.0,2.899));
#13213=VECTOR('',#15432,1000.0);
#13214=COLOUR_RGB('',1.0,0.501960813999176,0.0);
#13215=CARTESIAN_POINT('',(20.9505043291106,-5.0,2.899));
#13216=VECTOR('',#15433,1000.0);
#13217=CARTESIAN_POINT('',(-4.429,-5.0,-27.7407678754955));
#13218=VECTOR('',#15434,1000.0);
#13219=COLOUR_RGB('',1.0,0.501960813999176,0.0);
#13220=CARTESIAN_POINT('',(-4.429,-0.950000000000002,-27.7407678754955));
#13221=VECTOR('',#15435,1000.0);
#13222=CARTESIAN_POINT('',(20.9505043291106,-0.950000000000003,2.899));
#13223=VECTOR('',#15436,1000.0);
#13224=COLOUR_RGB('',1.0,0.501960813999176,0.0);
#13225=CARTESIAN_POINT('',(3.1855140872393,1.45,-27.7407678754955));
#13226=VECTOR('',#15437,1000.0);
#13227=CARTESIAN_POINT('',(1.6248076809272,3.1,-27.7407678754955));
#13228=VECTOR('',#15438,1000.0);
#13229=COLOUR_RGB('',1.0,0.501960813999176,0.0);
#13230=CARTESIAN_POINT('',(1.11620472055677,3.1,-27.7407678754955));
#13231=VECTOR('',#15439,1000.0);
#13232=COLOUR_RGB('',1.0,0.501960813999176,0.0);
#13233=COLOUR_RGB('',1.0,0.501960813999176,0.0);
#13234=CARTESIAN_POINT('',(-0.999999999999995,3.35410196624968,-27.7407678754955));
#13235=VECTOR('',#15440,1000.0);
#13236=COLOUR_RGB('',1.0,0.501960813999176,0.0);
#13237=CARTESIAN_POINT('',(-1.11620472055676,3.1,-27.7407678754955));
#13238=VECTOR('',#15441,1000.0);
#13239=COLOUR_RGB('',1.0,0.501960813999176,0.0);
#13240=CARTESIAN_POINT('',(-1.62480768092719,3.1,-27.7407678754955));
#13241=VECTOR('',#15442,1000.0);
#13242=COLOUR_RGB('',1.0,0.501960813999176,0.0);
#13243=CARTESIAN_POINT('',(-3.18551408723929,1.45,-27.7407678754955));
#13244=VECTOR('',#15443,1000.0);
#13245=COLOUR_RGB('',1.0,0.501960813999176,0.0);
#13246=CARTESIAN_POINT('',(-3.4,-5.0,2.9));
#13247=CARTESIAN_POINT('',(-4.75,-5.0,2.9));
#13248=VECTOR('',#15444,1000.0);
#13249=CARTESIAN_POINT('',(-3.4,-5.0,-27.7407678754955));
#13250=VECTOR('',#15445,1000.0);
#13251=COLOUR_RGB('',1.0,0.501960813999176,0.0);
#13252=CARTESIAN_POINT('',(-2.0,-8.0,2.9));
#13253=CARTESIAN_POINT('',(-3.4,-5.0,2.9));
#13254=VECTOR('',#15446,1000.0);
#13255=CARTESIAN_POINT('',(-2.0,-8.0,-27.7407678754955));
#13256=VECTOR('',#15447,1000.0);
#13257=COLOUR_RGB('',1.0,0.501960813999176,0.0);
#13258=CARTESIAN_POINT('',(-2.0,-9.0,2.9));
#13259=CARTESIAN_POINT('',(-2.0,-8.0,2.9));
#13260=VECTOR('',#15448,1000.0);
#13261=CARTESIAN_POINT('',(-2.0,-9.0,-27.7407678754955));
#13262=VECTOR('',#15449,1000.0);
#13263=COLOUR_RGB('',1.0,0.501960813999176,0.0);
#13264=CARTESIAN_POINT('',(2.0,-9.0,2.9));
#13265=CARTESIAN_POINT('',(-2.0,-9.0,2.9));
#13266=VECTOR('',#15450,1000.0);
#13267=CARTESIAN_POINT('',(2.0,-9.0,-27.7407678754955));
#13268=VECTOR('',#15451,1000.0);
#13269=COLOUR_RGB('',1.0,0.501960813999176,0.0);
#13270=CARTESIAN_POINT('',(2.0,-8.0,2.9));
#13271=CARTESIAN_POINT('',(2.0,-8.0,2.9));
#13272=VECTOR('',#15452,1000.0);
#13273=CARTESIAN_POINT('',(2.0,-8.0,-27.7407678754955));
#13274=VECTOR('',#15453,1000.0);
#13275=COLOUR_RGB('',1.0,0.501960813999176,0.0);
#13276=CARTESIAN_POINT('',(3.4,-5.0,2.9));
#13277=CARTESIAN_POINT('',(3.4,-5.0,2.9));
#13278=VECTOR('',#15454,1000.0);
#13279=CARTESIAN_POINT('',(3.4,-5.0,-27.7407678754955));
#13280=VECTOR('',#15455,1000.0);
#13281=COLOUR_RGB('',1.0,0.501960813999176,0.0);
#13282=CARTESIAN_POINT('',(4.75,-5.0,2.9));
#13283=VECTOR('',#15456,1000.0);
#13284=COLOUR_RGB('',1.0,0.501960813999176,0.0);
#13285=CARTESIAN_POINT('',(-4.75,-5.0,2.4));
#13286=CARTESIAN_POINT('',(-4.75,-5.0,3.22));
#13287=VECTOR('',#15457,1000.0);
#13288=CARTESIAN_POINT('',(-4.43,-5.0,2.4));
#13289=CARTESIAN_POINT('',(20.9505043291106,-5.0,2.4));
#13290=VECTOR('',#15458,1000.0);
#13291=CARTESIAN_POINT('',(-4.43,-5.0,2.4));
#13292=VECTOR('',#15459,1000.0);
#13293=COLOUR_RGB('',1.0,0.501960813999176,0.0);
#13294=CARTESIAN_POINT('',(-4.75,-8.4,0.850000000000001));
#13295=AXIS2_PLACEMENT_3D('',#15460,#15461,#15462);
#13296=CARTESIAN_POINT('',(-4.43,-8.4,0.850000000000001));
#13297=CARTESIAN_POINT('',(20.9505043291106,-8.4,0.850000000000001));
#13298=VECTOR('',#15463,1000.0);
#13299=AXIS2_PLACEMENT_3D('',#15464,#15465,#15466);
#13300=COLOUR_RGB('',1.0,0.501960813999176,0.0);
#13301=CARTESIAN_POINT('',(-4.75,-8.4,3.85));
#13302=AXIS2_PLACEMENT_3D('',#15467,#15468,#15469);
#13303=CARTESIAN_POINT('',(-4.43,-8.4,3.85));
#13304=AXIS2_PLACEMENT_3D('',#15470,#15471,#15472);
#13305=CARTESIAN_POINT('',(20.9505043291106,-8.4,3.85));
#13306=VECTOR('',#15473,1000.0);
#13307=COLOUR_RGB('',1.0,0.501960813999176,0.0);
#13308=CARTESIAN_POINT('',(-4.75,-9.0,3.85));
#13309=CARTESIAN_POINT('',(-4.75,-8.4,3.85));
#13310=VECTOR('',#15474,1000.0);
#13311=CARTESIAN_POINT('',(-4.43,-9.0,3.85));
#13312=CARTESIAN_POINT('',(-4.43,-8.4,3.85));
#13313=VECTOR('',#15475,1000.0);
#13314=CARTESIAN_POINT('',(20.9505043291106,-9.0,3.85));
#13315=VECTOR('',#15476,1000.0);
#13316=COLOUR_RGB('',1.0,0.501960813999176,0.0);
#13317=CARTESIAN_POINT('',(-4.75,-9.0,4.8));
#13318=CARTESIAN_POINT('',(-4.75,-9.0,3.85));
#13319=VECTOR('',#15477,1000.0);
#13320=CARTESIAN_POINT('',(-4.43,-9.0,4.8));
#13321=CARTESIAN_POINT('',(-4.43,-9.0,3.85));
#13322=VECTOR('',#15478,1000.0);
#13323=CARTESIAN_POINT('',(20.9505043291106,-9.0,4.8));
#13324=VECTOR('',#15479,1000.0);
#13325=COLOUR_RGB('',1.0,0.501960813999176,0.0);
#13326=CARTESIAN_POINT('',(-4.75,-8.3,4.8));
#13327=CARTESIAN_POINT('',(-4.75,-9.0,4.8));
#13328=VECTOR('',#15480,1000.0);
#13329=CARTESIAN_POINT('',(-4.43,-8.3,4.8));
#13330=CARTESIAN_POINT('',(-4.43,-9.0,4.8));
#13331=VECTOR('',#15481,1000.0);
#13332=CARTESIAN_POINT('',(20.9505043291106,-8.3,4.8));
#13333=VECTOR('',#15482,1000.0);
#13334=COLOUR_RGB('',1.0,0.501960813999176,0.0);
#13335=CARTESIAN_POINT('',(-4.75,-7.5,4.4));
#13336=AXIS2_PLACEMENT_3D('',#15483,#15484,#15485);
#13337=CARTESIAN_POINT('',(-4.43,-7.5,4.4));
#13338=AXIS2_PLACEMENT_3D('',#15486,#15487,#15488);
#13339=CARTESIAN_POINT('',(20.9505043291106,-7.5,4.4));
#13340=VECTOR('',#15489,1000.0);
#13341=COLOUR_RGB('',1.0,0.501960813999176,0.0);
#13342=CARTESIAN_POINT('',(-4.75,-6.0,2.4));
#13343=CARTESIAN_POINT('',(-4.75,-7.5,4.4));
#13344=VECTOR('',#15490,1000.0);
#13345=CARTESIAN_POINT('',(-4.43,-6.0,2.4));
#13346=CARTESIAN_POINT('',(-4.43,-7.5,4.4));
#13347=VECTOR('',#15491,1000.0);
#13348=CARTESIAN_POINT('',(20.9505043291106,-6.0,2.4));
#13349=VECTOR('',#15492,1000.0);
#13350=COLOUR_RGB('',1.0,0.501960813999176,0.0);
#13351=CARTESIAN_POINT('',(-4.75,-6.0,2.4));
#13352=VECTOR('',#15493,1000.0);
#13353=CARTESIAN_POINT('',(-4.43,-6.0,2.4));
#13354=VECTOR('',#15494,1000.0);
#13355=COLOUR_RGB('',1.0,0.501960813999176,0.0);
#13356=CARTESIAN_POINT('',(-4.75,-6.0,0.400000000000001));
#13357=CARTESIAN_POINT('',(-4.75,-7.5109551026998,-1.02701315254981));
#13358=CARTESIAN_POINT('',(-4.75,-6.0,0.400000000000001));
#13359=VECTOR('',#15495,1000.0);
#13360=CARTESIAN_POINT('',(-4.43,-6.0,0.400000000000001));
#13361=CARTESIAN_POINT('',(20.9505043291106,-6.00000000000001,0.400000000000001));
#13362=VECTOR('',#15496,1000.0);
#13363=CARTESIAN_POINT('',(-4.43,-7.5109551026998,-1.02701315254981));
#13364=CARTESIAN_POINT('',(-4.43,-6.0,0.400000000000001));
#13365=VECTOR('',#15497,1000.0);
#13366=CARTESIAN_POINT('',(20.9505043291106,-7.51095510269981,-1.02701315254981));
#13367=VECTOR('',#15498,1000.0);
#13368=COLOUR_RGB('',1.0,0.501960813999176,0.0);
#13369=CARTESIAN_POINT('',(-4.75,-8.19757863566353,-1.3));
#13370=AXIS2_PLACEMENT_3D('',#15499,#15500,#15501);
#13371=CARTESIAN_POINT('',(-4.43,-8.19757863566353,-1.3));
#13372=AXIS2_PLACEMENT_3D('',#15502,#15503,#15504);
#13373=CARTESIAN_POINT('',(20.9505043291106,-8.19757863566353,-1.3));
#13374=VECTOR('',#15505,1000.0);
#13375=COLOUR_RGB('',1.0,0.501960813999176,0.0);
#13376=CARTESIAN_POINT('',(-4.75,-9.0,-1.3));
#13377=CARTESIAN_POINT('',(-4.75,-8.19757863566353,-1.3));
#13378=VECTOR('',#15506,1000.0);
#13379=CARTESIAN_POINT('',(-4.43,-9.0,-1.3));
#13380=CARTESIAN_POINT('',(-4.43,-8.19757863566353,-1.3));
#13381=VECTOR('',#15507,1000.0);
#13382=CARTESIAN_POINT('',(20.9505043291106,-9.0,-1.3));
#13383=VECTOR('',#15508,1000.0);
#13384=COLOUR_RGB('',1.0,0.501960813999176,0.0);
#13385=CARTESIAN_POINT('',(-4.75,-9.0,0.850000000000001));
#13386=CARTESIAN_POINT('',(-4.75,-9.0,-1.3));
#13387=VECTOR('',#15509,1000.0);
#13388=CARTESIAN_POINT('',(-4.43,-9.0,0.850000000000001));
#13389=CARTESIAN_POINT('',(-4.43,-9.0,-1.3));
#13390=VECTOR('',#15510,1000.0);
#13391=CARTESIAN_POINT('',(20.9505043291106,-9.0,0.850000000000001));
#13392=VECTOR('',#15511,1000.0);
#13393=COLOUR_RGB('',1.0,0.501960813999176,0.0);
#13394=CARTESIAN_POINT('',(-4.75,-9.0,0.850000000000001));
#13395=VECTOR('',#15512,1000.0);
#13396=CARTESIAN_POINT('',(-4.43,-9.0,0.850000000000001));
#13397=VECTOR('',#15513,1000.0);
#13398=COLOUR_RGB('',1.0,0.501960813999176,0.0);
#13399=CARTESIAN_POINT('',(-5.55477048779061,-10.7669720229135,3.35));
#13400=CARTESIAN_POINT('',(-5.55477048779061,-10.7669720229135,1.35));
#13401=CARTESIAN_POINT('',(-5.5547704877906,-10.7669720229135,3.35));
#13402=VECTOR('',#15514,1000.0);
#13403=CARTESIAN_POINT('',(-4.75,-8.4,3.35));
#13404=VECTOR('',#15515,1000.0);
#13405=CARTESIAN_POINT('',(-4.75,-8.39983464801729,1.34999994531744));
#13406=VECTOR('',#15516,1000.0);
#13407=CARTESIAN_POINT('',(-4.75,-8.4,1.35));
#13408=VECTOR('',#15517,1000.0);
#13409=COLOUR_RGB('',1.0,0.501960813999176,0.0);
#13410=CARTESIAN_POINT('',(-5.25176922548991,-10.870380439609,3.35));
#13411=CARTESIAN_POINT('',(-11.3139249504245,-8.808859505618,3.35));
#13412=VECTOR('',#15518,1000.0);
#13413=CARTESIAN_POINT('',(-4.43,-8.45291263446671,3.35));
#13414=VECTOR('',#15519,1000.0);
#13415=COLOUR_RGB('',1.0,0.501960813999176,0.0);
#13416=CARTESIAN_POINT('',(-5.25176922548991,-10.870380439609,1.35));
#13417=CARTESIAN_POINT('',(-5.2518032094483,-10.8699808975499,3.35));
#13418=VECTOR('',#15520,1000.0);
#13419=CARTESIAN_POINT('',(-4.4470327216577,-8.50300887463639,1.35));
#13420=VECTOR('',#15521,1000.0);
#13421=COLOUR_RGB('',1.0,0.501960813999176,0.0);
#13422=CARTESIAN_POINT('',(-11.3139249504245,-8.808859505618,1.35));
#13423=VECTOR('',#15522,1000.0);
#13424=COLOUR_RGB('',1.0,0.501960813999176,0.0);
#13425=CARTESIAN_POINT('',(-5.53295278650835,-11.0234780248685,1.35));
#13426=CARTESIAN_POINT('',(-0.660740209393009,-8.37792002228029,1.35));
#13427=VECTOR('',#15523,1000.0);
#13428=AXIS2_PLACEMENT_3D('',#15524,#15525,#15526);
#13429=COLOUR_RGB('',1.0,0.501960813999176,0.0);
#13430=CARTESIAN_POINT('',(-5.53295278650835,-11.0234780248685,3.35));
#13431=AXIS2_PLACEMENT_3D('',#15527,#15528,#15529);
#13432=CARTESIAN_POINT('',(-0.660740209393009,-8.37792002228028,3.35));
#13433=VECTOR('',#15530,1000.0);
#13434=COLOUR_RGB('',1.0,0.501960813999176,0.0);
#13435=CARTESIAN_POINT('',(-5.53295278650834,-11.0234780248685,3.35));
#13436=VECTOR('',#15531,1000.0);
#13437=COLOUR_RGB('',1.0,0.501960813999176,0.0);
#13438=CARTESIAN_POINT('',(-4.73121754497682,-12.5,1.35));
#13439=VECTOR('',#15532,1000.0);
#13440=CARTESIAN_POINT('',(-4.45000000000001,-12.3473019567997,1.35));
#13441=VECTOR('',#15533,1000.0);
#13442=COLOUR_RGB('',1.0,0.501960813999176,0.0);
#13443=CARTESIAN_POINT('',(-4.92718138500109,-11.4684971287471,3.35));
#13444=CARTESIAN_POINT('',(-4.45,-12.3473019567997,3.35));
#13445=VECTOR('',#15534,1000.0);
#13446=AXIS2_PLACEMENT_3D('',#15535,#15536,#15537);
#13447=COLOUR_RGB('',1.0,0.501960813999176,0.0);
#13448=CARTESIAN_POINT('',(-5.20839892997788,-11.6211951719475,3.35));
#13449=CARTESIAN_POINT('',(-4.73121754497681,-12.5,3.35));
#13450=VECTOR('',#15538,1000.0);
#13451=CARTESIAN_POINT('',(-0.336186352862566,-8.97563716935928,3.35));
#13452=VECTOR('',#15539,1000.0);
#13453=COLOUR_RGB('',1.0,0.501960813999176,0.0);
#13454=AXIS2_PLACEMENT_3D('',#15540,#15541,#15542);
#13455=COLOUR_RGB('',1.0,0.501960813999176,0.0);
#13456=COLOUR_RGB('',1.0,0.501960813999176,0.0);
#13457=CARTESIAN_POINT('',(4.42999999999999,-5.0,2.39999999999999));
#13458=CARTESIAN_POINT('',(4.74999999999999,-5.0,2.39999999999999));
#13459=CARTESIAN_POINT('',(-20.9505043291106,-4.99999999999997,2.39999999999999));
#13460=VECTOR('',#15543,1000.0);
#13461=CARTESIAN_POINT('',(4.74999999999999,-5.0,3.21999999999999));
#13462=VECTOR('',#15544,1000.0);
#13463=CARTESIAN_POINT('',(4.42999999999999,-5.0,2.39999999999999));
#13464=VECTOR('',#15545,1000.0);
#13465=COLOUR_RGB('',1.0,0.501960813999176,0.0);
#13466=CARTESIAN_POINT('',(4.42999999999999,-8.39983464801729,3.35000005468256));
#13467=CARTESIAN_POINT('',(4.75002661362758,-8.39999559938391,3.35000002734127));
#13468=CARTESIAN_POINT('',(-20.9505043291106,-8.39983464801726,3.35000005468255));
#13469=VECTOR('',#15546,1000.0);
#13470=CARTESIAN_POINT('',(4.74999999999999,-8.4,3.84999999999999));
#13471=AXIS2_PLACEMENT_3D('',#15547,#15548,#15549);
#13472=CARTESIAN_POINT('',(4.42999999999999,-8.4,3.84999999999999));
#13473=CARTESIAN_POINT('',(-20.9505043291106,-8.39999999999997,3.84999999999999));
#13474=VECTOR('',#15550,1000.0);
#13475=AXIS2_PLACEMENT_3D('',#15551,#15552,#15553);
#13476=COLOUR_RGB('',1.0,0.501960813999176,0.0);
#13477=CARTESIAN_POINT('',(4.42999999999999,-8.4,0.849999999999991));
#13478=CARTESIAN_POINT('',(4.74999999999999,-8.4,0.849999999999991));
#13479=CARTESIAN_POINT('',(-20.9505043291106,-8.39999999999997,0.849999999999991));
#13480=VECTOR('',#15554,1000.0);
#13481=CARTESIAN_POINT('',(4.75002661362758,-8.39999559938391,1.34999997265871));
#13482=AXIS2_PLACEMENT_3D('',#15555,#15556,#15557);
#13483=CARTESIAN_POINT('',(4.42999999999999,-8.39983464801729,1.34999994531743));
#13484=CARTESIAN_POINT('',(-20.9505043291106,-8.39983464801726,1.34999994531743));
#13485=VECTOR('',#15558,1000.0);
#13486=AXIS2_PLACEMENT_3D('',#15559,#15560,#15561);
#13487=COLOUR_RGB('',1.0,0.501960813999176,0.0);
#13488=CARTESIAN_POINT('',(4.42999999999999,-9.0,0.849999999999991));
#13489=CARTESIAN_POINT('',(4.74999999999999,-9.0,0.849999999999991));
#13490=CARTESIAN_POINT('',(-20.9505043291106,-8.99999999999997,0.849999999999991));
#13491=VECTOR('',#15562,1000.0);
#13492=CARTESIAN_POINT('',(4.74999999999999,-9.0,0.849999999999991));
#13493=VECTOR('',#15563,1000.0);
#13494=CARTESIAN_POINT('',(4.42999999999999,-9.0,0.849999999999991));
#13495=VECTOR('',#15564,1000.0);
#13496=COLOUR_RGB('',1.0,0.501960813999176,0.0);
#13497=CARTESIAN_POINT('',(4.42999999999999,-9.0,-1.30000000000001));
#13498=CARTESIAN_POINT('',(4.74999999999999,-9.0,-1.30000000000001));
#13499=CARTESIAN_POINT('',(-20.9505043291106,-8.99999999999997,-1.30000000000001));
#13500=VECTOR('',#15565,1000.0);
#13501=CARTESIAN_POINT('',(4.74999999999999,-9.0,-1.30000000000001));
#13502=VECTOR('',#15566,1000.0);
#13503=CARTESIAN_POINT('',(4.42999999999999,-9.0,-1.30000000000001));
#13504=VECTOR('',#15567,1000.0);
#13505=COLOUR_RGB('',1.0,0.501960813999176,0.0);
#13506=CARTESIAN_POINT('',(4.42999999999999,-8.19757863566352,-1.30000000000001));
#13507=CARTESIAN_POINT('',(4.74999999999999,-8.19757863566353,-1.30000000000001));
#13508=CARTESIAN_POINT('',(-20.9505043291106,-8.1975786356635,-1.30000000000001));
#13509=VECTOR('',#15568,1000.0);
#13510=CARTESIAN_POINT('',(4.74999999999999,-8.19757863566353,-1.30000000000001));
#13511=VECTOR('',#15569,1000.0);
#13512=CARTESIAN_POINT('',(4.42999999999999,-8.19757863566352,-1.30000000000001));
#13513=VECTOR('',#15570,1000.0);
#13514=COLOUR_RGB('',1.0,0.501960813999176,0.0);
#13515=CARTESIAN_POINT('',(4.42999999999999,-7.5109551026998,-1.02701315254982));
#13516=CARTESIAN_POINT('',(4.74999999999999,-7.5109551026998,-1.02701315254982));
#13517=CARTESIAN_POINT('',(-20.9505043291106,-7.51095510269977,-1.02701315254982));
#13518=VECTOR('',#15571,1000.0);
#13519=AXIS2_PLACEMENT_3D('',#15572,#15573,#15574);
#13520=AXIS2_PLACEMENT_3D('',#15575,#15576,#15577);
#13521=COLOUR_RGB('',1.0,0.501960813999176,0.0);
#13522=CARTESIAN_POINT('',(4.42999999999999,-6.0,0.399999999999994));
#13523=CARTESIAN_POINT('',(4.74999999999999,-6.0,0.399999999999994));
#13524=CARTESIAN_POINT('',(-20.9505043291106,-5.99999999999997,0.399999999999994));
#13525=VECTOR('',#15578,1000.0);
#13526=CARTESIAN_POINT('',(4.74999999999999,-6.0,0.399999999999994));
#13527=VECTOR('',#15579,1000.0);
#13528=CARTESIAN_POINT('',(4.42999999999999,-6.0,0.399999999999994));
#13529=VECTOR('',#15580,1000.0);
#13530=COLOUR_RGB('',1.0,0.501960813999176,0.0);
#13531=CARTESIAN_POINT('',(4.42999999999999,-6.0,2.39999999999999));
#13532=CARTESIAN_POINT('',(4.74999999999999,-6.0,2.39999999999999));
#13533=CARTESIAN_POINT('',(-20.9505043291106,-5.99999999999997,2.39999999999999));
#13534=VECTOR('',#15581,1000.0);
#13535=CARTESIAN_POINT('',(4.74999999999999,-6.0,2.39999999999999));
#13536=VECTOR('',#15582,1000.0);
#13537=CARTESIAN_POINT('',(4.42999999999999,-6.0,2.39999999999999));
#13538=VECTOR('',#15583,1000.0);
#13539=COLOUR_RGB('',1.0,0.501960813999176,0.0);
#13540=CARTESIAN_POINT('',(4.42999999999999,-7.5,4.39999999999999));
#13541=CARTESIAN_POINT('',(4.74999999999999,-7.5,4.39999999999999));
#13542=CARTESIAN_POINT('',(-20.9505043291106,-7.49999999999997,4.39999999999999));
#13543=VECTOR('',#15584,1000.0);
#13544=CARTESIAN_POINT('',(4.74999999999999,-7.5,4.39999999999999));
#13545=VECTOR('',#15585,1000.0);
#13546=CARTESIAN_POINT('',(4.42999999999999,-7.5,4.39999999999999));
#13547=VECTOR('',#15586,1000.0);
#13548=COLOUR_RGB('',1.0,0.501960813999176,0.0);
#13549=CARTESIAN_POINT('',(4.42999999999999,-8.3,4.79999999999999));
#13550=CARTESIAN_POINT('',(4.74999999999999,-8.3,4.79999999999999));
#13551=CARTESIAN_POINT('',(-20.9505043291106,-8.29999999999997,4.79999999999999));
#13552=VECTOR('',#15587,1000.0);
#13553=AXIS2_PLACEMENT_3D('',#15588,#15589,#15590);
#13554=AXIS2_PLACEMENT_3D('',#15591,#15592,#15593);
#13555=COLOUR_RGB('',1.0,0.501960813999176,0.0);
#13556=CARTESIAN_POINT('',(4.42999999999999,-9.0,4.79999999999999));
#13557=CARTESIAN_POINT('',(4.74999999999999,-9.0,4.79999999999999));
#13558=CARTESIAN_POINT('',(-20.9505043291106,-8.99999999999997,4.79999999999999));
#13559=VECTOR('',#15594,1000.0);
#13560=CARTESIAN_POINT('',(4.74999999999999,-9.0,4.79999999999999));
#13561=VECTOR('',#15595,1000.0);
#13562=CARTESIAN_POINT('',(4.42999999999999,-9.0,4.79999999999999));
#13563=VECTOR('',#15596,1000.0);
#13564=COLOUR_RGB('',1.0,0.501960813999176,0.0);
#13565=CARTESIAN_POINT('',(4.42999999999999,-9.0,3.84999999999999));
#13566=CARTESIAN_POINT('',(4.74999999999999,-9.0,3.84999999999999));
#13567=CARTESIAN_POINT('',(-20.9505043291106,-8.99999999999997,3.84999999999999));
#13568=VECTOR('',#15597,1000.0);
#13569=CARTESIAN_POINT('',(4.74999999999999,-9.0,3.84999999999999));
#13570=VECTOR('',#15598,1000.0);
#13571=CARTESIAN_POINT('',(4.42999999999999,-9.0,3.84999999999999));
#13572=VECTOR('',#15599,1000.0);
#13573=COLOUR_RGB('',1.0,0.501960813999176,0.0);
#13574=CARTESIAN_POINT('',(4.74999999999999,-8.4,3.84999999999999));
#13575=VECTOR('',#15600,1000.0);
#13576=CARTESIAN_POINT('',(4.42999999999999,-8.4,3.84999999999999));
#13577=VECTOR('',#15601,1000.0);
#13578=COLOUR_RGB('',1.0,0.501960813999176,0.0);
#13579=CARTESIAN_POINT('',(4.44708594891286,-8.50316542538691,1.34999999999999));
#13580=CARTESIAN_POINT('',(4.44708594891286,-8.50316542538691,1.34999999999999));
#13581=CARTESIAN_POINT('',(4.43579745735299,-8.46996397962261,1.34999998177247));
#13582=CARTESIAN_POINT('',(4.42999999999999,-8.43490266824281,1.34999996354495));
#13583=CARTESIAN_POINT('',(4.42999999999999,-8.39983464801729,1.34999994531743));
#13584=CARTESIAN_POINT('',(4.44708594891286,-8.50316542538692,3.34999999999999));
#13585=CARTESIAN_POINT('',(4.44708594891286,-8.50316542538691,3.34999999999999));
#13586=VECTOR('',#15602,1000.0);
#13587=CARTESIAN_POINT('',(4.42999999999999,-8.39983464801729,3.35000005468256));
#13588=CARTESIAN_POINT('',(4.42999999999999,-8.43490266824281,3.35000003645503));
#13589=CARTESIAN_POINT('',(4.43579745735299,-8.46996397962261,3.35000001822751));
#13590=CARTESIAN_POINT('',(4.44708594891286,-8.50316542538692,3.34999999999999));
#13591=CARTESIAN_POINT('',(4.42999999999999,-8.39983464801729,3.35000005468255));
#13592=VECTOR('',#15603,1000.0);
#13593=COLOUR_RGB('',1.0,0.501960813999176,0.0);
#13594=CARTESIAN_POINT('',(10.509207689889,-6.44204403345502,3.34999999999999));
#13595=VECTOR('',#15604,1000.0);
#13596=COLOUR_RGB('',1.0,0.501960813999176,0.0);
#13597=CARTESIAN_POINT('',(10.509207689889,-6.44204403345502,1.34999999999999));
#13598=VECTOR('',#15605,1000.0);
#13599=COLOUR_RGB('',1.0,0.501960813999176,0.0);
#13600=CARTESIAN_POINT('',(5.55477048779059,-10.7669720229135,3.34999999999999));
#13601=CARTESIAN_POINT('',(4.74999999999999,-8.4,3.34999999999999));
#13602=VECTOR('',#15606,1000.0);
#13603=CARTESIAN_POINT('',(5.55477048779059,-10.7669720229135,1.34999999999999));
#13604=CARTESIAN_POINT('',(5.55477048779059,-10.7669720229135,1.34999999999999));
#13605=VECTOR('',#15607,1000.0);
#13606=CARTESIAN_POINT('',(4.74999999999999,-8.4,1.34999999999999));
#13607=VECTOR('',#15608,1000.0);
#13608=CARTESIAN_POINT('',(4.75005322725517,-8.40015655075053,3.34999999999999));
#13609=VECTOR('',#15609,1000.0);
#13610=COLOUR_RGB('',1.0,0.501960813999176,0.0);
#13611=CARTESIAN_POINT('',(5.2517692254899,-10.870380439609,1.34999999999999));
#13612=CARTESIAN_POINT('',(4.42999999999999,-8.4529126344667,1.34999999999999));
#13613=VECTOR('',#15610,1000.0);
#13614=CARTESIAN_POINT('',(5.2517692254899,-10.870380439609,3.34999999999999));
#13615=CARTESIAN_POINT('',(5.25173524153151,-10.8707799816681,1.34999999999999));
#13616=VECTOR('',#15611,1000.0);
#13617=CARTESIAN_POINT('',(4.44703272165768,-8.50300887463639,3.34999999999999));
#13618=VECTOR('',#15612,1000.0);
#13619=COLOUR_RGB('',1.0,0.501960813999176,0.0);
#13620=CARTESIAN_POINT('',(11.3139249504244,-8.80885950561801,3.34999999999999));
#13621=VECTOR('',#15613,1000.0);
#13622=COLOUR_RGB('',1.0,0.501960813999176,0.0);
#13623=CARTESIAN_POINT('',(11.3139249504244,-8.80885950561801,1.34999999999999));
#13624=VECTOR('',#15614,1000.0);
#13625=COLOUR_RGB('',1.0,0.501960813999176,0.0);
#13626=CARTESIAN_POINT('',(5.53295278650833,-11.0234780248685,3.34999999999999));
#13627=AXIS2_PLACEMENT_3D('',#15615,#15616,#15617);
#13628=CARTESIAN_POINT('',(5.53295278650833,-11.0234780248685,1.34999999999999));
#13629=CARTESIAN_POINT('',(5.53295278650833,-11.0234780248685,1.34999999999999));
#13630=VECTOR('',#15618,1000.0);
#13631=AXIS2_PLACEMENT_3D('',#15619,#15620,#15621);
#13632=COLOUR_RGB('',1.0,0.501960813999176,0.0);
#13633=CARTESIAN_POINT('',(0.660740209392998,-8.37792002228028,3.34999999999999));
#13634=VECTOR('',#15622,1000.0);
#13635=COLOUR_RGB('',1.0,0.501960813999176,0.0);
#13636=CARTESIAN_POINT('',(0.660740209392997,-8.37792002228028,1.34999999999999));
#13637=VECTOR('',#15623,1000.0);
#13638=COLOUR_RGB('',1.0,0.501960813999176,0.0);
#13639=CARTESIAN_POINT('',(5.20839892997786,-11.6211951719475,1.34999999999999));
#13640=CARTESIAN_POINT('',(4.7312175449768,-12.5,1.34999999999999));
#13641=VECTOR('',#15624,1000.0);
#13642=CARTESIAN_POINT('',(4.7312175449768,-12.5,3.34999999999999));
#13643=VECTOR('',#15625,1000.0);
#13644=AXIS2_PLACEMENT_3D('',#15626,#15627,#15628);
#13645=COLOUR_RGB('',1.0,0.501960813999176,0.0);
#13646=CARTESIAN_POINT('',(4.44999999999999,-12.3473019567997,3.34999999999999));
#13647=VECTOR('',#15629,1000.0);
#13648=CARTESIAN_POINT('',(4.92718138500105,-11.4684971287471,1.34999999999999));
#13649=CARTESIAN_POINT('',(4.44999999999999,-12.3473019567996,1.34999999999999));
#13650=VECTOR('',#15630,1000.0);
#13651=AXIS2_PLACEMENT_3D('',#15631,#15632,#15633);
#13652=COLOUR_RGB('',1.0,0.501960813999176,0.0);
#13653=COLOUR_RGB('',1.0,0.501960813999176,0.0);
#13654=CARTESIAN_POINT('',(0.33618635286253,-8.97563716935927,1.34999999999999));
#13655=VECTOR('',#15634,1000.0);
#13656=COLOUR_RGB('',1.0,0.501960813999176,0.0);
#13657=COLOUR_RGB('',1.0,0.501960813999176,0.0);
#13658=CARTESIAN_POINT('',(4.75,-3.05,0.399999999999995));
#13659=CARTESIAN_POINT('',(4.75,-3.05,-1.85));
#13660=VECTOR('',#15635,1000.0);
#13661=CARTESIAN_POINT('',(4.75,-1.95,1.05));
#13662=CARTESIAN_POINT('',(4.75,-1.95,1.05));
#13663=VECTOR('',#15636,1000.0);
#13664=CARTESIAN_POINT('',(4.75,0.35,1.05));
#13665=CARTESIAN_POINT('',(4.75,0.35,1.05));
#13666=VECTOR('',#15637,1000.0);
#13667=CARTESIAN_POINT('',(4.75,0.350000000000002,-1.85));
#13668=VECTOR('',#15638,1000.0);
#13669=CARTESIAN_POINT('',(4.75,1.45,3.22));
#13670=VECTOR('',#15639,1000.0);
#13671=CARTESIAN_POINT('',(4.75,0.65,2.4));
#13672=CARTESIAN_POINT('',(4.75,0.649999999999999,3.22));
#13673=VECTOR('',#15640,1000.0);
#13674=CARTESIAN_POINT('',(4.75,-0.95,2.4));
#13675=CARTESIAN_POINT('',(4.75,-0.95,2.4));
#13676=VECTOR('',#15641,1000.0);
#13677=CARTESIAN_POINT('',(4.75,-0.950000000000001,3.22));
#13678=VECTOR('',#15642,1000.0);
#13679=CARTESIAN_POINT('',(4.75,-3.05,0.399999999999995));
#13680=VECTOR('',#15643,1000.0);
#13681=COLOUR_RGB('',1.0,0.501960813999176,0.0);
#13682=CARTESIAN_POINT('',(-4.75,1.45,3.22));
#13683=VECTOR('',#15644,1000.0);
#13684=CARTESIAN_POINT('',(-4.75,0.35,1.05));
#13685=CARTESIAN_POINT('',(-4.75,0.349999999999999,-1.85));
#13686=VECTOR('',#15645,1000.0);
#13687=CARTESIAN_POINT('',(-4.75,-1.95,1.05));
#13688=CARTESIAN_POINT('',(-4.75,0.35,1.05));
#13689=VECTOR('',#15646,1000.0);
#13690=CARTESIAN_POINT('',(-4.75,-1.95,1.05));
#13691=VECTOR('',#15647,1000.0);
#13692=CARTESIAN_POINT('',(-4.75,-3.05,0.4));
#13693=CARTESIAN_POINT('',(-4.75,-3.05,-1.85));
#13694=VECTOR('',#15648,1000.0);
#13695=CARTESIAN_POINT('',(-4.75,-3.05,0.4));
#13696=VECTOR('',#15649,1000.0);
#13697=CARTESIAN_POINT('',(-4.75,-0.95,2.4));
#13698=CARTESIAN_POINT('',(-4.75,-0.949999999999999,3.22));
#13699=VECTOR('',#15650,1000.0);
#13700=CARTESIAN_POINT('',(-4.75,0.65,2.4));
#13701=CARTESIAN_POINT('',(-4.75,-0.95,2.4));
#13702=VECTOR('',#15651,1000.0);
#13703=CARTESIAN_POINT('',(-4.75,0.650000000000001,3.22));
#13704=VECTOR('',#15652,1000.0);
#13705=COLOUR_RGB('',1.0,0.501960813999176,0.0);
#13706=CARTESIAN_POINT('',(-4.4,-4.5,2.9));
#13707=CARTESIAN_POINT('',(-4.4,-0.95,2.9));
#13708=CARTESIAN_POINT('',(-4.4,-4.5,2.9));
#13709=VECTOR('',#15653,1000.0);
#13710=CARTESIAN_POINT('',(-3.9,-4.5,2.9));
#13711=CARTESIAN_POINT('',(-4.4,-4.5,2.9));
#13712=VECTOR('',#15654,1000.0);
#13713=CARTESIAN_POINT('',(-3.9,-4.5,2.9));
#13714=VECTOR('',#15655,1000.0);
#13715=CARTESIAN_POINT('',(3.9,-4.5,2.9));
#13716=CARTESIAN_POINT('',(3.52,-4.8,2.9));
#13717=VECTOR('',#15656,1000.0);
#13718=CARTESIAN_POINT('',(3.9,-4.5,2.9));
#13719=VECTOR('',#15657,1000.0);
#13720=CARTESIAN_POINT('',(-4.3,-0.95,2.9));
#13721=VECTOR('',#15658,1000.0);
#13722=COLOUR_RGB('',1.0,0.501960813999176,0.0);
#13723=CARTESIAN_POINT('',(-4.43,-4.5,2.4));
#13724=CARTESIAN_POINT('',(-4.43,-4.75,2.4));
#13725=CARTESIAN_POINT('',(-4.43,-4.5,2.4));
#13726=VECTOR('',#15659,1000.0);
#13727=CARTESIAN_POINT('',(-4.43,-4.5,2.899));
#13728=VECTOR('',#15660,1000.0);
#13729=CARTESIAN_POINT('',(-4.43,-3.05,0.4));
#13730=VECTOR('',#15661,1000.0);
#13731=CARTESIAN_POINT('',(-4.43,-4.75,2.4));
#13732=VECTOR('',#15662,1000.0);
#13733=COLOUR_RGB('',1.0,0.501960813999176,0.0);
#13734=CARTESIAN_POINT('',(4.42999999999999,-4.5,2.4));
#13735=CARTESIAN_POINT('',(4.43,-4.5,2.4));
#13736=VECTOR('',#15663,1000.0);
#13737=CARTESIAN_POINT('',(4.43,-4.8,2.4));
#13738=VECTOR('',#15664,1000.0);
#13739=CARTESIAN_POINT('',(4.43,-3.05,0.399999999999995));
#13740=VECTOR('',#15665,1000.0);
#13741=COLOUR_RGB('',1.0,0.501960813999176,0.0);
#13742=AXIS2_PLACEMENT_3D('',#15666,#15667,#15668);
#13743=AXIS2_PLACEMENT_3D('',#15669,#15670,#15671);
#13744=COLOUR_RGB('',1.0,0.501960813999176,0.0);
#13745=COLOUR_RGB('',1.0,0.0,1.0);
#13746=AXIS2_PLACEMENT_3D('',#15672,#15673,#15674);
#13747=AXIS2_PLACEMENT_3D('',#15675,#15676,#15677);
#13748=COLOUR_RGB('',1.0,0.0,1.0);
#13749=AXIS2_PLACEMENT_3D('',#15678,#15679,#15680);
#13750=AXIS2_PLACEMENT_3D('',#15681,#15682,#15683);
#13751=COLOUR_RGB('',1.0,0.0,1.0);
#13752=COLOUR_RGB('',1.0,0.0,1.0);
#13753=AXIS2_PLACEMENT_3D('',#15684,#15685,#15686);
#13754=COLOUR_RGB('',1.0,0.0,1.0);
#13755=AXIS2_PLACEMENT_3D('',#15687,#15688,#15689);
#13756=CARTESIAN_POINT('',(-0.95409322478117,-0.550845980159409,-0.4));
#13757=CARTESIAN_POINT('',(-0.95409322478117,0.550845980159409,-0.4));
#13758=CARTESIAN_POINT('',(-0.95409322478117,0.499407982849028,-0.4));
#13759=VECTOR('',#15690,1000.0);
#13760=CARTESIAN_POINT('',(3.05780945097592E-17,-1.10169196031881,-0.4));
#13761=CARTESIAN_POINT('',(-0.909546612390585,-0.576564978814599,-0.4));
#13762=VECTOR('',#15691,1000.0);
#13763=CARTESIAN_POINT('',(0.95409322478117,-0.550845980159409,-0.4));
#13764=CARTESIAN_POINT('',(0.0445466123905849,-1.07597296166362,-0.4));
#13765=VECTOR('',#15692,1000.0);
#13766=CARTESIAN_POINT('',(0.95409322478117,0.550845980159409,-0.4));
#13767=CARTESIAN_POINT('',(0.95409322478117,-0.499407982849028,-0.4));
#13768=VECTOR('',#15693,1000.0);
#13769=CARTESIAN_POINT('',(-3.05780945097592E-17,1.10169196031881,-0.4));
#13770=CARTESIAN_POINT('',(0.909546612390585,0.576564978814599,-0.4));
#13771=VECTOR('',#15694,1000.0);
#13772=CARTESIAN_POINT('',(-0.0445466123905849,1.07597296166362,-0.4));
#13773=VECTOR('',#15695,1000.0);
#13774=COLOUR_RGB('',1.0,0.0,1.0);
#13775=COLOUR_RGB('',1.0,0.0,1.0);
#13776=CARTESIAN_POINT('',(2.77227120620297E-17,-0.998815965698051,1.8));
#13777=CARTESIAN_POINT('',(0.865,-0.499407982849028,1.8));
#13778=CARTESIAN_POINT('',(2.77227120620297E-17,-0.998815965698051,1.8));
#13779=VECTOR('',#15696,1000.0);
#13780=CARTESIAN_POINT('',(-0.865,-0.499407982849028,1.8));
#13781=CARTESIAN_POINT('',(2.77227120620297E-17,-0.998815965698051,1.8));
#13782=VECTOR('',#15697,1000.0);
#13783=CARTESIAN_POINT('',(-0.865,0.499407982849028,1.8));
#13784=CARTESIAN_POINT('',(-0.865,-0.499407982849028,1.8));
#13785=VECTOR('',#15698,1000.0);
#13786=CARTESIAN_POINT('',(-2.77227120620297E-17,0.998815965698051,1.8));
#13787=CARTESIAN_POINT('',(-2.77227120620297E-17,0.998815965698051,1.8));
#13788=VECTOR('',#15699,1000.0);
#13789=CARTESIAN_POINT('',(0.865,0.499407982849028,1.8));
#13790=CARTESIAN_POINT('',(-2.77227120620297E-17,0.998815965698051,1.8));
#13791=VECTOR('',#15700,1000.0);
#13792=CARTESIAN_POINT('',(0.865,-0.499407982849028,1.8));
#13793=VECTOR('',#15701,1000.0);
#13794=COLOUR_RGB('',1.0,0.0,1.0);
#13795=CARTESIAN_POINT('',(0.865,-0.499407982849028,1.3));
#13796=CARTESIAN_POINT('',(0.865,-0.499407982849028,1.3));
#13797=VECTOR('',#15702,1000.0);
#13798=CARTESIAN_POINT('',(2.77227120620297E-17,-0.998815965698051,1.3));
#13799=CARTESIAN_POINT('',(2.77227120620297E-17,-0.998815965698051,1.3));
#13800=VECTOR('',#15703,1000.0);
#13801=CARTESIAN_POINT('',(2.77227120620297E-17,-0.998815965698051,1.3));
#13802=VECTOR('',#15704,1000.0);
#13803=COLOUR_RGB('',1.0,0.0,1.0);
#13804=CARTESIAN_POINT('',(-0.865,-0.499407982849028,1.3));
#13805=CARTESIAN_POINT('',(2.77227120620297E-17,-0.998815965698051,1.3));
#13806=VECTOR('',#15705,1000.0);
#13807=CARTESIAN_POINT('',(-0.865,-0.499407982849028,1.3));
#13808=VECTOR('',#15706,1000.0);
#13809=COLOUR_RGB('',1.0,0.0,1.0);
#13810=CARTESIAN_POINT('',(-0.865,0.499407982849028,1.3));
#13811=CARTESIAN_POINT('',(-0.865,-0.499407982849028,1.3));
#13812=VECTOR('',#15707,1000.0);
#13813=CARTESIAN_POINT('',(-0.865,0.499407982849028,1.3));
#13814=VECTOR('',#15708,1000.0);
#13815=COLOUR_RGB('',1.0,0.0,1.0);
#13816=CARTESIAN_POINT('',(-2.77227120620297E-17,0.998815965698051,1.3));
#13817=CARTESIAN_POINT('',(-2.77227120620297E-17,0.998815965698051,1.3));
#13818=VECTOR('',#15709,1000.0);
#13819=CARTESIAN_POINT('',(-2.77227120620297E-17,0.998815965698051,1.3));
#13820=VECTOR('',#15710,1000.0);
#13821=COLOUR_RGB('',1.0,0.0,1.0);
#13822=CARTESIAN_POINT('',(0.865,0.499407982849028,1.3));
#13823=CARTESIAN_POINT('',(-2.77227120620297E-17,0.998815965698051,1.3));
#13824=VECTOR('',#15711,1000.0);
#13825=CARTESIAN_POINT('',(0.865,0.499407982849028,1.3));
#13826=VECTOR('',#15712,1000.0);
#13827=COLOUR_RGB('',1.0,0.0,1.0);
#13828=CARTESIAN_POINT('',(0.865,-0.499407982849028,1.3));
#13829=VECTOR('',#15713,1000.0);
#13830=COLOUR_RGB('',1.0,0.0,1.0);
#13831=CARTESIAN_POINT('',(-0.863421920645156,-0.498496878308706,1.33011154787386));
#13832=VECTOR('',#15714,1000.0);
#13833=CARTESIAN_POINT('',(2.76721356001044E-17,-0.996993756617407,1.33011154787386));
#13834=VECTOR('',#15715,1000.0);
#13835=COLOUR_RGB('',1.0,0.0,1.0);
#13836=CARTESIAN_POINT('',(-0.863421920645156,0.498496878308706,1.33011154787386));
#13837=VECTOR('',#15716,1000.0);
#13838=COLOUR_RGB('',1.0,0.0,1.0);
#13839=CARTESIAN_POINT('',(-2.76721356001044E-17,0.996993756617407,1.33011154787386));
#13840=VECTOR('',#15717,1000.0);
#13841=COLOUR_RGB('',1.0,0.0,1.0);
#13842=CARTESIAN_POINT('',(0.863421920645156,0.498496878308706,1.33011154787386));
#13843=VECTOR('',#15718,1000.0);
#13844=COLOUR_RGB('',1.0,0.0,1.0);
#13845=CARTESIAN_POINT('',(0.863421920645156,-0.498496878308706,1.33011154787386));
#13846=VECTOR('',#15719,1000.0);
#13847=COLOUR_RGB('',1.0,0.0,1.0);
#13848=COLOUR_RGB('',1.0,0.501960813999176,0.0);
#13849=CARTESIAN_POINT('',(-4.4,-4.75,2.4));
#13850=VECTOR('',#15720,1000.0);
#13851=COLOUR_RGB('',1.0,0.501960813999176,0.0);
#13852=CARTESIAN_POINT('',(-4.4,-4.5,2.4));
#13853=VECTOR('',#15721,1000.0);
#13854=COLOUR_RGB('',1.0,0.501960813999176,0.0);
#13855=CARTESIAN_POINT('',(-4.4,-4.5,2.899));
#13856=CARTESIAN_POINT('',(-4.4,-4.5,2.899));
#13857=VECTOR('',#15722,1000.0);
#13858=CARTESIAN_POINT('',(-4.4,-0.95,2.899));
#13859=CARTESIAN_POINT('',(-4.4,-0.95,2.899));
#13860=VECTOR('',#15723,1000.0);
#13861=CARTESIAN_POINT('',(-4.4,-0.95,2.899));
#13862=VECTOR('',#15724,1000.0);
#13863=COLOUR_RGB('',1.0,0.501960813999176,0.0);
#13864=CARTESIAN_POINT('',(-4.4,0.65,2.4));
#13865=VECTOR('',#15725,1000.0);
#13866=CARTESIAN_POINT('',(-4.4,-0.95,2.39999999999999));
#13867=CARTESIAN_POINT('',(-4.4,-0.95,2.4));
#13868=VECTOR('',#15726,1000.0);
#13869=CARTESIAN_POINT('',(-4.4,0.65,2.4));
#13870=VECTOR('',#15727,1000.0);
#13871=COLOUR_RGB('',1.0,0.501960813999176,0.0);
#13872=CARTESIAN_POINT('',(-4.4,0.349999999999999,1.05));
#13873=VECTOR('',#15728,1000.0);
#13874=COLOUR_RGB('',1.0,0.501960813999176,0.0);
#13875=CARTESIAN_POINT('',(-4.4,-1.95,1.05));
#13876=VECTOR('',#15729,1000.0);
#13877=COLOUR_RGB('',1.0,0.501960813999176,0.0);
#13878=COLOUR_RGB('',1.0,0.501960813999176,0.0);
#13879=CARTESIAN_POINT('',(-4.4,-3.05,0.399999999999998));
#13880=VECTOR('',#15730,1000.0);
#13881=COLOUR_RGB('',1.0,0.501960813999176,0.0);
#13882=COLOUR_RGB('',1.0,0.501960813999176,0.0);
#13883=CARTESIAN_POINT('',(-4.4,-0.95,-10.3172889856932));
#13884=VECTOR('',#15731,1000.0);
#13885=COLOUR_RGB('',1.0,0.501960813999176,0.0);
#13886=CARTESIAN_POINT('',(4.4,0.349999999999999,1.05));
#13887=VECTOR('',#15732,1000.0);
#13888=COLOUR_RGB('',1.0,0.501960813999176,0.0);
#13889=CARTESIAN_POINT('',(4.4,-0.95,2.4));
#13890=CARTESIAN_POINT('',(4.4,-0.95,2.4));
#13891=VECTOR('',#15733,1000.0);
#13892=CARTESIAN_POINT('',(4.4,0.65,2.4));
#13893=VECTOR('',#15734,1000.0);
#13894=CARTESIAN_POINT('',(4.4,-0.95,2.4));
#13895=VECTOR('',#15735,1000.0);
#13896=COLOUR_RGB('',0.0,0.0,1.0);
#13897=CARTESIAN_POINT('',(4.4,-4.5,2.4));
#13898=VECTOR('',#15736,1000.0);
#13899=COLOUR_RGB('',1.0,0.501960813999176,0.0);
#13900=CARTESIAN_POINT('',(4.4,-3.05,0.399999999999999));
#13901=VECTOR('',#15737,1000.0);
#13902=COLOUR_RGB('',1.0,0.501960813999176,0.0);
#13903=COLOUR_RGB('',1.0,0.501960813999176,0.0);
#13904=CARTESIAN_POINT('',(4.4,-0.95,-10.3172889856932));
#13905=VECTOR('',#15738,1000.0);
#13906=COLOUR_RGB('',1.0,0.501960813999176,0.0);
#13907=CARTESIAN_POINT('',(4.429,-1.95,0.5));
#13908=CARTESIAN_POINT('',(-1.28189897098414E-31,-1.95,0.5));
#13909=VECTOR('',#15739,1000.0);
#13910=CARTESIAN_POINT('',(4.429,-1.95,1.05));
#13911=CARTESIAN_POINT('',(4.429,-1.95,-10.3172889856932));
#13912=VECTOR('',#15740,1000.0);
#13913=CARTESIAN_POINT('',(4.4,-1.95,1.05));
#13914=VECTOR('',#15741,1000.0);
#13915=COLOUR_RGB('',1.0,0.501960813999176,0.0);
#13916=CARTESIAN_POINT('',(4.429,-0.95,1.05));
#13917=CARTESIAN_POINT('',(4.429,-4.5,1.05));
#13918=VECTOR('',#15742,1000.0);
#13919=CARTESIAN_POINT('',(4.429,-0.95,1.05));
#13920=VECTOR('',#15743,1000.0);
#13921=COLOUR_RGB('',1.0,0.501960813999176,0.0);
#13922=CARTESIAN_POINT('',(4.429,-4.5,2.899));
#13923=VECTOR('',#15744,1000.0);
#13924=COLOUR_RGB('',0.0,0.0,1.0);
#13925=COLOUR_RGB('',1.0,0.501960813999176,0.0);
#13926=CARTESIAN_POINT('',(-4.4,-0.95,-10.3172889856932));
#13927=VECTOR('',#15745,1000.0);
#13928=CARTESIAN_POINT('',(-4.3,-0.95,-10.3172889856932));
#13929=VECTOR('',#15746,1000.0);
#13930=COLOUR_RGB('',1.0,0.501960813999176,0.0);
#13931=CARTESIAN_POINT('',(-4.3,-0.55,-10.3172889856932));
#13932=VECTOR('',#15747,1000.0);
#13933=COLOUR_RGB('',1.0,0.501960813999176,0.0);
#13934=CARTESIAN_POINT('',(-3.825,-0.55,-10.3172889856932));
#13935=VECTOR('',#15748,1000.0);
#13936=COLOUR_RGB('',1.0,0.501960813999176,0.0);
#13937=CARTESIAN_POINT('',(-3.825,0.25,-10.3172889856932));
#13938=VECTOR('',#15749,1000.0);
#13939=COLOUR_RGB('',1.0,0.501960813999176,0.0);
#13940=CARTESIAN_POINT('',(-4.3,0.25,-10.3172889856932));
#13941=VECTOR('',#15750,1000.0);
#13942=COLOUR_RGB('',1.0,0.501960813999176,0.0);
#13943=CARTESIAN_POINT('',(-4.3,0.65,-10.3172889856932));
#13944=VECTOR('',#15751,1000.0);
#13945=COLOUR_RGB('',1.0,0.501960813999176,0.0);
#13946=COLOUR_RGB('',1.0,0.501960813999176,0.0);
#13947=CARTESIAN_POINT('',(4.3,0.65,-10.3172889856932));
#13948=VECTOR('',#15752,1000.0);
#13949=COLOUR_RGB('',1.0,0.501960813999176,0.0);
#13950=CARTESIAN_POINT('',(4.3,0.25,-10.3172889856932));
#13951=VECTOR('',#15753,1000.0);
#13952=COLOUR_RGB('',1.0,0.501960813999176,0.0);
#13953=CARTESIAN_POINT('',(3.825,0.25,-10.3172889856932));
#13954=VECTOR('',#15754,1000.0);
#13955=COLOUR_RGB('',1.0,0.501960813999176,0.0);
#13956=CARTESIAN_POINT('',(3.825,-0.55,-10.3172889856932));
#13957=VECTOR('',#15755,1000.0);
#13958=COLOUR_RGB('',1.0,0.501960813999176,0.0);
#13959=CARTESIAN_POINT('',(4.3,-0.55,-10.3172889856932));
#13960=VECTOR('',#15756,1000.0);
#13961=COLOUR_RGB('',1.0,0.501960813999176,0.0);
#13962=CARTESIAN_POINT('',(4.3,-0.95,-10.3172889856932));
#13963=VECTOR('',#15757,1000.0);
#13964=COLOUR_RGB('',0.0,0.0,1.0);
#13965=CARTESIAN_POINT('',(3.9,-4.5,-10.3172889856932));
#13966=VECTOR('',#15758,1000.0);
#13967=COLOUR_RGB('',0.0,0.0,1.0);
#13968=CARTESIAN_POINT('',(-3.9,-4.5,-10.3172889856932));
#13969=VECTOR('',#15759,1000.0);
#13970=COLOUR_RGB('',0.0,0.0,1.0);
#13971=CARTESIAN_POINT('',(-4.4,-4.5,-10.3172889856932));
#13972=VECTOR('',#15760,1000.0);
#13973=COLOUR_RGB('',1.0,0.501960813999176,0.0);
#13974=CARTESIAN_POINT('',(4.429,-0.95,-10.3172889856932));
#13975=VECTOR('',#15761,1000.0);
#13976=COLOUR_RGB('',0.0,0.0,1.0);
#13977=CARTESIAN_POINT('',(4.429,-0.95,-10.3172889856932));
#13978=VECTOR('',#15762,1000.0);
#13979=CARTESIAN_POINT('',(4.429,-4.5,0.5));
#13980=VECTOR('',#15763,1000.0);
#13981=COLOUR_RGB('',1.0,0.501960813999176,0.0);
#13982=CARTESIAN_POINT('',(4.429,-4.5,-10.3172889856932));
#13983=VECTOR('',#15764,1000.0);
#13984=COLOUR_RGB('',0.0,0.0,1.0);
#13985=COLOUR_RGB('',1.0,0.501960813999176,0.0);
#13986=COLOUR_RGB('',1.0,0.0,1.0);
#13987=COLOUR_RGB('',1.0,0.501960813999176,0.0);
#13988=COLOUR_RGB('',0.0,0.0,1.0);
#13989=COLOUR_RGB('',1.0,0.501960813999176,0.0);
#13990=COLOUR_RGB('',1.0,0.501960813999176,0.0);
#13991=COLOUR_RGB('',1.0,1.0,1.0);
#13992=CARTESIAN_POINT('',(-0.212132034355964,-12.412132034356,0.35));
#13993=CARTESIAN_POINT('',(0.212132034355969,-12.412132034356,0.35));
#13994=AXIS2_PLACEMENT_3D('',#15765,#15766,#15767);
#13995=CARTESIAN_POINT('',(0.212132034355969,-12.412132034356,0.5));
#13996=CARTESIAN_POINT('',(0.212132034355969,-12.412132034356,-0.600000000000002));
#13997=VECTOR('',#15768,1000.0);
#13998=CARTESIAN_POINT('',(-0.212132034355964,-12.412132034356,0.5));
#13999=AXIS2_PLACEMENT_3D('',#15769,#15770,#15771);
#14000=CARTESIAN_POINT('',(-0.212132034355964,-12.412132034356,-0.600000000000002));
#14001=VECTOR('',#15772,1000.0);
#14002=COLOUR_RGB('',1.0,1.0,1.0);
#14003=CARTESIAN_POINT('',(-0.399999999999997,-12.2242640687119,0.35));
#14004=CARTESIAN_POINT('',(-13.1621320343559,0.537867965644116,0.35));
#14005=VECTOR('',#15773,1000.0);
#14006=CARTESIAN_POINT('',(-0.399999999999997,-12.2242640687119,0.5));
#14007=CARTESIAN_POINT('',(-0.399999999999997,-12.2242640687119,0.5));
#14008=VECTOR('',#15774,1000.0);
#14009=CARTESIAN_POINT('',(-0.399999999999996,-12.2242640687119,0.5));
#14010=VECTOR('',#15775,1000.0);
#14011=COLOUR_RGB('',1.0,1.0,1.0);
#14012=CARTESIAN_POINT('',(0.400000000000002,-12.2242640687119,0.35));
#14013=CARTESIAN_POINT('',(6.16213203435602,-6.46213203435582,0.35));
#14014=VECTOR('',#15776,1000.0);
#14015=CARTESIAN_POINT('',(0.400000000000002,-12.2242640687119,0.5));
#14016=CARTESIAN_POINT('',(0.400000000000002,-12.2242640687119,0.5));
#14017=VECTOR('',#15777,1000.0);
#14018=CARTESIAN_POINT('',(0.212132034355969,-12.412132034356,0.5));
#14019=VECTOR('',#15778,1000.0);
#14020=COLOUR_RGB('',1.0,1.0,1.0);
#14021=CARTESIAN_POINT('',(-0.212132034355965,-8.7,0.5));
#14022=AXIS2_PLACEMENT_3D('',#15779,#15780,#15781);
#14023=CARTESIAN_POINT('',(-0.212132034355964,-11.9,0.5));
#14024=VECTOR('',#15782,1000.0);
#14025=COLOUR_RGB('',1.0,1.0,1.0);
#14026=AXIS2_PLACEMENT_3D('',#15783,#15784,#15785);
#14027=COLOUR_RGB('',1.0,1.0,1.0);
#14028=CARTESIAN_POINT('',(-0.3,-8.7,0.350000000000001));
#14029=AXIS2_PLACEMENT_3D('',#15786,#15787,#15788);
#14030=AXIS2_PLACEMENT_3D('',#15789,#15790,#15791);
#14031=COLOUR_RGB('',1.0,1.0,1.0);
#14032=CARTESIAN_POINT('',(-0.3,-11.9,0.35));
#14033=VECTOR('',#15792,1000.0);
#14034=COLOUR_RGB('',1.0,1.0,1.0);
#14035=CARTESIAN_POINT('',(0.750000000000001,-5.77267710627231,0.5));
#14036=CARTESIAN_POINT('',(0.750000000000002,-5.92016940701998,0.622686610972654));
#14037=AXIS2_PLACEMENT_3D('',#15793,#15794,#15795);
#14038=CARTESIAN_POINT('',(-0.749999999999996,-5.77267710627231,0.5));
#14039=CARTESIAN_POINT('',(-7.0,-5.77267710627231,0.5));
#14040=VECTOR('',#15796,1000.0);
#14041=CARTESIAN_POINT('',(-0.749999999999996,-5.92016940701998,0.622686610972654));
#14042=AXIS2_PLACEMENT_3D('',#15797,#15798,#15799);
#14043=CARTESIAN_POINT('',(0.750000000000002,-5.92016940701998,0.622686610972654));
#14044=VECTOR('',#15800,1000.0);
#14045=COLOUR_RGB('',1.0,1.0,1.0);
#14046=CARTESIAN_POINT('',(0.750000000000002,-7.32271974277271,1.72731338902735));
#14047=CARTESIAN_POINT('',(0.750000000000002,-7.17522744202504,1.85));
#14048=AXIS2_PLACEMENT_3D('',#15801,#15802,#15803);
#14049=CARTESIAN_POINT('',(-0.749999999999996,-7.32271974277271,1.72731338902735));
#14050=CARTESIAN_POINT('',(0.750000000000002,-7.32271974277271,1.72731338902735));
#14051=VECTOR('',#15804,1000.0);
#14052=CARTESIAN_POINT('',(-0.749999999999996,-7.17522744202504,1.85));
#14053=AXIS2_PLACEMENT_3D('',#15805,#15806,#15807);
#14054=CARTESIAN_POINT('',(-0.749999999999996,-7.17522744202504,1.85));
#14055=VECTOR('',#15808,1000.0);
#14056=COLOUR_RGB('',1.0,1.0,1.0);
#14057=CARTESIAN_POINT('',(0.750000000000002,-6.42477255797496,1.85));
#14058=CARTESIAN_POINT('',(0.750000000000002,-6.27728025722729,1.72731338902735));
#14059=AXIS2_PLACEMENT_3D('',#15809,#15810,#15811);
#14060=CARTESIAN_POINT('',(-0.749999999999996,-6.42477255797496,1.85));
#14061=CARTESIAN_POINT('',(0.750000000000002,-6.42477255797496,1.85));
#14062=VECTOR('',#15812,1000.0);
#14063=CARTESIAN_POINT('',(-0.749999999999996,-6.27728025722729,1.72731338902735));
#14064=AXIS2_PLACEMENT_3D('',#15813,#15814,#15815);
#14065=CARTESIAN_POINT('',(-0.749999999999996,-6.27728025722729,1.72731338902735));
#14066=VECTOR('',#15816,1000.0);
#14067=COLOUR_RGB('',1.0,1.0,1.0);
#14068=CARTESIAN_POINT('',(0.750000000000002,-7.67983059298002,0.622686610972654));
#14069=CARTESIAN_POINT('',(0.750000000000001,-7.82732289372769,0.5));
#14070=AXIS2_PLACEMENT_3D('',#15817,#15818,#15819);
#14071=CARTESIAN_POINT('',(-0.749999999999996,-7.67983059298002,0.622686610972654));
#14072=CARTESIAN_POINT('',(0.750000000000002,-7.67983059298002,0.622686610972654));
#14073=VECTOR('',#15820,1000.0);
#14074=CARTESIAN_POINT('',(-0.749999999999996,-7.82732289372769,0.5));
#14075=AXIS2_PLACEMENT_3D('',#15821,#15822,#15823);
#14076=CARTESIAN_POINT('',(-7.0,-7.82732289372769,0.5));
#14077=VECTOR('',#15824,1000.0);
#14078=COLOUR_RGB('',1.0,1.0,1.0);
#14079=CARTESIAN_POINT('',(0.750000000000002,-6.12978795647962,1.75462677805469));
#14080=CARTESIAN_POINT('',(0.750000000000002,-6.42477255797496,2.0));
#14081=AXIS2_PLACEMENT_3D('',#15825,#15826,#15827);
#14082=CARTESIAN_POINT('',(-0.749999999999996,-6.12978795647962,1.75462677805469));
#14083=CARTESIAN_POINT('',(0.750000000000002,-6.12978795647962,1.75462677805469));
#14084=VECTOR('',#15828,1000.0);
#14085=CARTESIAN_POINT('',(-0.749999999999996,-6.42477255797496,2.0));
#14086=AXIS2_PLACEMENT_3D('',#15829,#15830,#15831);
#14087=CARTESIAN_POINT('',(0.750000000000002,-6.42477255797496,2.0));
#14088=VECTOR('',#15832,1000.0);
#14089=COLOUR_RGB('',1.0,1.0,1.0);
#14090=CARTESIAN_POINT('',(0.750000000000002,-7.17522744202504,2.0));
#14091=CARTESIAN_POINT('',(0.750000000000002,-7.47021204352038,1.75462677805469));
#14092=AXIS2_PLACEMENT_3D('',#15833,#15834,#15835);
#14093=CARTESIAN_POINT('',(-0.749999999999996,-7.17522744202504,2.0));
#14094=CARTESIAN_POINT('',(0.750000000000002,-7.17522744202504,2.0));
#14095=VECTOR('',#15836,1000.0);
#14096=CARTESIAN_POINT('',(-0.749999999999996,-7.47021204352038,1.75462677805469));
#14097=AXIS2_PLACEMENT_3D('',#15837,#15838,#15839);
#14098=CARTESIAN_POINT('',(0.750000000000002,-7.47021204352038,1.75462677805469));
#14099=VECTOR('',#15840,1000.0);
#14100=COLOUR_RGB('',1.0,1.0,1.0);
#14101=CARTESIAN_POINT('',(0.750000000000001,-7.82732289372769,0.35));
#14102=CARTESIAN_POINT('',(0.750000000000002,-7.53233829223235,0.595373221945308));
#14103=AXIS2_PLACEMENT_3D('',#15841,#15842,#15843);
#14104=CARTESIAN_POINT('',(-0.749999999999996,-7.82732289372769,0.35));
#14105=CARTESIAN_POINT('',(-7.0,-7.82732289372769,0.35));
#14106=VECTOR('',#15844,1000.0);
#14107=CARTESIAN_POINT('',(-0.749999999999996,-7.53233829223235,0.595373221945308));
#14108=AXIS2_PLACEMENT_3D('',#15845,#15846,#15847);
#14109=CARTESIAN_POINT('',(0.750000000000002,-7.53233829223235,0.595373221945308));
#14110=VECTOR('',#15848,1000.0);
#14111=COLOUR_RGB('',1.0,1.0,1.0);
#14112=CARTESIAN_POINT('',(0.750000000000002,-6.06766170776765,0.595373221945308));
#14113=CARTESIAN_POINT('',(0.750000000000001,-5.77267710627231,0.35));
#14114=AXIS2_PLACEMENT_3D('',#15849,#15850,#15851);
#14115=CARTESIAN_POINT('',(-0.749999999999996,-6.06766170776765,0.595373221945308));
#14116=CARTESIAN_POINT('',(0.750000000000002,-6.06766170776765,0.595373221945308));
#14117=VECTOR('',#15852,1000.0);
#14118=CARTESIAN_POINT('',(-0.749999999999996,-5.77267710627231,0.35));
#14119=AXIS2_PLACEMENT_3D('',#15853,#15854,#15855);
#14120=CARTESIAN_POINT('',(-7.0,-5.77267710627231,0.35));
#14121=VECTOR('',#15856,1000.0);
#14122=COLOUR_RGB('',1.0,1.0,1.0);
#14123=CARTESIAN_POINT('',(-0.749999999999996,-7.3,1.85));
#14124=VECTOR('',#15857,1000.0);
#14125=CARTESIAN_POINT('',(0.750000000000002,-7.3,1.85));
#14126=VECTOR('',#15858,1000.0);
#14127=COLOUR_RGB('',1.0,1.0,1.0);
#14128=CARTESIAN_POINT('',(-0.749999999999996,-7.42477255797495,2.0));
#14129=VECTOR('',#15859,1000.0);
#14130=CARTESIAN_POINT('',(0.750000000000002,-7.42477255797495,2.0));
#14131=VECTOR('',#15860,1000.0);
#14132=COLOUR_RGB('',1.0,1.0,1.0);
#14133=CARTESIAN_POINT('',(-0.749999999999996,-6.17522744202505,2.0));
#14134=VECTOR('',#15861,1000.0);
#14135=CARTESIAN_POINT('',(0.750000000000002,-6.17522744202505,2.0));
#14136=VECTOR('',#15862,1000.0);
#14137=COLOUR_RGB('',1.0,1.0,1.0);
#14138=CARTESIAN_POINT('',(0.750000000000002,-6.17522744202505,2.0));
#14139=VECTOR('',#15863,1000.0);
#14140=CARTESIAN_POINT('',(-0.749999999999996,-6.17522744202505,2.0));
#14141=VECTOR('',#15864,1000.0);
#14142=COLOUR_RGB('',1.0,1.0,1.0);
#14143=CARTESIAN_POINT('',(0.750000000000002,-6.3,1.85));
#14144=VECTOR('',#15865,1000.0);
#14145=CARTESIAN_POINT('',(-0.749999999999996,-6.3,1.85));
#14146=VECTOR('',#15866,1000.0);
#14147=COLOUR_RGB('',1.0,1.0,1.0);
#14148=CARTESIAN_POINT('',(-0.749999999999996,-6.3,1.85));
#14149=VECTOR('',#15867,1000.0);
#14150=CARTESIAN_POINT('',(0.750000000000002,-6.3,1.85));
#14151=VECTOR('',#15868,1000.0);
#14152=COLOUR_RGB('',1.0,1.0,1.0);
#14153=CARTESIAN_POINT('',(-0.749999999999996,-8.8,0.35));
#14154=CARTESIAN_POINT('',(-0.399999999999996,-8.8,0.35));
#14155=CARTESIAN_POINT('',(-0.749999999999996,-8.8,0.35));
#14156=VECTOR('',#15869,1000.0);
#14157=CARTESIAN_POINT('',(-0.399999999999996,-8.8,0.5));
#14158=CARTESIAN_POINT('',(-0.399999999999996,-8.8,0.349));
#14159=VECTOR('',#15870,1000.0);
#14160=CARTESIAN_POINT('',(-0.749999999999996,-8.8,0.5));
#14161=CARTESIAN_POINT('',(-0.749999999999996,-8.8,0.5));
#14162=VECTOR('',#15871,1000.0);
#14163=CARTESIAN_POINT('',(-0.749999999999996,-8.8,0.349));
#14164=VECTOR('',#15872,1000.0);
#14165=COLOUR_RGB('',1.0,1.0,1.0);
#14166=CARTESIAN_POINT('',(0.400000000000002,-8.8,0.35));
#14167=CARTESIAN_POINT('',(0.750000000000002,-8.8,0.35));
#14168=CARTESIAN_POINT('',(0.400000000000002,-8.8,0.35));
#14169=VECTOR('',#15873,1000.0);
#14170=CARTESIAN_POINT('',(0.750000000000002,-8.8,0.5));
#14171=CARTESIAN_POINT('',(0.750000000000002,-8.8,0.349));
#14172=VECTOR('',#15874,1000.0);
#14173=CARTESIAN_POINT('',(0.400000000000002,-8.8,0.5));
#14174=CARTESIAN_POINT('',(0.400000000000002,-8.8,0.5));
#14175=VECTOR('',#15875,1000.0);
#14176=CARTESIAN_POINT('',(0.400000000000002,-8.8,0.349));
#14177=VECTOR('',#15876,1000.0);
#14178=COLOUR_RGB('',1.0,1.0,1.0);
#14179=AXIS2_PLACEMENT_3D('',#15877,#15878,#15879);
#14180=COLOUR_RGB('',1.0,1.0,1.0);
#14181=AXIS2_PLACEMENT_3D('',#15880,#15881,#15882);
#14182=COLOUR_RGB('',1.0,1.0,1.0);
#14183=CARTESIAN_POINT('',(0.400000000000003,-14.6,0.35));
#14184=VECTOR('',#15883,1000.0);
#14185=CARTESIAN_POINT('',(0.400000000000003,-14.6,0.5));
#14186=VECTOR('',#15884,1000.0);
#14187=COLOUR_RGB('',1.0,1.0,1.0);
#14188=CARTESIAN_POINT('',(-0.399999999999996,-14.6,0.5));
#14189=VECTOR('',#15885,1000.0);
#14190=CARTESIAN_POINT('',(-0.399999999999996,-14.6,0.35));
#14191=VECTOR('',#15886,1000.0);
#14192=COLOUR_RGB('',1.0,1.0,1.0);
#14193=CARTESIAN_POINT('',(-0.749999999999996,-10.7,0.35));
#14194=VECTOR('',#15887,1000.0);
#14195=CARTESIAN_POINT('',(0.750000000000002,-10.7,0.35));
#14196=VECTOR('',#15888,1000.0);
#14197=COLOUR_RGB('',1.0,1.0,1.0);
#14198=CARTESIAN_POINT('',(0.750000000000002,-10.7,0.5));
#14199=VECTOR('',#15889,1000.0);
#14200=CARTESIAN_POINT('',(-0.749999999999996,-10.7,0.5));
#14201=VECTOR('',#15890,1000.0);
#14202=COLOUR_RGB('',1.0,1.0,1.0);
#14203=CARTESIAN_POINT('',(0.750000000000002,-10.7,0.5));
#14204=VECTOR('',#15891,1000.0);
#14205=CARTESIAN_POINT('',(-0.749999999999996,-10.7,0.5));
#14206=VECTOR('',#15892,1000.0);
#14207=COLOUR_RGB('',1.0,1.0,1.0);
#14208=CARTESIAN_POINT('',(-0.749999999999996,-10.7,0.35));
#14209=VECTOR('',#15893,1000.0);
#14210=COLOUR_RGB('',1.0,1.0,1.0);
#14211=CARTESIAN_POINT('',(0.750000000000002,-10.7,0.35));
#14212=VECTOR('',#15894,1000.0);
#14213=COLOUR_RGB('',1.0,1.0,1.0);
#14214=COLOUR_RGB('',1.0,1.0,1.0);
#14215=CARTESIAN_POINT('',(-2.28786796564403,-12.412132034356,0.35));
#14216=CARTESIAN_POINT('',(-2.1,-12.2242640687119,0.35));
#14217=CARTESIAN_POINT('',(4.91213203435596,-5.21213203435596,0.35));
#14218=VECTOR('',#15895,1000.0);
#14219=CARTESIAN_POINT('',(-2.1,-12.2242640687119,0.5));
#14220=CARTESIAN_POINT('',(-2.1,-12.2242640687119,0.5));
#14221=VECTOR('',#15896,1000.0);
#14222=CARTESIAN_POINT('',(-2.28786796564403,-12.412132034356,0.5));
#14223=CARTESIAN_POINT('',(-2.28786796564403,-12.412132034356,0.5));
#14224=VECTOR('',#15897,1000.0);
#14225=CARTESIAN_POINT('',(-2.28786796564403,-12.412132034356,-0.600000000000002));
#14226=VECTOR('',#15898,1000.0);
#14227=COLOUR_RGB('',1.0,1.0,1.0);
#14228=CARTESIAN_POINT('',(-2.9,-12.2242640687119,0.35));
#14229=CARTESIAN_POINT('',(-2.71213203435596,-12.412132034356,0.35));
#14230=CARTESIAN_POINT('',(-14.412132034356,-0.712132034355965,0.35));
#14231=VECTOR('',#15899,1000.0);
#14232=CARTESIAN_POINT('',(-2.71213203435596,-12.412132034356,0.5));
#14233=CARTESIAN_POINT('',(-2.71213203435596,-12.412132034356,-0.600000000000002));
#14234=VECTOR('',#15900,1000.0);
#14235=CARTESIAN_POINT('',(-2.9,-12.2242640687119,0.5));
#14236=CARTESIAN_POINT('',(-2.9,-12.2242640687119,0.5));
#14237=VECTOR('',#15901,1000.0);
#14238=CARTESIAN_POINT('',(-2.9,-12.2242640687119,0.5));
#14239=VECTOR('',#15902,1000.0);
#14240=COLOUR_RGB('',1.0,1.0,1.0);
#14241=AXIS2_PLACEMENT_3D('',#15903,#15904,#15905);
#14242=AXIS2_PLACEMENT_3D('',#15906,#15907,#15908);
#14243=COLOUR_RGB('',1.0,1.0,1.0);
#14244=CARTESIAN_POINT('',(-2.1,-8.8,0.5));
#14245=CARTESIAN_POINT('',(-2.1,-10.7,0.5));
#14246=VECTOR('',#15909,1000.0);
#14247=CARTESIAN_POINT('',(-1.75,-8.8,0.5));
#14248=CARTESIAN_POINT('',(-2.1,-8.8,0.5));
#14249=VECTOR('',#15910,1000.0);
#14250=CARTESIAN_POINT('',(-1.75,-7.82732289372769,0.5));
#14251=CARTESIAN_POINT('',(-1.75,-4.5,0.5));
#14252=VECTOR('',#15911,1000.0);
#14253=CARTESIAN_POINT('',(-3.25,-7.82732289372769,0.5));
#14254=CARTESIAN_POINT('',(-7.0,-7.82732289372769,0.5));
#14255=VECTOR('',#15912,1000.0);
#14256=CARTESIAN_POINT('',(-3.25,-8.8,0.5));
#14257=CARTESIAN_POINT('',(-3.25,-4.5,0.5));
#14258=VECTOR('',#15913,1000.0);
#14259=CARTESIAN_POINT('',(-2.9,-8.8,0.5));
#14260=CARTESIAN_POINT('',(-3.25,-8.8,0.5));
#14261=VECTOR('',#15914,1000.0);
#14262=CARTESIAN_POINT('',(-2.9,-10.7,0.5));
#14263=VECTOR('',#15915,1000.0);
#14264=AXIS2_PLACEMENT_3D('',#15916,#15917,#15918);
#14265=CARTESIAN_POINT('',(-2.71213203435596,-8.7,0.5));
#14266=CARTESIAN_POINT('',(-2.71213203435596,-11.9,0.5));
#14267=VECTOR('',#15919,1000.0);
#14268=AXIS2_PLACEMENT_3D('',#15920,#15921,#15922);
#14269=COLOUR_RGB('',1.0,1.0,1.0);
#14270=CARTESIAN_POINT('',(-2.9,-8.8,0.35));
#14271=CARTESIAN_POINT('',(-2.9,-10.7,0.35));
#14272=VECTOR('',#15923,1000.0);
#14273=CARTESIAN_POINT('',(-3.25,-8.8,0.35));
#14274=CARTESIAN_POINT('',(-3.25,-8.8,0.35));
#14275=VECTOR('',#15924,1000.0);
#14276=CARTESIAN_POINT('',(-3.25,-7.82732289372769,0.35));
#14277=CARTESIAN_POINT('',(-3.25,-4.5,0.35));
#14278=VECTOR('',#15925,1000.0);
#14279=CARTESIAN_POINT('',(-1.75,-7.82732289372769,0.35));
#14280=CARTESIAN_POINT('',(-7.0,-7.82732289372769,0.35));
#14281=VECTOR('',#15926,1000.0);
#14282=CARTESIAN_POINT('',(-1.75,-8.8,0.35));
#14283=CARTESIAN_POINT('',(-1.75,-4.5,0.35));
#14284=VECTOR('',#15927,1000.0);
#14285=CARTESIAN_POINT('',(-2.1,-8.8,0.35));
#14286=CARTESIAN_POINT('',(-2.1,-8.8,0.35));
#14287=VECTOR('',#15928,1000.0);
#14288=CARTESIAN_POINT('',(-2.1,-10.7,0.35));
#14289=VECTOR('',#15929,1000.0);
#14290=AXIS2_PLACEMENT_3D('',#15930,#15931,#15932);
#14291=CARTESIAN_POINT('',(-2.8,-8.7,0.35));
#14292=AXIS2_PLACEMENT_3D('',#15933,#15934,#15935);
#14293=CARTESIAN_POINT('',(-2.8,-11.9,0.35));
#14294=VECTOR('',#15936,1000.0);
#14295=COLOUR_RGB('',1.0,1.0,1.0);
#14296=CARTESIAN_POINT('',(-2.9,-8.8,0.349));
#14297=VECTOR('',#15937,1000.0);
#14298=COLOUR_RGB('',1.0,1.0,1.0);
#14299=CARTESIAN_POINT('',(-2.1,-8.8,0.349));
#14300=VECTOR('',#15938,1000.0);
#14301=COLOUR_RGB('',1.0,1.0,1.0);
#14302=CARTESIAN_POINT('',(-1.75,-8.8,0.349));
#14303=VECTOR('',#15939,1000.0);
#14304=COLOUR_RGB('',1.0,1.0,1.0);
#14305=CARTESIAN_POINT('',(-3.25,-8.8,0.349));
#14306=VECTOR('',#15940,1000.0);
#14307=COLOUR_RGB('',1.0,1.0,1.0);
#14308=CARTESIAN_POINT('',(-3.25,-6.27728025722729,1.72731338902735));
#14309=CARTESIAN_POINT('',(-3.25,-6.06766170776765,0.595373221945308));
#14310=CARTESIAN_POINT('',(-3.25,-6.3,1.85));
#14311=VECTOR('',#15941,1000.0);
#14312=CARTESIAN_POINT('',(-1.75,-6.06766170776765,0.595373221945308));
#14313=CARTESIAN_POINT('',(-1.75,-6.06766170776765,0.595373221945308));
#14314=VECTOR('',#15942,1000.0);
#14315=CARTESIAN_POINT('',(-1.75,-6.27728025722729,1.72731338902735));
#14316=CARTESIAN_POINT('',(-1.75,-6.3,1.85));
#14317=VECTOR('',#15943,1000.0);
#14318=CARTESIAN_POINT('',(-3.25,-6.27728025722729,1.72731338902735));
#14319=VECTOR('',#15944,1000.0);
#14320=COLOUR_RGB('',1.0,1.0,1.0);
#14321=COLOUR_RGB('',1.0,1.0,1.0);
#14322=AXIS2_PLACEMENT_3D('',#15945,#15946,#15947);
#14323=COLOUR_RGB('',1.0,1.0,1.0);
#14324=COLOUR_RGB('',1.0,1.0,1.0);
#14325=CARTESIAN_POINT('',(-1.75,-7.53233829223235,0.595373221945308));
#14326=AXIS2_PLACEMENT_3D('',#15948,#15949,#15950);
#14327=CARTESIAN_POINT('',(-3.25,-7.53233829223235,0.595373221945308));
#14328=AXIS2_PLACEMENT_3D('',#15951,#15952,#15953);
#14329=CARTESIAN_POINT('',(-1.75,-7.53233829223235,0.595373221945308));
#14330=VECTOR('',#15954,1000.0);
#14331=COLOUR_RGB('',1.0,1.0,1.0);
#14332=CARTESIAN_POINT('',(-1.75,-5.77267710627231,0.5));
#14333=CARTESIAN_POINT('',(-1.75,-5.92016940701998,0.622686610972654));
#14334=AXIS2_PLACEMENT_3D('',#15955,#15956,#15957);
#14335=CARTESIAN_POINT('',(-3.25,-5.77267710627231,0.5));
#14336=CARTESIAN_POINT('',(-7.0,-5.77267710627231,0.5));
#14337=VECTOR('',#15958,1000.0);
#14338=CARTESIAN_POINT('',(-3.25,-5.92016940701998,0.622686610972654));
#14339=AXIS2_PLACEMENT_3D('',#15959,#15960,#15961);
#14340=CARTESIAN_POINT('',(-1.75,-5.92016940701998,0.622686610972654));
#14341=VECTOR('',#15962,1000.0);
#14342=COLOUR_RGB('',1.0,1.0,1.0);
#14343=AXIS2_PLACEMENT_3D('',#15963,#15964,#15965);
#14344=COLOUR_RGB('',1.0,1.0,1.0);
#14345=COLOUR_RGB('',1.0,1.0,1.0);
#14346=COLOUR_RGB('',1.0,1.0,1.0);
#14347=CARTESIAN_POINT('',(-1.75,-7.67983059298002,0.622686610972654));
#14348=AXIS2_PLACEMENT_3D('',#15966,#15967,#15968);
#14349=CARTESIAN_POINT('',(-3.25,-7.67983059298002,0.622686610972654));
#14350=CARTESIAN_POINT('',(-1.75,-7.67983059298002,0.622686610972654));
#14351=VECTOR('',#15969,1000.0);
#14352=AXIS2_PLACEMENT_3D('',#15970,#15971,#15972);
#14353=COLOUR_RGB('',1.0,1.0,1.0);
#14354=CARTESIAN_POINT('',(-3.25,-7.32271974277271,1.72731338902735));
#14355=CARTESIAN_POINT('',(-3.25,-7.3,1.85));
#14356=VECTOR('',#15973,1000.0);
#14357=CARTESIAN_POINT('',(-1.75,-7.32271974277271,1.72731338902735));
#14358=CARTESIAN_POINT('',(-1.75,-7.32271974277271,1.72731338902735));
#14359=VECTOR('',#15974,1000.0);
#14360=CARTESIAN_POINT('',(-1.75,-7.3,1.85));
#14361=VECTOR('',#15975,1000.0);
#14362=COLOUR_RGB('',1.0,1.0,1.0);
#14363=CARTESIAN_POINT('',(-1.75,-7.17522744202504,1.85));
#14364=AXIS2_PLACEMENT_3D('',#15976,#15977,#15978);
#14365=CARTESIAN_POINT('',(-3.25,-7.17522744202504,1.85));
#14366=AXIS2_PLACEMENT_3D('',#15979,#15980,#15981);
#14367=CARTESIAN_POINT('',(-3.25,-7.17522744202504,1.85));
#14368=VECTOR('',#15982,1000.0);
#14369=COLOUR_RGB('',1.0,1.0,1.0);
#14370=CARTESIAN_POINT('',(-1.75,-6.42477255797496,1.85));
#14371=CARTESIAN_POINT('',(-1.75,-6.3,1.85));
#14372=VECTOR('',#15983,1000.0);
#14373=CARTESIAN_POINT('',(-3.25,-6.42477255797496,1.85));
#14374=CARTESIAN_POINT('',(-3.25,-6.3,1.85));
#14375=VECTOR('',#15984,1000.0);
#14376=CARTESIAN_POINT('',(-1.75,-6.42477255797496,1.85));
#14377=VECTOR('',#15985,1000.0);
#14378=COLOUR_RGB('',1.0,1.0,1.0);
#14379=AXIS2_PLACEMENT_3D('',#15986,#15987,#15988);
#14380=AXIS2_PLACEMENT_3D('',#15989,#15990,#15991);
#14381=COLOUR_RGB('',1.0,1.0,1.0);
#14382=CARTESIAN_POINT('',(-1.75,-6.12978795647962,1.75462677805469));
#14383=CARTESIAN_POINT('',(-1.75,-6.17522744202505,2.0));
#14384=VECTOR('',#15992,1000.0);
#14385=CARTESIAN_POINT('',(-3.25,-6.12978795647962,1.75462677805469));
#14386=CARTESIAN_POINT('',(-3.25,-6.17522744202505,2.0));
#14387=VECTOR('',#15993,1000.0);
#14388=CARTESIAN_POINT('',(-1.75,-6.12978795647962,1.75462677805469));
#14389=VECTOR('',#15994,1000.0);
#14390=COLOUR_RGB('',1.0,1.0,1.0);
#14391=CARTESIAN_POINT('',(-1.75,-6.42477255797496,2.0));
#14392=AXIS2_PLACEMENT_3D('',#15995,#15996,#15997);
#14393=CARTESIAN_POINT('',(-3.25,-6.42477255797496,2.0));
#14394=AXIS2_PLACEMENT_3D('',#15998,#15999,#16000);
#14395=CARTESIAN_POINT('',(-1.75,-6.42477255797496,2.0));
#14396=VECTOR('',#16001,1000.0);
#14397=COLOUR_RGB('',1.0,1.0,1.0);
#14398=CARTESIAN_POINT('',(-3.25,-7.17522744202504,2.0));
#14399=CARTESIAN_POINT('',(-3.25,-6.17522744202505,2.0));
#14400=VECTOR('',#16002,1000.0);
#14401=CARTESIAN_POINT('',(-1.75,-7.17522744202504,2.0));
#14402=CARTESIAN_POINT('',(-1.75,-7.17522744202504,2.0));
#14403=VECTOR('',#16003,1000.0);
#14404=CARTESIAN_POINT('',(-1.75,-6.17522744202505,2.0));
#14405=VECTOR('',#16004,1000.0);
#14406=COLOUR_RGB('',1.0,1.0,1.0);
#14407=CARTESIAN_POINT('',(-1.75,-7.47021204352038,1.75462677805469));
#14408=AXIS2_PLACEMENT_3D('',#16005,#16006,#16007);
#14409=CARTESIAN_POINT('',(-3.25,-7.47021204352038,1.75462677805469));
#14410=AXIS2_PLACEMENT_3D('',#16008,#16009,#16010);
#14411=CARTESIAN_POINT('',(-1.75,-7.47021204352038,1.75462677805469));
#14412=VECTOR('',#16011,1000.0);
#14413=COLOUR_RGB('',1.0,1.0,1.0);
#14414=CARTESIAN_POINT('',(-3.25,-7.42477255797495,2.0));
#14415=VECTOR('',#16012,1000.0);
#14416=CARTESIAN_POINT('',(-1.75,-7.42477255797495,2.0));
#14417=VECTOR('',#16013,1000.0);
#14418=COLOUR_RGB('',1.0,1.0,1.0);
#14419=CARTESIAN_POINT('',(-1.75,-4.5,0.5));
#14420=VECTOR('',#16014,1000.0);
#14421=CARTESIAN_POINT('',(-3.25,-4.5,0.5));
#14422=VECTOR('',#16015,1000.0);
#14423=COLOUR_RGB('',1.0,1.0,1.0);
#14424=CARTESIAN_POINT('',(-1.75,-5.77267710627231,0.35));
#14425=CARTESIAN_POINT('',(-1.75,-4.5,0.35));
#14426=VECTOR('',#16016,1000.0);
#14427=CARTESIAN_POINT('',(-3.25,-5.77267710627231,0.35));
#14428=CARTESIAN_POINT('',(-7.0,-5.77267710627231,0.35));
#14429=VECTOR('',#16017,1000.0);
#14430=CARTESIAN_POINT('',(-3.25,-4.5,0.35));
#14431=VECTOR('',#16018,1000.0);
#14432=COLOUR_RGB('',1.0,1.0,1.0);
#14433=AXIS2_PLACEMENT_3D('',#16019,#16020,#16021);
#14434=COLOUR_RGB('',1.0,1.0,1.0);
#14435=AXIS2_PLACEMENT_3D('',#16022,#16023,#16024);
#14436=COLOUR_RGB('',1.0,0.501960813999176,0.0);
#14437=COLOUR_RGB('',0.0,0.0,1.0);
#14438=CARTESIAN_POINT('',(5.075,-1.2,0.35));
#14439=VECTOR('',#16025,1000.0);
#14440=COLOUR_RGB('',0.0,0.0,1.0);
#14441=CARTESIAN_POINT('',(4.1,-0.399999999999999,0.36));
#14442=CARTESIAN_POINT('',(5.075,-0.399999999999999,0.36));
#14443=VECTOR('',#16026,1000.0);
#14444=CARTESIAN_POINT('',(4.1,-0.399999999999999,0.36));
#14445=VECTOR('',#16027,1000.0);
#14446=COLOUR_RGB('',0.0,0.0,1.0);
#14447=CARTESIAN_POINT('',(4.1,-1.2,0.36));
#14448=CARTESIAN_POINT('',(4.1,-1.2,0.36));
#14449=VECTOR('',#16028,1000.0);
#14450=CARTESIAN_POINT('',(5.075,-1.2,0.36));
#14451=VECTOR('',#16029,1000.0);
#14452=COLOUR_RGB('',0.0,0.0,1.0);
#14453=CARTESIAN_POINT('',(4.1,-1.2,0.36));
#14454=VECTOR('',#16030,1000.0);
#14455=COLOUR_RGB('',1.0,0.501960813999176,0.0);
#14456=COLOUR_RGB('',0.0,0.0,1.0);
#14457=CARTESIAN_POINT('',(-4.1,-1.2,0.36));
#14458=CARTESIAN_POINT('',(-4.1,-1.2,0.36));
#14459=VECTOR('',#16031,1000.0);
#14460=CARTESIAN_POINT('',(-4.1,-1.2,0.36));
#14461=VECTOR('',#16032,1000.0);
#14462=COLOUR_RGB('',0.0,0.0,1.0);
#14463=CARTESIAN_POINT('',(-4.1,-0.399999999999999,0.36));
#14464=CARTESIAN_POINT('',(-4.1,-0.399999999999999,0.36));
#14465=VECTOR('',#16033,1000.0);
#14466=CARTESIAN_POINT('',(-4.1,-0.399999999999999,0.36));
#14467=VECTOR('',#16034,1000.0);
#14468=COLOUR_RGB('',0.0,0.0,1.0);
#14469=CARTESIAN_POINT('',(-4.1,-1.2,0.36));
#14470=VECTOR('',#16035,1000.0);
#14471=COLOUR_RGB('',1.0,0.501960813999176,0.0);
#14472=COLOUR_RGB('',1.0,1.0,1.0);
#14473=COLOUR_RGB('',0.752941191196442,0.752941191196442,0.752941191196442);
#14474=CARTESIAN_POINT('',(-2.5,-11.9,0.575000000000001));
#14475=DIRECTION('',(-1.0,0.0,0.0));
#14476=DIRECTION('',(0.0,0.0,1.0));
#14477=CARTESIAN_POINT('',(-2.5,-11.9,0.575000000000001));
#14478=DIRECTION('',(0.0,1.0,0.0));
#14479=DIRECTION('',(0.0,0.0,1.0));
#14480=CARTESIAN_POINT('',(-2.5,-11.9,0.5));
#14481=DIRECTION('',(0.0,0.0,1.0));
#14482=DIRECTION('',(1.0,0.0,0.0));
#14483=DIRECTION('',(0.0,1.0,-0.0));
#14484=CARTESIAN_POINT('',(-2.5,-11.9,0.575000000000001));
#14485=DIRECTION('',(0.0,1.0,0.0));
#14486=DIRECTION('',(0.0,0.0,1.0));
#14487=DIRECTION('',(-0.0,1.0,-0.0));
#14488=CARTESIAN_POINT('',(-2.5,-8.7,0.575000000000001));
#14489=DIRECTION('',(0.0,1.0,0.0));
#14490=DIRECTION('',(0.0,0.0,1.0));
#14491=CARTESIAN_POINT('',(-2.5,-8.7,0.575000000000001));
#14492=DIRECTION('',(1.0,-0.0,0.0));
#14493=DIRECTION('',(0.0,0.0,-1.0));
#14494=CARTESIAN_POINT('',(-2.5,-8.7,0.5));
#14495=DIRECTION('',(0.0,0.0,1.0));
#14496=DIRECTION('',(1.0,0.0,0.0));
#14497=CARTESIAN_POINT('',(-2.5,-8.7,0.575000000000002));
#14498=DIRECTION('',(-1.0,-0.0,-0.0));
#14499=DIRECTION('',(0.0,0.0,-1.0));
#14500=CARTESIAN_POINT('',(-2.5,-8.7,0.35));
#14501=DIRECTION('',(0.0,0.0,-1.0));
#14502=DIRECTION('',(1.0,0.0,0.0));
#14503=CARTESIAN_POINT('',(-2.5,-8.7,0.575000000000001));
#14504=DIRECTION('',(0.0,1.0,0.0));
#14505=DIRECTION('',(0.0,0.0,1.0));
#14506=DIRECTION('',(0.0,-1.0,0.0));
#14507=DIRECTION('',(0.0,1.0,0.0));
#14508=CARTESIAN_POINT('',(-2.5,-11.9,0.575000000000001));
#14509=DIRECTION('',(0.0,1.0,0.0));
#14510=DIRECTION('',(0.0,0.0,1.0));
#14511=CARTESIAN_POINT('',(-2.5,-11.9,0.575000000000002));
#14512=DIRECTION('',(1.0,0.0,0.0));
#14513=DIRECTION('',(-0.0,0.0,1.0));
#14514=CARTESIAN_POINT('',(-2.5,-11.9,0.35));
#14515=DIRECTION('',(0.0,0.0,-1.0));
#14516=DIRECTION('',(1.0,0.0,0.0));
#14517=CARTESIAN_POINT('',(-2.5,-11.9,0.575000000000001));
#14518=DIRECTION('',(0.0,1.0,0.0));
#14519=DIRECTION('',(0.0,0.0,1.0));
#14520=CARTESIAN_POINT('',(-1.0842021724855E-16,-11.9,0.575000000000001));
#14521=DIRECTION('',(-1.0,0.0,1.22464679914735E-16));
#14522=DIRECTION('',(1.22464679914735E-16,-0.0,1.0));
#14523=CARTESIAN_POINT('',(-1.0842021724855E-16,-11.9,0.575000000000001));
#14524=DIRECTION('',(0.0,1.0,0.0));
#14525=DIRECTION('',(0.0,0.0,1.0));
#14526=CARTESIAN_POINT('',(-1.0842021724855E-16,-11.9,0.5));
#14527=DIRECTION('',(0.0,0.0,1.0));
#14528=DIRECTION('',(1.0,0.0,0.0));
#14529=CARTESIAN_POINT('',(-1.0842021724855E-16,-8.7,0.575000000000001));
#14530=DIRECTION('',(1.0,-0.0,1.22464679914735E-16));
#14531=DIRECTION('',(1.22464679914735E-16,0.0,-1.0));
#14532=CARTESIAN_POINT('',(-1.0842021724855E-16,-8.7,0.575000000000001));
#14533=DIRECTION('',(0.0,1.0,0.0));
#14534=DIRECTION('',(0.0,0.0,1.0));
#14535=CARTESIAN_POINT('',(-1.0842021724855E-16,-8.7,0.5));
#14536=DIRECTION('',(0.0,0.0,1.0));
#14537=DIRECTION('',(1.0,0.0,0.0));
#14538=DIRECTION('',(0.0,-1.0,0.0));
#14539=CARTESIAN_POINT('',(-1.0842021724855E-16,-8.7,0.575000000000001));
#14540=DIRECTION('',(0.0,1.0,0.0));
#14541=DIRECTION('',(0.0,0.0,1.0));
#14542=DIRECTION('',(0.0,1.0,0.0));
#14543=CARTESIAN_POINT('',(-1.0842021724855E-16,-11.9,0.575000000000001));
#14544=DIRECTION('',(0.0,1.0,0.0));
#14545=DIRECTION('',(0.0,0.0,1.0));
#14546=CARTESIAN_POINT('',(-1.0842021724855E-16,-8.7,0.575000000000002));
#14547=DIRECTION('',(-1.0,-1.22464679914735E-16,-4.24884710452153E-31));
#14548=DIRECTION('',(4.24884710452153E-31,0.0,-1.0));
#14549=CARTESIAN_POINT('',(-1.0842021724855E-16,-8.7,0.35));
#14550=DIRECTION('',(0.0,0.0,-1.0));
#14551=DIRECTION('',(1.0,0.0,0.0));
#14552=CARTESIAN_POINT('',(-1.0842021724855E-16,-11.9,0.575000000000002));
#14553=DIRECTION('',(1.0,1.22464679914735E-16,-4.24884710452153E-31));
#14554=DIRECTION('',(4.24884710452153E-31,-0.0,1.0));
#14555=CARTESIAN_POINT('',(-1.0842021724855E-16,-11.9,0.35));
#14556=DIRECTION('',(0.0,0.0,-1.0));
#14557=DIRECTION('',(1.0,0.0,0.0));
#14558=CARTESIAN_POINT('',(-1.0842021724855E-16,-11.9,0.575000000000001));
#14559=DIRECTION('',(0.0,1.0,0.0));
#14560=DIRECTION('',(0.0,0.0,1.0));
#14561=DIRECTION('',(-0.0,1.0,-0.0));
#14562=CARTESIAN_POINT('',(-1.0842021724855E-16,-11.9,0.575000000000001));
#14563=DIRECTION('',(0.0,1.0,0.0));
#14564=DIRECTION('',(0.0,0.0,1.0));
#14565=DIRECTION('',(-0.0,1.0,-0.0));
#14566=DIRECTION('',(1.11022302462516E-16,-1.54074395550979E-32,-1.0));
#14567=CARTESIAN_POINT('',(-3.5527136788005E-17,1.91511590779254E-17,3.22));
#14568=DIRECTION('',(-1.11022302462516E-16,1.23908819712629E-16,1.0));
#14569=DIRECTION('',(1.38777878078145E-16,1.0,-1.23908819712629E-16));
#14570=DIRECTION('',(-1.11022302462516E-16,5.98473721185169E-17,1.0));
#14571=CARTESIAN_POINT('',(0.0,0.0,2.9));
#14572=DIRECTION('',(-1.11022302462516E-16,1.23908819712629E-16,1.0));
#14573=DIRECTION('',(1.38777878078145E-16,1.0,-1.23908819712629E-16));
#14574=DIRECTION('',(6.30808536718839E-15,5.98473721185058E-17,1.0));
#14575=CARTESIAN_POINT('',(2.81086722862693,0.900000000000005,-0.320999999999995));
#14576=DIRECTION('',(3.38046105864687E-15,9.85638338623105E-17,1.0));
#14577=DIRECTION('',(-2.36553201269565E-15,-1.0,9.85638338623185E-17));
#14578=DIRECTION('',(-3.38046105864687E-15,-5.98473721185128E-17,-1.0));
#14579=CARTESIAN_POINT('',(2.81086722862693,0.900000000000005,-0.000999999999995362));
#14580=DIRECTION('',(3.38046105864687E-15,8.31632348213233E-17,1.0));
#14581=DIRECTION('',(-2.36553201269565E-15,-1.0,8.31632348213313E-17));
#14582=DIRECTION('',(6.30808536718839E-15,5.98473721185058E-17,1.0));
#14583=CARTESIAN_POINT('',(2.81086722862692,-2.49999999999999,-0.320999999999995));
#14584=DIRECTION('',(3.38046105864687E-15,9.85638338623106E-17,1.0));
#14585=DIRECTION('',(-2.36553201269565E-15,-1.0,9.85638338623186E-17));
#14586=DIRECTION('',(-3.38046105864687E-15,-5.98473721185128E-17,-1.0));
#14587=CARTESIAN_POINT('',(2.81086722862692,-2.49999999999999,-0.000999999999995362));
#14588=DIRECTION('',(3.38046105864687E-15,8.31632348213233E-17,1.0));
#14589=DIRECTION('',(-2.36553201269565E-15,-1.0,8.31632348213313E-17));
#14590=CARTESIAN_POINT('',(2.5,-11.9,0.575000000000002));
#14591=DIRECTION('',(1.0,0.0,0.0));
#14592=DIRECTION('',(-0.0,0.0,1.0));
#14593=CARTESIAN_POINT('',(2.5,-11.9,0.35));
#14594=DIRECTION('',(0.0,0.0,-1.0));
#14595=DIRECTION('',(1.0,0.0,0.0));
#14596=CARTESIAN_POINT('',(2.5,-11.9,0.575000000000001));
#14597=DIRECTION('',(0.0,1.0,0.0));
#14598=DIRECTION('',(0.0,0.0,1.0));
#14599=DIRECTION('',(0.0,-1.0,0.0));
#14600=CARTESIAN_POINT('',(2.5,-8.7,0.575000000000001));
#14601=DIRECTION('',(0.0,1.0,0.0));
#14602=DIRECTION('',(0.0,0.0,1.0));
#14603=DIRECTION('',(0.0,1.0,0.0));
#14604=CARTESIAN_POINT('',(2.5,-11.9,0.575000000000001));
#14605=DIRECTION('',(0.0,1.0,0.0));
#14606=DIRECTION('',(0.0,0.0,1.0));
#14607=CARTESIAN_POINT('',(2.5,-8.7,0.575000000000002));
#14608=DIRECTION('',(-1.0,-0.0,-0.0));
#14609=DIRECTION('',(0.0,0.0,-1.0));
#14610=CARTESIAN_POINT('',(2.5,-8.7,0.35));
#14611=DIRECTION('',(0.0,0.0,-1.0));
#14612=DIRECTION('',(1.0,0.0,0.0));
#14613=CARTESIAN_POINT('',(2.5,-8.7,0.575000000000001));
#14614=DIRECTION('',(1.0,-0.0,0.0));
#14615=DIRECTION('',(0.0,0.0,-1.0));
#14616=CARTESIAN_POINT('',(2.5,-8.7,0.575000000000001));
#14617=DIRECTION('',(0.0,1.0,0.0));
#14618=DIRECTION('',(0.0,0.0,1.0));
#14619=CARTESIAN_POINT('',(2.5,-8.7,0.5));
#14620=DIRECTION('',(0.0,0.0,1.0));
#14621=DIRECTION('',(1.0,0.0,0.0));
#14622=DIRECTION('',(0.0,1.0,-0.0));
#14623=CARTESIAN_POINT('',(2.5,-11.9,0.575000000000001));
#14624=DIRECTION('',(0.0,1.0,0.0));
#14625=DIRECTION('',(0.0,0.0,1.0));
#14626=DIRECTION('',(-0.0,1.0,-0.0));
#14627=CARTESIAN_POINT('',(2.5,-11.9,0.575000000000001));
#14628=DIRECTION('',(-1.0,0.0,0.0));
#14629=DIRECTION('',(0.0,0.0,1.0));
#14630=CARTESIAN_POINT('',(2.5,-11.9,0.575000000000001));
#14631=DIRECTION('',(0.0,1.0,0.0));
#14632=DIRECTION('',(0.0,0.0,1.0));
#14633=CARTESIAN_POINT('',(2.5,-11.9,0.5));
#14634=DIRECTION('',(0.0,0.0,1.0));
#14635=DIRECTION('',(1.0,0.0,0.0));
#14636=CARTESIAN_POINT('',(0.0,-2.86229373536173E-17,-0.4));
#14637=DIRECTION('',(-3.07321243078979E-33,8.47032947254301E-17,-1.0));
#14638=DIRECTION('',(-2.77555756156289E-17,1.0,8.47032947254301E-17));
#14639=DIRECTION('',(-6.69694498900023E-17,-0.70710678118655,0.707106781186546));
#14640=CARTESIAN_POINT('',(0.0,-2.34187669256869E-17,-0.2));
#14641=DIRECTION('',(2.75551125489187E-33,-7.32569035463179E-17,1.0));
#14642=DIRECTION('',(-2.77555756156289E-17,1.0,7.32569035463179E-17));
#14643=DIRECTION('',(-1.96261557335472E-17,0.70710678118655,0.707106781186546));
#14644=CARTESIAN_POINT('',(0.0,-1.82145964977565E-17,0.0));
#14645=DIRECTION('',(0.0,0.0,-1.0));
#14646=DIRECTION('',(-1.0,0.0,0.0));
#14647=DIRECTION('',(0.0,-2.60208521396521E-17,-1.0));
#14648=DIRECTION('',(0.0,-2.60208521396521E-17,-1.0));
#14649=CARTESIAN_POINT('',(0.0,8.06646416329215E-17,3.8));
#14650=DIRECTION('',(7.22223729145213E-34,2.00457353256915E-50,1.0));
#14651=DIRECTION('',(-2.77555756156289E-17,1.0,0.0));
#14652=DIRECTION('',(-1.06221761357096E-16,0.707106781186546,-0.707106781186549));
#14653=CARTESIAN_POINT('',(0.0,0.0,3.6));
#14654=DIRECTION('',(0.0,0.0,1.0));
#14655=DIRECTION('',(1.0,0.0,0.0));
#14656=DIRECTION('',(1.96261557335471E-17,-0.707106781186546,-0.707106781186549));
#14657=CARTESIAN_POINT('',(0.0,2.86229373536173E-17,1.8));
#14658=DIRECTION('',(7.22223729145213E-34,2.00457353256915E-50,1.0));
#14659=DIRECTION('',(-2.77555756156289E-17,1.0,0.0));
#14660=DIRECTION('',(-0.0,-0.0,1.0));
#14661=CARTESIAN_POINT('',(0.0,8.06646416329215E-17,3.8));
#14662=DIRECTION('',(7.22223729145213E-34,2.00457353256915E-50,1.0));
#14663=DIRECTION('',(-2.77555756156289E-17,1.0,0.0));
#14664=DIRECTION('',(-0.0,-0.0,1.0));
#14665=CARTESIAN_POINT('',(-7.7715611723761E-17,4.18931604829618E-17,3.6));
#14666=DIRECTION('',(0.0,0.0,1.0));
#14667=DIRECTION('',(1.0,0.0,0.0));
#14668=DIRECTION('',(-1.11022302462516E-16,5.98473721185169E-17,1.0));
#14669=CARTESIAN_POINT('',(-9.99200722162641E-17,5.38626349066652E-17,3.8));
#14670=DIRECTION('',(-1.11022302462516E-16,1.54074395550979E-32,1.0));
#14671=DIRECTION('',(-1.38777878078145E-16,-1.0,3.64921475084588E-48));
#14672=DIRECTION('',(-1.11022302462516E-16,5.98473721185169E-17,1.0));
#14673=CARTESIAN_POINT('',(4.92718138500107,-11.4684971287472,2.34999999999999));
#14674=DIRECTION('',(-0.878804828052542,0.477181385001074,9.39796639069301E-18));
#14675=DIRECTION('',(0.477181385001074,0.878804828052542,8.67361737988405E-16));
#14676=DIRECTION('',(0.87880482805254,-0.477181385001076,-6.71491545787196E-17));
#14677=CARTESIAN_POINT('',(5.20839892997786,-11.6211951719475,2.34999999999999));
#14678=DIRECTION('',(0.87880482805254,-0.477181385001076,-6.71491545787199E-17));
#14679=DIRECTION('',(-0.477181385001076,-0.87880482805254,8.67361737988404E-16));
#14680=DIRECTION('',(0.87880482805254,-0.477181385001076,-6.71491545787196E-17));
#14681=CARTESIAN_POINT('',(-4.92718138500109,-11.4684971287471,2.35));
#14682=DIRECTION('',(-0.878804828052542,-0.477181385001072,5.11373395659574E-16));
#14683=DIRECTION('',(-0.477181385001072,0.878804828052542,0.0));
#14684=DIRECTION('',(-0.878804828052541,-0.477181385001075,4.5362220747155E-16));
#14685=CARTESIAN_POINT('',(-5.20839892997788,-11.6211951719475,2.35));
#14686=DIRECTION('',(-0.878804828052541,-0.477181385001075,4.5362220747155E-16));
#14687=DIRECTION('',(0.477181385001075,-0.878804828052541,2.51810909608102E-32));
#14688=DIRECTION('',(-0.878804828052541,-0.477181385001075,4.5362220747155E-16));
#14689=CARTESIAN_POINT('',(-2.80986722862693,-2.5,4.77048955893622E-15));
#14690=DIRECTION('',(3.6025056635719E-15,-8.32667268468859E-17,-1.0));
#14691=DIRECTION('',(0.0,-1.0,8.32667268468859E-17));
#14692=DIRECTION('',(3.6025056635719E-15,-5.98473721185174E-17,-1.0));
#14693=CARTESIAN_POINT('',(-2.80986722862693,-2.5,-0.319999999999995));
#14694=DIRECTION('',(3.6025056635719E-15,-9.85638338623186E-17,-1.0));
#14695=DIRECTION('',(0.0,-1.0,9.85638338623186E-17));
#14696=DIRECTION('',(3.6025056635719E-15,-5.98473721185174E-17,-1.0));
#14697=CARTESIAN_POINT('',(-2.80986722862693,0.899999999999999,4.77048955893622E-15));
#14698=DIRECTION('',(3.6025056635719E-15,-8.32667268468859E-17,-1.0));
#14699=DIRECTION('',(4.0367555097005E-47,-1.0,8.32667268468859E-17));
#14700=DIRECTION('',(3.6025056635719E-15,-5.98473721185174E-17,-1.0));
#14701=CARTESIAN_POINT('',(-2.80986722862693,0.899999999999999,-0.319999999999995));
#14702=DIRECTION('',(3.6025056635719E-15,-9.85638338623186E-17,-1.0));
#14703=DIRECTION('',(0.0,-1.0,9.85638338623186E-17));
#14704=DIRECTION('',(3.6025056635719E-15,-5.98473721185174E-17,-1.0));
#14705=CARTESIAN_POINT('',(-9.99200722162641E-17,5.38626349066652E-17,3.8));
#14706=DIRECTION('',(-1.11022302462516E-16,1.54074395550979E-32,1.0));
#14707=DIRECTION('',(-1.38777878078145E-16,-1.0,3.04101229237156E-48));
#14708=DIRECTION('',(-0.0,-0.0,-1.0));
#14709=CARTESIAN_POINT('',(-5.77315972805081E-17,3.11206335016288E-17,3.42));
#14710=DIRECTION('',(-1.11022302462516E-16,-8.32001735975285E-32,1.0));
#14711=DIRECTION('',(-7.4940054162198E-16,1.0,0.0));
#14712=CARTESIAN_POINT('',(-5.77315972805081E-17,3.11206335016288E-17,3.42));
#14713=DIRECTION('',(-1.11022302462516E-16,1.54074395550979E-32,1.0));
#14714=DIRECTION('',(1.38777878078145E-16,1.0,-3.04101229237156E-48));
#14715=DIRECTION('',(-0.0,-0.0,-1.0));
#14716=CARTESIAN_POINT('',(-3.5527136788005E-17,1.91511590779254E-17,3.22));
#14717=DIRECTION('',(1.11022302462516E-16,-1.54074395550979E-32,-1.0));
#14718=DIRECTION('',(1.38777878078145E-16,1.0,0.0));
#14719=CARTESIAN_POINT('',(-9.03579936073267E-17,-2.0,3.42));
#14720=DIRECTION('',(1.0,-1.63131981634093E-17,1.11022302462516E-16));
#14721=DIRECTION('',(1.11022302462516E-16,0.0,-1.0));
#14722=CARTESIAN_POINT('',(-5.77315972805081E-17,3.11206335016288E-17,3.42));
#14723=DIRECTION('',(-1.11022302462516E-16,1.54074395550979E-32,1.0));
#14724=DIRECTION('',(1.38777878078145E-16,1.0,-3.04101229237156E-48));
#14725=CARTESIAN_POINT('',(2.19824158875781E-16,2.0,3.42));
#14726=DIRECTION('',(-1.0,1.38777878078144E-16,-1.11022302462516E-16));
#14727=DIRECTION('',(-1.38777878078144E-16,-1.0,0.0));
#14728=CARTESIAN_POINT('',(-3.45,-3.75,3.25));
#14729=DIRECTION('',(0.0,0.0,-1.0));
#14730=DIRECTION('',(-1.0,0.0,0.0));
#14731=DIRECTION('',(-0.258819045102521,-3.16961915143177E-17,-0.965925826289068));
#14732=CARTESIAN_POINT('',(-3.45,-3.75,3.22));
#14733=DIRECTION('',(0.0,0.0,-1.0));
#14734=DIRECTION('',(1.0,0.0,0.0));
#14735=DIRECTION('',(0.258819045102521,0.0,-0.965925826289068));
#14736=CARTESIAN_POINT('',(3.45,-3.75,3.25));
#14737=DIRECTION('',(0.0,-0.0,1.0));
#14738=DIRECTION('',(1.0,0.0,0.0));
#14739=DIRECTION('',(0.258819045102521,3.16961915143177E-17,-0.965925826289068));
#14740=CARTESIAN_POINT('',(3.45,-3.75,3.22));
#14741=DIRECTION('',(0.0,0.0,-1.0));
#14742=DIRECTION('',(1.0,0.0,0.0));
#14743=DIRECTION('',(-0.258819045102521,0.0,-0.965925826289068));
#14744=DIRECTION('',(-0.0,1.0,-0.0));
#14745=DIRECTION('',(-1.0,0.0,0.0));
#14746=DIRECTION('',(-0.0,1.0,-0.0));
#14747=DIRECTION('',(1.0,-0.0,1.28749007982653E-15));
#14748=DIRECTION('',(-0.0,-0.0,1.0));
#14749=DIRECTION('',(0.0,-1.0,0.0));
#14750=DIRECTION('',(0.0,0.0,1.0));
#14751=DIRECTION('',(-0.0,1.0,-0.0));
#14752=DIRECTION('',(-0.0,1.0,-0.0));
#14753=DIRECTION('',(1.0,5.56001114095128E-17,-0.0));
#14754=DIRECTION('',(-0.0,1.0,-0.0));
#14755=DIRECTION('',(1.0,0.0,0.0));
#14756=DIRECTION('',(-1.0,0.0,0.0));
#14757=DIRECTION('',(1.0,-5.72935663497788E-16,-0.0));
#14758=DIRECTION('',(0.0,0.0,-1.0));
#14759=DIRECTION('',(1.0,-3.61400724161834E-16,0.0));
#14760=DIRECTION('',(0.0,0.0,1.0));
#14761=DIRECTION('',(-1.0,3.61400724161834E-16,0.0));
#14762=DIRECTION('',(0.0,-0.0,1.0));
#14763=DIRECTION('',(0.0,1.0,0.0));
#14764=CARTESIAN_POINT('',(3.25,-5.77267710627231,0.65));
#14765=DIRECTION('',(-1.0,0.0,0.0));
#14766=DIRECTION('',(0.0,0.0,1.0));
#14767=DIRECTION('',(-0.0,-0.182089260182309,0.98328200498446));
#14768=CARTESIAN_POINT('',(3.25,-6.42477255797496,1.7));
#14769=DIRECTION('',(1.0,0.0,-0.0));
#14770=DIRECTION('',(0.0,0.0,1.0));
#14771=DIRECTION('',(0.0,-1.0,-1.73535498421966E-16));
#14772=CARTESIAN_POINT('',(3.25,-7.17522744202504,1.7));
#14773=DIRECTION('',(1.0,0.0,-0.0));
#14774=DIRECTION('',(0.0,0.0,1.0));
#14775=DIRECTION('',(0.0,-0.182089260182309,-0.98328200498446));
#14776=CARTESIAN_POINT('',(3.25,-7.82732289372769,0.65));
#14777=DIRECTION('',(-1.0,0.0,0.0));
#14778=DIRECTION('',(0.0,0.0,1.0));
#14779=DIRECTION('',(0.0,1.0,0.0));
#14780=DIRECTION('',(-0.0,-0.0,1.0));
#14781=DIRECTION('',(0.0,1.0,0.0));
#14782=CARTESIAN_POINT('',(3.25,-7.82732289372769,0.65));
#14783=DIRECTION('',(1.0,0.0,-0.0));
#14784=DIRECTION('',(0.0,0.0,1.0));
#14785=DIRECTION('',(-0.0,0.182089260182308,0.98328200498446));
#14786=CARTESIAN_POINT('',(3.25,-7.17522744202504,1.7));
#14787=DIRECTION('',(-1.0,0.0,0.0));
#14788=DIRECTION('',(0.0,0.0,1.0));
#14789=DIRECTION('',(-0.0,1.0,-0.0));
#14790=CARTESIAN_POINT('',(3.25,-6.42477255797496,1.7));
#14791=DIRECTION('',(-1.0,0.0,0.0));
#14792=DIRECTION('',(0.0,0.0,1.0));
#14793=DIRECTION('',(0.0,0.182089260182308,-0.98328200498446));
#14794=CARTESIAN_POINT('',(3.25,-5.77267710627231,0.65));
#14795=DIRECTION('',(1.0,0.0,-0.0));
#14796=DIRECTION('',(0.0,0.0,1.0));
#14797=DIRECTION('',(0.0,1.0,0.0));
#14798=DIRECTION('',(1.0,-0.0,0.0));
#14799=DIRECTION('',(-1.0,0.0,-0.0));
#14800=DIRECTION('',(4.89639690799905E-16,-1.0,-0.0));
#14801=DIRECTION('',(1.0,-0.0,0.0));
#14802=DIRECTION('',(4.89639690799905E-16,-1.0,-0.0));
#14803=DIRECTION('',(1.0,-0.0,0.0));
#14804=DIRECTION('',(-0.0,0.0,-1.0));
#14805=CARTESIAN_POINT('',(1.75,-5.77267710627231,0.65));
#14806=DIRECTION('',(-1.0,-7.2280144832367E-16,-1.68529656031869E-31));
#14807=DIRECTION('',(-7.2280144832367E-16,1.0,7.2280144832367E-16));
#14808=DIRECTION('',(0.0,0.182089260182308,-0.98328200498446));
#14809=CARTESIAN_POINT('',(1.75,-6.42477255797496,1.7));
#14810=DIRECTION('',(1.0,0.0,-0.0));
#14811=DIRECTION('',(0.0,1.0,0.0));
#14812=DIRECTION('',(-0.0,1.0,-0.0));
#14813=CARTESIAN_POINT('',(1.75,-7.17522744202504,1.7));
#14814=DIRECTION('',(1.0,0.0,-0.0));
#14815=DIRECTION('',(0.0,1.0,0.0));
#14816=DIRECTION('',(-0.0,0.182089260182308,0.98328200498446));
#14817=CARTESIAN_POINT('',(1.75,-7.82732289372769,0.65));
#14818=DIRECTION('',(-1.0,-7.2280144832367E-16,-1.68529656031869E-31));
#14819=DIRECTION('',(-7.2280144832367E-16,1.0,7.2280144832367E-16));
#14820=DIRECTION('',(4.89639690799905E-16,-1.0,-0.0));
#14821=DIRECTION('',(-0.0,-0.0,1.0));
#14822=DIRECTION('',(4.89639690799905E-16,-1.0,-0.0));
#14823=CARTESIAN_POINT('',(1.75,-7.82732289372769,0.65));
#14824=DIRECTION('',(1.0,0.0,-0.0));
#14825=DIRECTION('',(0.0,1.0,0.0));
#14826=DIRECTION('',(0.0,-0.182089260182309,-0.98328200498446));
#14827=CARTESIAN_POINT('',(1.75,-7.17522744202504,1.7));
#14828=DIRECTION('',(-1.0,-7.2280144832367E-16,0.0));
#14829=DIRECTION('',(-7.2280144832367E-16,1.0,0.0));
#14830=DIRECTION('',(0.0,-1.0,-1.73535498421966E-16));
#14831=CARTESIAN_POINT('',(1.75,-6.42477255797496,1.7));
#14832=DIRECTION('',(-1.0,-7.2280144832367E-16,1.68529656031869E-31));
#14833=DIRECTION('',(-7.2280144832367E-16,1.0,-7.2280144832367E-16));
#14834=DIRECTION('',(-0.0,-0.182089260182309,0.98328200498446));
#14835=CARTESIAN_POINT('',(1.75,-5.77267710627231,0.65));
#14836=DIRECTION('',(1.0,0.0,-0.0));
#14837=DIRECTION('',(0.0,1.0,0.0));
#14838=DIRECTION('',(1.0,-0.0,-0.0));
#14839=DIRECTION('',(-1.0,0.0,0.0));
#14840=DIRECTION('',(1.0,-0.0,-0.0));
#14841=DIRECTION('',(-1.0,0.0,0.0));
#14842=DIRECTION('',(1.0,-0.0,-0.0));
#14843=DIRECTION('',(-1.0,0.0,0.0));
#14844=DIRECTION('',(1.0,-0.0,-0.0));
#14845=DIRECTION('',(-1.0,0.0,0.0));
#14846=DIRECTION('',(1.0,-0.0,-0.0));
#14847=DIRECTION('',(-1.0,0.0,0.0));
#14848=DIRECTION('',(1.0,-0.0,-0.0));
#14849=DIRECTION('',(-1.0,0.0,0.0));
#14850=DIRECTION('',(-1.0,0.0,-0.0));
#14851=CARTESIAN_POINT('',(2.5,-11.9,0.5));
#14852=DIRECTION('',(0.0,0.0,1.0));
#14853=DIRECTION('',(1.0,0.0,0.0));
#14854=CARTESIAN_POINT('',(2.5,-8.7,0.575000000000001));
#14855=DIRECTION('',(0.0,1.0,0.0));
#14856=DIRECTION('',(0.0,0.0,1.0));
#14857=DIRECTION('',(-0.0,1.0,-0.0));
#14858=CARTESIAN_POINT('',(2.5,-8.7,0.5));
#14859=DIRECTION('',(0.0,0.0,1.0));
#14860=DIRECTION('',(1.0,0.0,0.0));
#14861=DIRECTION('',(1.0,-0.0,0.0));
#14862=CARTESIAN_POINT('',(2.5,-8.7,0.575000000000001));
#14863=DIRECTION('',(0.0,1.0,0.0));
#14864=DIRECTION('',(0.0,0.0,1.0));
#14865=CARTESIAN_POINT('',(2.5,-8.7,0.35));
#14866=DIRECTION('',(0.0,0.0,-1.0));
#14867=DIRECTION('',(1.0,0.0,0.0));
#14868=DIRECTION('',(0.0,1.0,0.0));
#14869=CARTESIAN_POINT('',(2.5,-11.9,0.35));
#14870=DIRECTION('',(0.0,0.0,-1.0));
#14871=DIRECTION('',(1.0,0.0,0.0));
#14872=DIRECTION('',(1.0,0.0,0.0));
#14873=DIRECTION('',(-0.0,-0.0,1.0));
#14874=DIRECTION('',(-1.0,-0.0,-0.0));
#14875=DIRECTION('',(1.0,0.0,0.0));
#14876=DIRECTION('',(-1.0,-0.0,-0.0));
#14877=DIRECTION('',(-0.0,-0.0,1.0));
#14878=DIRECTION('',(0.0,0.0,1.0));
#14879=DIRECTION('',(-1.11200222819026E-16,1.0,-0.0));
#14880=DIRECTION('',(-1.11200222819026E-16,1.0,-0.0));
#14881=DIRECTION('',(0.0,0.0,-1.0));
#14882=DIRECTION('',(3.33600668457078E-16,-1.0,0.0));
#14883=DIRECTION('',(3.33600668457078E-16,-1.0,0.0));
#14884=DIRECTION('',(0.707106781186546,0.707106781186549,0.0));
#14885=CARTESIAN_POINT('',(2.5,-12.2,0.35));
#14886=DIRECTION('',(-0.0,0.0,1.0));
#14887=DIRECTION('',(1.0,0.0,0.0));
#14888=DIRECTION('',(0.707106781186547,-0.707106781186548,0.0));
#14889=CARTESIAN_POINT('',(2.5,-12.2,0.5));
#14890=DIRECTION('',(0.0,0.0,1.0));
#14891=DIRECTION('',(1.0,0.0,0.0));
#14892=DIRECTION('',(0.707106781186546,0.707106781186549,0.0));
#14893=DIRECTION('',(0.707106781186547,-0.707106781186548,0.0));
#14894=DIRECTION('',(-0.0,-0.0,1.0));
#14895=DIRECTION('',(-0.0,-0.0,1.0));
#14896=DIRECTION('',(0.0,0.0,1.0));
#14897=DIRECTION('',(-1.0,0.0,0.0));
#14898=DIRECTION('',(-0.0,0.0,1.0));
#14899=DIRECTION('',(1.0,0.0,0.0));
#14900=DIRECTION('',(0.0,0.0,-1.0));
#14901=DIRECTION('',(1.0,-5.56001114095129E-17,-0.0));
#14902=DIRECTION('',(-0.0,-0.0,1.0));
#14903=DIRECTION('',(-1.0,-0.0,-0.0));
#14904=DIRECTION('',(-0.0,1.0,-0.0));
#14905=DIRECTION('',(1.0,-5.56001114095129E-17,-0.0));
#14906=DIRECTION('',(-0.0,1.0,-0.0));
#14907=DIRECTION('',(1.0,-0.0,1.28749007982653E-15));
#14908=DIRECTION('',(0.0,-1.0,0.0));
#14909=DIRECTION('',(0.0,-1.0,0.0));
#14910=DIRECTION('',(-0.0,1.0,-0.0));
#14911=DIRECTION('',(0.0,0.0,-1.0));
#14912=DIRECTION('',(-0.707106781186548,-0.707106781186547,0.0));
#14913=DIRECTION('',(0.0,0.0,-1.0));
#14914=DIRECTION('',(0.577350269189626,0.577350269189626,0.577350269189626));
#14915=DIRECTION('',(0.0,-1.0,0.0));
#14916=DIRECTION('',(0.0,0.0,-1.0));
#14917=DIRECTION('',(-0.0,1.0,0.0));
#14918=DIRECTION('',(0.707106781186548,-0.707106781186547,0.0));
#14919=DIRECTION('',(0.0,0.0,-1.0));
#14920=DIRECTION('',(0.0,0.0,-1.0));
#14921=DIRECTION('',(-0.577350269189626,0.577350269189626,-0.577350269189626));
#14922=DIRECTION('',(-1.0,-0.0,-0.0));
#14923=DIRECTION('',(0.0,9.03501810404587E-17,-1.0));
#14924=DIRECTION('',(-1.0,-0.0,-0.0));
#14925=DIRECTION('',(0.0,0.707106781186547,-0.707106781186548));
#14926=DIRECTION('',(-1.0,-0.0,-0.0));
#14927=DIRECTION('',(0.0,1.0,0.0));
#14928=DIRECTION('',(-1.0,-0.0,-0.0));
#14929=DIRECTION('',(0.0,0.707106781186547,0.707106781186548));
#14930=DIRECTION('',(-1.0,-0.0,-0.0));
#14931=DIRECTION('',(0.0,0.0,1.0));
#14932=DIRECTION('',(0.0,0.0,1.0));
#14933=DIRECTION('',(-1.0,0.0,0.0));
#14934=DIRECTION('',(0.0,-0.0,1.0));
#14935=DIRECTION('',(0.0,-1.0,0.0));
#14936=DIRECTION('',(0.0,-1.0,0.0));
#14937=DIRECTION('',(-1.0,-1.23813211055443E-16,-0.0));
#14938=DIRECTION('',(-0.0,0.0,1.0));
#14939=DIRECTION('',(-1.0,-0.0,-0.0));
#14940=DIRECTION('',(1.0,2.28253088944317E-16,-0.0));
#14941=DIRECTION('',(0.0,1.0,0.0));
#14942=DIRECTION('',(0.0,-1.0,0.0));
#14943=DIRECTION('',(1.0,-1.0842021724855E-15,0.0));
#14944=DIRECTION('',(0.0,1.0,0.0));
#14945=DIRECTION('',(0.0,1.0,-0.0));
#14946=DIRECTION('',(-1.0,1.0842021724855E-14,-0.0));
#14947=DIRECTION('',(0.0,1.0,-0.0));
#14948=DIRECTION('',(-1.0,0.0,0.0));
#14949=DIRECTION('',(-1.0,0.0,0.0));
#14950=DIRECTION('',(0.0,-1.0,0.0));
#14951=DIRECTION('',(-1.0,-0.0,-0.0));
#14952=DIRECTION('',(-1.0,-0.0,-0.0));
#14953=DIRECTION('',(-0.0,1.0,-0.0));
#14954=DIRECTION('',(-1.0,0.0,0.0));
#14955=DIRECTION('',(0.0,-1.0,0.0));
#14956=DIRECTION('',(0.0,-1.0,0.0));
#14957=DIRECTION('',(1.0,7.56420120338726E-15,-0.0));
#14958=DIRECTION('',(0.0,-1.0,0.0));
#14959=DIRECTION('',(-1.0,0.0,0.0));
#14960=DIRECTION('',(-0.707106781186549,0.707106781186546,0.0));
#14961=DIRECTION('',(-0.0,1.0,-0.0));
#14962=DIRECTION('',(0.707106781186549,0.707106781186546,0.0));
#14963=DIRECTION('',(-1.0,-1.23813211055443E-16,-0.0));
#14964=DIRECTION('',(0.0,-1.0,0.0));
#14965=DIRECTION('',(1.0,-2.28253088944317E-16,0.0));
#14966=DIRECTION('',(0.0,0.0,-1.0));
#14967=DIRECTION('',(0.0,0.0,1.0));
#14968=DIRECTION('',(0.0,0.0,1.0));
#14969=DIRECTION('',(-1.0,-0.0,-0.0));
#14970=DIRECTION('',(0.0,-1.0,0.0));
#14971=DIRECTION('',(0.0,0.0,-1.0));
#14972=DIRECTION('',(0.0,9.03501810404587E-17,-1.0));
#14973=DIRECTION('',(0.0,0.707106781186547,-0.707106781186548));
#14974=DIRECTION('',(0.0,1.0,0.0));
#14975=DIRECTION('',(0.0,0.707106781186547,0.707106781186548));
#14976=DIRECTION('',(0.0,0.0,-1.0));
#14977=DIRECTION('',(0.0,0.0,-1.0));
#14978=DIRECTION('',(0.0,0.0,-1.0));
#14979=DIRECTION('',(-1.0,-0.0,-0.0));
#14980=DIRECTION('',(-0.577350269189627,-0.577350269189625,0.577350269189625));
#14981=DIRECTION('',(-1.0,-0.0,-0.0));
#14982=DIRECTION('',(0.0,-1.0,0.0));
#14983=DIRECTION('',(-1.0,-0.0,-0.0));
#14984=DIRECTION('',(0.577350269189628,-0.577350269189625,-0.577350269189625));
#14985=DIRECTION('',(0.0,0.0,-1.0));
#14986=DIRECTION('',(0.0,0.0,-1.0));
#14987=CARTESIAN_POINT('',(3.45,-3.75,3.25));
#14988=DIRECTION('',(0.0,-0.0,1.0));
#14989=DIRECTION('',(1.0,0.0,0.0));
#14990=CARTESIAN_POINT('',(3.45,-3.75,3.22));
#14991=DIRECTION('',(0.0,0.0,-1.0));
#14992=DIRECTION('',(1.0,0.0,0.0));
#14993=CARTESIAN_POINT('',(-3.45,-3.75,3.25));
#14994=DIRECTION('',(0.0,0.0,-1.0));
#14995=DIRECTION('',(-1.0,0.0,0.0));
#14996=CARTESIAN_POINT('',(-3.45,-3.75,3.22));
#14997=DIRECTION('',(0.0,0.0,-1.0));
#14998=DIRECTION('',(1.0,0.0,0.0));
#14999=DIRECTION('',(-0.784882765533426,0.619644288579021,-0.0));
#15000=DIRECTION('',(-1.0,0.0,0.0));
#15001=DIRECTION('',(0.0,-1.0,0.0));
#15002=DIRECTION('',(1.0,-0.0,0.0));
#15003=DIRECTION('',(-0.0,-0.0,1.0));
#15004=DIRECTION('',(-0.0,-0.0,-1.0));
#15005=DIRECTION('',(1.0,0.0,0.0));
#15006=DIRECTION('',(-0.0,-0.0,-1.0));
#15007=DIRECTION('',(1.0,0.0,0.0));
#15008=DIRECTION('',(-0.0,-0.0,-1.0));
#15009=DIRECTION('',(1.0,0.0,0.0));
#15010=DIRECTION('',(-0.0,-0.0,1.0));
#15011=DIRECTION('',(1.0,-2.46519032881566E-32,-0.0));
#15012=DIRECTION('',(-0.0,-0.0,-1.0));
#15013=DIRECTION('',(1.0,-0.0,0.0));
#15014=DIRECTION('',(-0.0,-0.0,1.0));
#15015=DIRECTION('',(-1.0,-0.0,-0.0));
#15016=DIRECTION('',(-0.0,0.0,-1.0));
#15017=DIRECTION('',(1.0,-0.0,0.0));
#15018=DIRECTION('',(0.0,-0.0,1.0));
#15019=DIRECTION('',(1.0,-0.0,0.0));
#15020=DIRECTION('',(0.0,0.0,-1.0));
#15021=DIRECTION('',(1.0,-0.0,0.0));
#15022=DIRECTION('',(0.0,0.0,1.0));
#15023=DIRECTION('',(1.0,-0.0,0.0));
#15024=DIRECTION('',(0.0,1.0,0.0));
#15025=DIRECTION('',(-1.0,-1.63962521358868E-15,0.0));
#15026=DIRECTION('',(-0.784882765533426,-0.619644288579021,0.0));
#15027=DIRECTION('',(1.0,-4.20376805248778E-16,3.49148336110938E-15));
#15028=DIRECTION('',(-1.0,0.0,0.0));
#15029=DIRECTION('',(0.0,-1.0,0.0));
#15030=DIRECTION('',(-1.0,1.0842021724855E-15,0.0));
#15031=DIRECTION('',(-0.8,-0.6,0.0));
#15032=CARTESIAN_POINT('',(0.0,0.0,0.0));
#15033=DIRECTION('',(0.0,0.0,1.0));
#15034=DIRECTION('',(-1.0,0.0,0.0));
#15035=DIRECTION('',(-0.8,0.6,-0.0));
#15036=DIRECTION('',(-1.0,-1.0842021724855E-15,-0.0));
#15037=DIRECTION('',(-0.0,1.0,-0.0));
#15038=DIRECTION('',(-1.0,0.0,0.0));
#15039=DIRECTION('',(1.21457538255989E-15,1.0,-8.32667268468867E-17));
#15040=DIRECTION('',(1.0,-2.46519032881566E-32,0.0));
#15041=DIRECTION('',(-0.0,1.0,-0.0));
#15042=DIRECTION('',(-1.0,3.94255335449274E-16,0.0));
#15043=DIRECTION('',(-0.707106781186547,-0.707106781186548,0.0));
#15044=DIRECTION('',(0.0,-1.0,0.0));
#15045=DIRECTION('',(0.707106781186547,-0.707106781186548,0.0));
#15046=DIRECTION('',(1.0,1.31418445149758E-16,0.0));
#15047=DIRECTION('',(-0.0,1.0,-0.0));
#15048=DIRECTION('',(-1.0,2.46519032881566E-32,0.0));
#15049=DIRECTION('',(1.21457538255989E-15,1.0,-8.32667268468867E-17));
#15050=DIRECTION('',(1.0,-2.46519032881566E-32,0.0));
#15051=DIRECTION('',(-0.0,1.0,-0.0));
#15052=DIRECTION('',(1.0,-0.0,-0.0));
#15053=DIRECTION('',(-0.0,-1.0,-0.0));
#15054=DIRECTION('',(0.0,1.0,0.0));
#15055=DIRECTION('',(1.0,0.0,0.0));
#15056=DIRECTION('',(0.0,-1.0,0.0));
#15057=DIRECTION('',(1.0,1.45775082014858E-16,0.0));
#15058=DIRECTION('',(-1.0,3.34838172311065E-16,-3.49148336110938E-15));
#15059=CARTESIAN_POINT('',(-2.80986722862693,-2.5,4.77048955893622E-15));
#15060=DIRECTION('',(3.6025056635719E-15,-8.32667268468859E-17,-1.0));
#15061=DIRECTION('',(0.0,-1.0,8.32667268468859E-17));
#15062=DIRECTION('',(1.0,-4.09610735930755E-16,3.49148336110938E-15));
#15063=DIRECTION('',(-1.0,-1.45775082014858E-16,0.0));
#15064=DIRECTION('',(0.0,-1.0,0.0));
#15065=DIRECTION('',(1.0,-3.94255335449274E-16,0.0));
#15066=DIRECTION('',(0.707106781186547,0.707106781186548,0.0));
#15067=DIRECTION('',(0.0,1.0,0.0));
#15068=DIRECTION('',(-0.707106781186546,0.707106781186549,0.0));
#15069=DIRECTION('',(-1.0,-1.6591578700157E-15,0.0));
#15070=DIRECTION('',(0.0,-1.0,0.0));
#15071=DIRECTION('',(1.0,1.45775082014858E-16,0.0));
#15072=DIRECTION('',(-1.0,3.90917595025833E-16,-3.49148336110938E-15));
#15073=CARTESIAN_POINT('',(-2.80986722862693,0.899999999999999,4.77048955893622E-15));
#15074=DIRECTION('',(3.6025056635719E-15,-8.32667268468859E-17,-1.0));
#15075=DIRECTION('',(4.0367555097005E-47,-1.0,8.32667268468859E-17));
#15076=CARTESIAN_POINT('',(0.0,-1.82145964977565E-17,0.0));
#15077=DIRECTION('',(0.0,0.0,-1.0));
#15078=DIRECTION('',(-1.0,0.0,0.0));
#15079=CARTESIAN_POINT('',(0.0,0.0,0.7));
#15080=DIRECTION('',(2.41758459568327E-33,-6.10818125343946E-17,1.0));
#15081=DIRECTION('',(-2.77555756156289E-17,1.0,6.10818125343946E-17));
#15082=DIRECTION('',(-1.0,-0.0,-0.0));
#15083=DIRECTION('',(-0.8,0.6,-0.0));
#15084=CARTESIAN_POINT('',(0.0,0.0,0.7));
#15085=DIRECTION('',(0.0,0.0,1.0));
#15086=DIRECTION('',(-1.0,0.0,0.0));
#15087=DIRECTION('',(-0.8,-0.6,0.0));
#15088=DIRECTION('',(-1.0,-0.0,-0.0));
#15089=DIRECTION('',(-1.0,-0.0,-0.0));
#15090=CARTESIAN_POINT('',(0.0,0.0,2.9));
#15091=DIRECTION('',(0.0,0.0,-1.0));
#15092=DIRECTION('',(-1.0,0.0,0.0));
#15093=DIRECTION('',(-1.0,-0.0,-0.0));
#15094=DIRECTION('',(0.0,-1.0,0.0));
#15095=DIRECTION('',(1.0,0.0,0.0));
#15096=CARTESIAN_POINT('',(0.0,0.0,2.9));
#15097=DIRECTION('',(-1.11022302462516E-16,1.23908819712629E-16,1.0));
#15098=DIRECTION('',(1.38777878078145E-16,1.0,-1.23908819712629E-16));
#15099=DIRECTION('',(-1.0,-7.32015634088245E-16,7.10007398127606E-32));
#15100=CARTESIAN_POINT('',(-2.85767496200545,4.05002309306837,2.9));
#15101=DIRECTION('',(1.11022302462516E-16,-2.42713337343373E-32,-1.0));
#15102=DIRECTION('',(-2.18616739123493E-16,-1.0,0.0));
#15103=CARTESIAN_POINT('',(0.0,0.0,2.9));
#15104=DIRECTION('',(-1.11022302462516E-16,1.23908819712629E-16,1.0));
#15105=DIRECTION('',(1.38777878078145E-16,1.0,-1.23908819712629E-16));
#15106=CARTESIAN_POINT('',(2.85767496200545,4.05002309306837,2.9));
#15107=DIRECTION('',(1.11022302462516E-16,-2.42713337343373E-32,-1.0));
#15108=DIRECTION('',(2.18616739123493E-16,1.0,0.0));
#15109=DIRECTION('',(-1.0,9.73365194518572E-16,-7.10007398127606E-32));
#15110=CARTESIAN_POINT('',(0.0,0.0,2.9));
#15111=DIRECTION('',(-1.11022302462516E-16,1.23908819712629E-16,1.0));
#15112=DIRECTION('',(-1.38777878078145E-16,-1.0,1.23908819712629E-16));
#15113=DIRECTION('',(1.0,0.0,0.0));
#15114=DIRECTION('',(-0.0,1.0,-0.0));
#15115=DIRECTION('',(0.0,3.39343402968859E-16,-1.0));
#15116=DIRECTION('',(-0.0,-0.0,-1.0));
#15117=DIRECTION('',(0.0,2.0357418353663E-16,1.0));
#15118=DIRECTION('',(-0.0,-0.0,-1.0));
#15119=DIRECTION('',(0.0,1.77334310991211E-16,1.0));
#15120=DIRECTION('',(0.0,0.0,-1.0));
#15121=DIRECTION('',(0.0,1.0,0.0));
#15122=DIRECTION('',(0.0,0.0,1.0));
#15123=DIRECTION('',(0.0,1.0,0.0));
#15124=DIRECTION('',(0.0,0.70710678118655,-0.707106781186546));
#15125=DIRECTION('',(0.0,0.0,1.0));
#15126=DIRECTION('',(0.0,-1.82987708436372E-16,-1.0));
#15127=DIRECTION('',(0.0,-1.0,0.0));
#15128=DIRECTION('',(1.0,7.56420120338726E-15,0.0));
#15129=DIRECTION('',(-2.44327250137578E-16,-1.0,0.0));
#15130=DIRECTION('',(1.0,1.31418445149758E-16,0.0));
#15131=DIRECTION('',(0.0,-1.0,0.0));
#15132=DIRECTION('',(-1.0,3.94255335449274E-16,0.0));
#15133=DIRECTION('',(-1.72765455400944E-16,-0.707106781186548,-0.707106781186547));
#15134=DIRECTION('',(-1.0,-1.31418445149758E-16,-0.0));
#15135=DIRECTION('',(0.0,-0.707106781186548,-0.707106781186547));
#15136=DIRECTION('',(-0.0,-0.0,1.0));
#15137=DIRECTION('',(-1.0,-1.31418445149758E-16,-0.0));
#15138=DIRECTION('',(-0.0,-0.0,1.0));
#15139=DIRECTION('',(1.0,1.31418445149758E-16,0.0));
#15140=DIRECTION('',(0.0,1.51430789445426E-15,1.0));
#15141=DIRECTION('',(-0.0,-0.0,-1.0));
#15142=DIRECTION('',(0.0,1.0,0.0));
#15143=DIRECTION('',(0.0,0.0,1.0));
#15144=DIRECTION('',(0.0,-1.0,0.0));
#15145=DIRECTION('',(0.0,0.0,-1.0));
#15146=DIRECTION('',(-0.0,-1.0,-0.0));
#15147=DIRECTION('',(0.0,0.0,-1.0));
#15148=DIRECTION('',(0.0,-1.0,-4.44800891276104E-16));
#15149=DIRECTION('',(-0.0,-0.0,-1.0));
#15150=DIRECTION('',(-0.0,-0.0,-1.0));
#15151=DIRECTION('',(-1.0,0.0,0.0));
#15152=DIRECTION('',(0.0,-3.71726459137886E-15,-1.0));
#15153=DIRECTION('',(-1.0,-1.45775082014858E-16,-0.0));
#15154=DIRECTION('',(-1.0,-1.45775082014858E-16,-0.0));
#15155=DIRECTION('',(-0.0,-1.0,-0.0));
#15156=DIRECTION('',(0.0,-1.0,0.0));
#15157=DIRECTION('',(1.0,-2.46519032881566E-32,-0.0));
#15158=DIRECTION('',(-0.0,-0.0,1.0));
#15159=DIRECTION('',(-1.0,0.0,0.0));
#15160=DIRECTION('',(-0.0,-0.0,-1.0));
#15161=DIRECTION('',(6.50521303491301E-15,1.0,0.0));
#15162=DIRECTION('',(-0.0,1.0,-0.0));
#15163=DIRECTION('',(0.0,0.0,-1.0));
#15164=DIRECTION('',(0.0,1.0,0.0));
#15165=DIRECTION('',(0.0,1.50837570371086E-15,1.0));
#15166=DIRECTION('',(0.0,0.0,-1.0));
#15167=DIRECTION('',(0.0,-0.70710678118655,0.707106781186545));
#15168=DIRECTION('',(0.0,-1.0,0.0));
#15169=DIRECTION('',(0.0,-0.70710678118655,-0.707106781186545));
#15170=DIRECTION('',(0.0,-0.0,1.0));
#15171=DIRECTION('',(0.0,-1.24134017693848E-15,-1.0));
#15172=DIRECTION('',(0.0,1.0,0.0));
#15173=DIRECTION('',(-0.0,-0.0,1.0));
#15174=DIRECTION('',(-1.0,-0.0,-4.59964558024153E-16));
#15175=DIRECTION('',(0.666794859469825,-0.0,-0.7452413135251));
#15176=DIRECTION('',(-0.0,1.0,-0.0));
#15177=DIRECTION('',(0.666794859469825,-0.0,-0.7452413135251));
#15178=DIRECTION('',(-0.0,-1.0,-0.0));
#15179=DIRECTION('',(0.666794859469825,0.0,0.7452413135251));
#15180=DIRECTION('',(0.0,1.0,0.0));
#15181=DIRECTION('',(-0.0,1.0,-0.0));
#15182=DIRECTION('',(0.666794859469825,0.0,0.7452413135251));
#15183=DIRECTION('',(-0.0,1.0,-0.0));
#15184=DIRECTION('',(-1.0,0.0,0.0));
#15185=DIRECTION('',(0.0,0.0,-1.0));
#15186=DIRECTION('',(0.0,0.0,1.0));
#15187=DIRECTION('',(-0.0,-0.0,-1.0));
#15188=DIRECTION('',(-0.0,-0.0,-1.0));
#15189=DIRECTION('',(-0.0,-0.0,-1.0));
#15190=DIRECTION('',(0.0,1.0,0.0));
#15191=DIRECTION('',(0.0,0.0,1.0));
#15192=DIRECTION('',(0.0,1.0,0.0));
#15193=DIRECTION('',(-0.0,-0.0,1.0));
#15194=DIRECTION('',(0.0,-0.70710678118655,0.707106781186546));
#15195=DIRECTION('',(0.0,1.0,0.0));
#15196=DIRECTION('',(0.0,0.0,-1.0));
#15197=DIRECTION('',(-0.0,1.0,-0.0));
#15198=DIRECTION('',(0.0,0.0,-1.0));
#15199=DIRECTION('',(-0.0,-0.0,1.0));
#15200=DIRECTION('',(0.707106781186547,-0.707106781186548,0.0));
#15201=DIRECTION('',(-1.0,0.0,0.0));
#15202=DIRECTION('',(0.0,-1.0,0.0));
#15203=DIRECTION('',(-0.707106781186547,-0.707106781186548,0.0));
#15204=DIRECTION('',(-1.0,3.94255335449274E-16,0.0));
#15205=DIRECTION('',(1.0,-3.94255335449274E-16,0.0));
#15206=DIRECTION('',(-0.0,-0.0,1.0));
#15207=DIRECTION('',(-0.0,-0.0,1.0));
#15208=DIRECTION('',(1.0,1.6591578700157E-15,0.0));
#15209=DIRECTION('',(-0.0,-0.0,1.0));
#15210=DIRECTION('',(-1.0,-1.6591578700157E-15,0.0));
#15211=DIRECTION('',(0.0,0.70710678118655,-0.707106781186545));
#15212=DIRECTION('',(-1.0,-1.6591578700157E-15,0.0));
#15213=DIRECTION('',(0.0,1.0,0.0));
#15214=DIRECTION('',(1.0,-3.94255335449274E-16,0.0));
#15215=DIRECTION('',(0.0,0.70710678118655,0.707106781186545));
#15216=DIRECTION('',(-1.0,3.94255335449274E-16,0.0));
#15217=DIRECTION('',(-0.0,-0.0,1.0));
#15218=DIRECTION('',(1.0,-3.94255335449274E-16,0.0));
#15219=DIRECTION('',(-0.0,-0.0,1.0));
#15220=DIRECTION('',(-0.0,-0.0,-1.0));
#15221=DIRECTION('',(-0.0,-0.0,-1.0));
#15222=DIRECTION('',(-0.0,-0.0,1.0));
#15223=DIRECTION('',(0.707106781186547,0.707106781186548,0.0));
#15224=DIRECTION('',(-0.0,-0.0,1.0));
#15225=DIRECTION('',(0.0,1.0,0.0));
#15226=DIRECTION('',(-0.0,-0.0,1.0));
#15227=DIRECTION('',(-0.707106781186546,0.707106781186549,0.0));
#15228=DIRECTION('',(-0.0,0.0,1.0));
#15229=DIRECTION('',(-0.0,-0.0,1.0));
#15230=DIRECTION('',(0.0,-1.0,0.0));
#15231=DIRECTION('',(0.0,-1.0,0.0));
#15232=DIRECTION('',(0.0,0.0,-1.0));
#15233=DIRECTION('',(-1.0,-0.0,-4.59964558024153E-16));
#15234=DIRECTION('',(1.0,0.0,0.0));
#15235=CARTESIAN_POINT('',(-3.5527136788005E-17,1.91511590779254E-17,3.22));
#15236=DIRECTION('',(1.11022302462516E-16,-1.54074395550979E-32,-1.0));
#15237=DIRECTION('',(1.38777878078145E-16,1.0,0.0));
#15238=CARTESIAN_POINT('',(-5.77315972805081E-17,3.11206335016288E-17,3.42));
#15239=DIRECTION('',(-1.11022302462516E-16,1.54074395550979E-32,1.0));
#15240=DIRECTION('',(1.38777878078145E-16,1.0,-3.04101229237156E-48));
#15241=CARTESIAN_POINT('',(-9.99200722162641E-17,5.38626349066652E-17,3.8));
#15242=DIRECTION('',(-1.11022302462516E-16,1.54074395550979E-32,1.0));
#15243=DIRECTION('',(-1.38777878078145E-16,-1.0,3.04101229237156E-48));
#15244=DIRECTION('',(-1.38777878078145E-16,-1.0,8.32667268468867E-17));
#15245=DIRECTION('',(-1.0,-6.02126668108506E-16,6.01853107621011E-32));
#15246=DIRECTION('',(1.38777878078145E-16,1.0,-8.32667268468867E-17));
#15247=DIRECTION('',(-1.0,3.4892786915948E-16,-1.90058876090846E-32));
#15248=DIRECTION('',(1.38777878078145E-16,1.0,-8.32667268468867E-17));
#15249=DIRECTION('',(1.0,-1.20674780215163E-16,0.0));
#15250=DIRECTION('',(1.38777878078145E-16,1.0,-8.32667268468867E-17));
#15251=DIRECTION('',(1.0,-3.61608596323053E-16,2.00617702540337E-32));
#15252=DIRECTION('',(-1.22298005056365E-15,-1.0,8.32667268468867E-17));
#15253=DIRECTION('',(-1.0,1.20674780215163E-16,0.0));
#15254=CARTESIAN_POINT('',(-3.5527136788005E-17,1.91511590779254E-17,3.22));
#15255=DIRECTION('',(-1.11022302462516E-16,1.23908819712629E-16,1.0));
#15256=DIRECTION('',(-1.38777878078145E-16,-1.0,1.23908819712629E-16));
#15257=DIRECTION('',(-1.0,9.73365194518572E-16,-7.10007398127606E-32));
#15258=CARTESIAN_POINT('',(2.85767496200545,4.05002309306837,3.22));
#15259=DIRECTION('',(1.11022302462516E-16,-2.42713337343373E-32,-1.0));
#15260=DIRECTION('',(2.18616739123493E-16,1.0,0.0));
#15261=CARTESIAN_POINT('',(-3.5527136788005E-17,1.91511590779254E-17,3.22));
#15262=DIRECTION('',(-1.11022302462516E-16,1.23908819712629E-16,1.0));
#15263=DIRECTION('',(1.38777878078145E-16,1.0,-1.23908819712629E-16));
#15264=CARTESIAN_POINT('',(-2.85767496200545,4.05002309306837,3.22));
#15265=DIRECTION('',(1.11022302462516E-16,-2.42713337343373E-32,-1.0));
#15266=DIRECTION('',(-2.18616739123493E-16,-1.0,0.0));
#15267=DIRECTION('',(-1.0,-7.32015634088245E-16,7.10007398127606E-32));
#15268=CARTESIAN_POINT('',(-3.5527136788005E-17,1.91511590779254E-17,3.22));
#15269=DIRECTION('',(-1.11022302462516E-16,1.23908819712629E-16,1.0));
#15270=DIRECTION('',(1.38777878078145E-16,1.0,-1.23908819712629E-16));
#15271=DIRECTION('',(-1.0,1.20674780215163E-16,-0.0));
#15272=DIRECTION('',(-9.4542429440736E-16,1.0,-8.32667268468867E-17));
#15273=DIRECTION('',(1.0,1.20259035892726E-16,-2.00617702540337E-32));
#15274=DIRECTION('',(-1.38777878078145E-16,-1.0,8.32667268468867E-17));
#15275=DIRECTION('',(1.0,-1.20674780215163E-16,0.0));
#15276=DIRECTION('',(-1.38777878078145E-16,-1.0,8.32667268468867E-17));
#15277=DIRECTION('',(-1.0,-1.07578308729153E-16,1.90058876090846E-32));
#15278=DIRECTION('',(-1.38777878078145E-16,-1.0,8.32667268468867E-17));
#15279=DIRECTION('',(-1.0,8.43476228538833E-16,-6.01853107621011E-32));
#15280=DIRECTION('',(1.38777878078145E-16,1.0,-8.32667268468867E-17));
#15281=DIRECTION('',(1.0,-7.6316495650287E-16,5.34980540107566E-32));
#15282=DIRECTION('',(0.422885465331124,-0.906183139995265,7.54549039912399E-17));
#15283=DIRECTION('',(-1.38777878078145E-16,-1.0,8.32667268468867E-17));
#15284=DIRECTION('',(1.0,-1.20674780215163E-16,0.0));
#15285=DIRECTION('',(1.38777878078145E-16,1.0,-8.32667268468867E-17));
#15286=DIRECTION('',(0.422885465331124,0.906183139995265,-7.54549039912399E-17));
#15287=DIRECTION('',(1.0,5.21815396072543E-16,-5.34980540107566E-32));
#15288=DIRECTION('',(1.0,-3.34838172311065E-16,3.49148336110938E-15));
#15289=DIRECTION('',(-3.6025056635719E-15,5.98473721185174E-17,1.0));
#15290=DIRECTION('',(-1.65548302090132E-16,-1.0,8.32667268468867E-17));
#15291=CARTESIAN_POINT('',(-2.80986722862693,0.899999999999999,-0.319999999999995));
#15292=DIRECTION('',(3.6025056635719E-15,-9.85638338623186E-17,-1.0));
#15293=DIRECTION('',(0.0,-1.0,9.85638338623186E-17));
#15294=DIRECTION('',(-1.0,3.90917595025833E-16,-3.49148336110938E-15));
#15295=DIRECTION('',(3.6025056635719E-15,-5.98473721185174E-17,-1.0));
#15296=DIRECTION('',(3.6025056635719E-15,-5.98473721185174E-17,-1.0));
#15297=DIRECTION('',(1.0,-4.09610735930755E-16,3.49148336110938E-15));
#15298=DIRECTION('',(-3.6025056635719E-15,5.98473721185174E-17,1.0));
#15299=DIRECTION('',(-1.65548302090132E-16,-1.0,8.32667268468867E-17));
#15300=CARTESIAN_POINT('',(-2.80986722862693,-2.5,-0.319999999999995));
#15301=DIRECTION('',(3.6025056635719E-15,-9.85638338623186E-17,-1.0));
#15302=DIRECTION('',(0.0,-1.0,9.85638338623186E-17));
#15303=DIRECTION('',(-1.0,3.34838172311065E-16,-3.49148336110938E-15));
#15304=DIRECTION('',(3.6025056635719E-15,-5.98473721185174E-17,-1.0));
#15305=DIRECTION('',(3.6025056635719E-15,-5.98473721185174E-17,-1.0));
#15306=CARTESIAN_POINT('',(-4.38,1.45,0.0499999999999997));
#15307=DIRECTION('',(0.0,1.0,-8.32667268468867E-17));
#15308=DIRECTION('',(-1.0,0.0,0.0));
#15309=CARTESIAN_POINT('',(-4.38,0.35,0.0499999999999997));
#15310=DIRECTION('',(-1.46513807092636E-16,-1.0,8.32667268468867E-17));
#15311=DIRECTION('',(-1.0,1.46513807092636E-16,0.0));
#15312=DIRECTION('',(-1.65548302090132E-16,-1.0,8.32667268468867E-17));
#15313=CARTESIAN_POINT('',(-4.38,-1.95,0.0499999999999997));
#15314=DIRECTION('',(0.0,1.0,-8.32667268468867E-17));
#15315=DIRECTION('',(-1.0,0.0,0.0));
#15316=CARTESIAN_POINT('',(-4.38,-3.05,0.0500000000000001));
#15317=DIRECTION('',(0.0,-1.0,8.32667268468867E-17));
#15318=DIRECTION('',(-1.0,0.0,0.0));
#15319=DIRECTION('',(-1.65548302090132E-16,-1.0,8.32667268468867E-17));
#15320=DIRECTION('',(-3.38046105864687E-15,-5.98473721185126E-17,-1.0));
#15321=DIRECTION('',(1.0,-2.05810639708274E-15,-3.49148336110938E-15));
#15322=DIRECTION('',(1.0,-2.05810639708274E-15,-3.49148336110938E-15));
#15323=DIRECTION('',(1.21457538255989E-15,1.0,1.30896665249015E-16));
#15324=CARTESIAN_POINT('',(2.81086722862692,-2.49999999999999,-0.320999999999995));
#15325=DIRECTION('',(3.38046105864687E-15,9.85638338623106E-17,1.0));
#15326=DIRECTION('',(-2.36553201269565E-15,-1.0,9.85638338623186E-17));
#15327=DIRECTION('',(-1.0,1.98333383346305E-15,3.49148336110938E-15));
#15328=DIRECTION('',(3.38046105864687E-15,5.98473721185126E-17,1.0));
#15329=DIRECTION('',(-3.38046105864687E-15,-5.98473721185128E-17,-1.0));
#15330=DIRECTION('',(-1.0,1.98333383346305E-15,3.49148336110938E-15));
#15331=DIRECTION('',(-1.21457538255989E-15,-1.0,8.32667268468867E-17));
#15332=CARTESIAN_POINT('',(2.81086722862692,-2.49999999999999,-0.000999999999995362));
#15333=DIRECTION('',(3.38046105864687E-15,8.31632348213233E-17,1.0));
#15334=DIRECTION('',(-2.36553201269565E-15,-1.0,8.31632348213313E-17));
#15335=DIRECTION('',(-3.38046105864687E-15,-5.98473721185126E-17,-1.0));
#15336=DIRECTION('',(1.0,-2.00202697436798E-15,-3.49148336110938E-15));
#15337=DIRECTION('',(1.0,-2.00202697436798E-15,-3.49148336110938E-15));
#15338=DIRECTION('',(1.21457538255989E-15,1.0,1.30896665249015E-16));
#15339=CARTESIAN_POINT('',(2.81086722862693,0.900000000000005,-0.320999999999995));
#15340=DIRECTION('',(3.38046105864687E-15,9.85638338623105E-17,1.0));
#15341=DIRECTION('',(-2.36553201269565E-15,-1.0,9.85638338623185E-17));
#15342=DIRECTION('',(-1.0,2.05810639708274E-15,3.49148336110938E-15));
#15343=DIRECTION('',(3.38046105864687E-15,5.98473721185126E-17,1.0));
#15344=DIRECTION('',(-3.38046105864687E-15,-5.98473721185128E-17,-1.0));
#15345=DIRECTION('',(-1.0,1.97256776414503E-15,3.49148336110938E-15));
#15346=DIRECTION('',(-1.21457538255989E-15,-1.0,8.32667268468867E-17));
#15347=CARTESIAN_POINT('',(2.81086722862693,0.900000000000005,-0.000999999999995362));
#15348=DIRECTION('',(3.38046105864687E-15,8.31632348213233E-17,1.0));
#15349=DIRECTION('',(-2.36553201269565E-15,-1.0,8.31632348213313E-17));
#15350=CARTESIAN_POINT('',(4.38,-3.05,0.049));
#15351=DIRECTION('',(-1.17211045674109E-15,-1.0,8.32667268468867E-17));
#15352=DIRECTION('',(1.0,-1.17211045674109E-15,0.0));
#15353=CARTESIAN_POINT('',(4.38,-1.95,0.0489999999999996));
#15354=DIRECTION('',(1.17211045674109E-15,1.0,-8.32667268468867E-17));
#15355=DIRECTION('',(1.0,-1.17211045674109E-15,0.0));
#15356=DIRECTION('',(1.00041199046398E-15,1.0,-8.32667268468867E-17));
#15357=CARTESIAN_POINT('',(4.38,-3.05,0.049));
#15358=DIRECTION('',(0.0,-1.0,8.32667268468867E-17));
#15359=DIRECTION('',(1.0,0.0,0.0));
#15360=CARTESIAN_POINT('',(4.38,-1.95,0.0489999999999996));
#15361=DIRECTION('',(0.0,1.0,-8.32667268468867E-17));
#15362=DIRECTION('',(-1.0,0.0,0.0));
#15363=CARTESIAN_POINT('',(4.38,0.350000000000002,0.0489999999999996));
#15364=DIRECTION('',(-1.17211045674109E-15,-1.0,8.32667268468867E-17));
#15365=DIRECTION('',(1.0,-1.17211045674109E-15,0.0));
#15366=CARTESIAN_POINT('',(4.38,1.45,0.0489999999999996));
#15367=DIRECTION('',(1.17211045674109E-15,1.0,-8.32667268468867E-17));
#15368=DIRECTION('',(1.0,-1.17211045674109E-15,0.0));
#15369=DIRECTION('',(1.00041199046398E-15,1.0,-8.32667268468867E-17));
#15370=CARTESIAN_POINT('',(4.38,0.350000000000002,0.0489999999999996));
#15371=DIRECTION('',(-1.81376297453132E-16,-1.0,1.08420217248551E-15));
#15372=DIRECTION('',(0.0,-1.08420217248551E-15,-1.0));
#15373=CARTESIAN_POINT('',(4.38,1.45,0.0489999999999996));
#15374=DIRECTION('',(0.0,1.0,-8.32667268468867E-17));
#15375=DIRECTION('',(-1.0,0.0,0.0));
#15376=CARTESIAN_POINT('',(4.429,-0.95,2.899));
#15377=DIRECTION('',(0.0,-1.0,8.32667268468867E-17));
#15378=DIRECTION('',(1.0,0.0,0.0));
#15379=DIRECTION('',(0.0,1.0,-2.44327250137578E-16));
#15380=DIRECTION('',(1.21457538255989E-15,1.0,9.92530777634854E-16));
#15381=CARTESIAN_POINT('',(4.42899999999999,-5.0,2.899));
#15382=DIRECTION('',(0.0,1.0,-8.32667268468867E-17));
#15383=DIRECTION('',(1.0,0.0,0.0));
#15384=DIRECTION('',(-1.38777878078145E-16,-1.0,8.32667268468867E-17));
#15385=DIRECTION('',(-2.44327250137578E-16,-1.0,-0.0));
#15386=CARTESIAN_POINT('',(4.429,-0.95,2.899));
#15387=DIRECTION('',(-1.35103074453023E-15,-1.0,8.32667268468867E-17));
#15388=DIRECTION('',(1.0,-1.35103074453023E-15,-1.27893040333384E-47));
#15389=CARTESIAN_POINT('',(4.42899999999999,-5.0,2.899));
#15390=DIRECTION('',(0.0,1.0,-8.32667268468867E-17));
#15391=DIRECTION('',(1.0,0.0,0.0));
#15392=DIRECTION('',(-1.00041199046398E-15,-1.0,-9.92530777634854E-16));
#15393=DIRECTION('',(1.0,-1.1964722846969E-15,8.95781369482435E-32));
#15394=DIRECTION('',(-1.11022302462516E-16,5.98473721185169E-17,1.0));
#15395=DIRECTION('',(-1.11022302462516E-16,5.98473721185169E-17,1.0));
#15396=DIRECTION('',(1.0,-1.1964722846969E-15,8.95781369482435E-32));
#15397=CARTESIAN_POINT('',(4.429,1.45,2.899));
#15398=DIRECTION('',(-1.35103074453023E-15,-1.0,8.32667268468867E-17));
#15399=DIRECTION('',(1.0,-1.35103074453023E-15,-1.27893040333384E-47));
#15400=CARTESIAN_POINT('',(4.429,0.650000000000001,2.899));
#15401=DIRECTION('',(1.35103074453023E-15,1.0,-8.32667268468867E-17));
#15402=DIRECTION('',(1.0,-1.35103074453023E-15,-1.27893040333384E-47));
#15403=DIRECTION('',(-1.00041199046398E-15,-1.0,9.16713948506514E-17));
#15404=DIRECTION('',(1.19639775121933E-16,-9.01863602285103E-16,-1.0));
#15405=DIRECTION('',(1.11022302462516E-16,-9.00438638665373E-16,-1.0));
#15406=DIRECTION('',(-1.0,1.47445204227151E-16,-2.22908558378152E-33));
#15407=DIRECTION('',(0.946772744819712,-0.321902733238704,3.06009901124993E-16));
#15408=DIRECTION('',(-1.0,1.47445204227151E-16,-2.22908558378152E-33));
#15409=DIRECTION('',(0.946772744819712,-0.321902733238704,3.06009901124993E-16));
#15410=CARTESIAN_POINT('',(-4.429,0.650000000000002,2.899));
#15411=DIRECTION('',(1.38777878078145E-16,1.0,-0.0));
#15412=DIRECTION('',(0.0,0.0,1.0));
#15413=CARTESIAN_POINT('',(-4.429,1.45,2.899));
#15414=DIRECTION('',(-1.38777878078145E-16,-1.0,0.0));
#15415=DIRECTION('',(0.0,0.0,1.0));
#15416=DIRECTION('',(1.65548302090132E-16,1.0,-1.1406984753204E-15));
#15417=CARTESIAN_POINT('',(-4.429,-5.0,2.899));
#15418=DIRECTION('',(1.38777878078145E-16,1.0,-0.0));
#15419=DIRECTION('',(0.0,0.0,1.0));
#15420=DIRECTION('',(-1.65548302090132E-16,-1.0,5.6496302834899E-17));
#15421=DIRECTION('',(2.44327250137578E-16,-1.0,0.0));
#15422=CARTESIAN_POINT('',(-4.429,-0.949999999999999,2.899));
#15423=DIRECTION('',(-1.38777878078145E-16,-1.0,0.0));
#15424=DIRECTION('',(0.0,0.0,1.0));
#15425=DIRECTION('',(1.38777878078145E-16,1.0,-8.32667268468867E-17));
#15426=CARTESIAN_POINT('',(-4.429,-5.0,2.899));
#15427=DIRECTION('',(1.38777878078145E-16,1.0,-0.0));
#15428=DIRECTION('',(0.0,0.0,1.0));
#15429=CARTESIAN_POINT('',(-4.429,-0.949999999999999,2.899));
#15430=DIRECTION('',(-1.38777878078145E-16,-1.0,0.0));
#15431=DIRECTION('',(0.0,0.0,1.0));
#15432=DIRECTION('',(1.65548302090132E-16,1.0,-5.6496302834899E-17));
#15433=DIRECTION('',(-1.0,1.47445204227151E-16,-2.22908558378152E-33));
#15434=DIRECTION('',(-1.11022302462516E-16,5.98473721185169E-17,1.0));
#15435=DIRECTION('',(-1.11022302462516E-16,5.98473721185169E-17,1.0));
#15436=DIRECTION('',(-1.0,1.47445204227151E-16,-2.22908558378152E-33));
#15437=DIRECTION('',(-1.11022302462516E-16,5.98473721185169E-17,1.0));
#15438=DIRECTION('',(-1.11022302462516E-16,5.98473721185169E-17,1.0));
#15439=DIRECTION('',(-1.11022302462516E-16,5.98473721185169E-17,1.0));
#15440=DIRECTION('',(-1.11022302462516E-16,5.98473721185169E-17,1.0));
#15441=DIRECTION('',(-1.11022302462516E-16,5.98473721185169E-17,1.0));
#15442=DIRECTION('',(-1.11022302462516E-16,5.98473721185169E-17,1.0));
#15443=DIRECTION('',(-1.11022302462516E-16,5.98473721185169E-17,1.0));
#15444=DIRECTION('',(1.0,-7.6316495650287E-16,5.34980540107566E-32));
#15445=DIRECTION('',(-1.11022302462516E-16,5.98473721185169E-17,1.0));
#15446=DIRECTION('',(0.422885465331124,-0.906183139995265,7.54549039912399E-17));
#15447=DIRECTION('',(-1.11022302462516E-16,5.98473721185169E-17,1.0));
#15448=DIRECTION('',(-1.38777878078145E-16,-1.0,8.32667268468867E-17));
#15449=DIRECTION('',(-1.11022302462516E-16,5.98473721185169E-17,1.0));
#15450=DIRECTION('',(1.0,-1.20674780215163E-16,0.0));
#15451=DIRECTION('',(-1.11022302462516E-16,5.98473721185169E-17,1.0));
#15452=DIRECTION('',(1.38777878078145E-16,1.0,-8.32667268468867E-17));
#15453=DIRECTION('',(-1.11022302462516E-16,5.98473721185169E-17,1.0));
#15454=DIRECTION('',(0.422885465331124,0.906183139995265,-7.54549039912399E-17));
#15455=DIRECTION('',(-1.11022302462516E-16,5.98473721185169E-17,1.0));
#15456=DIRECTION('',(1.0,5.21815396072543E-16,-5.34980540107566E-32));
#15457=DIRECTION('',(1.11022302462516E-16,-2.47240340202431E-16,-1.0));
#15458=DIRECTION('',(-1.0,1.47445204227151E-16,-2.22908558378152E-33));
#15459=DIRECTION('',(-1.11022302462516E-16,2.47240340202431E-16,1.0));
#15460=CARTESIAN_POINT('',(-4.75,-8.4,1.1));
#15461=DIRECTION('',(1.0,-0.0,2.22908558378152E-33));
#15462=DIRECTION('',(0.0,1.0,0.0));
#15463=DIRECTION('',(-1.0,1.47445204227151E-16,-2.22908558378152E-33));
#15464=CARTESIAN_POINT('',(-4.43,-8.4,1.1));
#15465=DIRECTION('',(1.0,-0.0,2.22908558378152E-33));
#15466=DIRECTION('',(0.0,1.0,0.0));
#15467=CARTESIAN_POINT('',(-4.75,-8.4,3.6));
#15468=DIRECTION('',(1.0,-1.47445204227151E-16,0.0));
#15469=DIRECTION('',(0.0,0.0,1.0));
#15470=CARTESIAN_POINT('',(-4.43,-8.4,3.6));
#15471=DIRECTION('',(-1.0,1.47445204227151E-16,0.0));
#15472=DIRECTION('',(0.0,0.0,-1.0));
#15473=DIRECTION('',(-1.0,1.47445204227151E-16,-2.22908558378152E-33));
#15474=DIRECTION('',(-3.79711694186035E-16,-1.0,2.70659694930801E-16));
#15475=DIRECTION('',(-3.79711694186035E-16,-1.0,2.70659694930801E-16));
#15476=DIRECTION('',(-1.0,1.47445204227151E-16,-2.22908558378152E-33));
#15477=DIRECTION('',(-1.11022302462516E-16,2.47240340202431E-16,1.0));
#15478=DIRECTION('',(-1.11022302462516E-16,2.47240340202431E-16,1.0));
#15479=DIRECTION('',(-1.0,1.47445204227151E-16,-2.22908558378152E-33));
#15480=DIRECTION('',(3.79711694186034E-16,1.0,-2.70659694930801E-16));
#15481=DIRECTION('',(3.79711694186034E-16,1.0,-2.70659694930801E-16));
#15482=DIRECTION('',(-1.0,1.47445204227151E-16,-2.22908558378152E-33));
#15483=CARTESIAN_POINT('',(-4.75,-8.3,3.8));
#15484=DIRECTION('',(-1.0,2.67646489669399E-47,6.17150787144769E-32));
#15485=DIRECTION('',(4.86173068582901E-63,-1.0,4.33680868994201E-16));
#15486=CARTESIAN_POINT('',(-4.43,-8.3,3.8));
#15487=DIRECTION('',(-1.0,2.67646489669399E-47,6.17150787144769E-32));
#15488=DIRECTION('',(4.86173068582901E-63,-1.0,4.33680868994201E-16));
#15489=DIRECTION('',(-1.0,1.47445204227151E-16,-2.22908558378152E-33));
#15490=DIRECTION('',(-3.02998367137286E-17,0.599999999999999,-0.800000000000001));
#15491=DIRECTION('',(-3.02998367137286E-17,0.599999999999999,-0.800000000000001));
#15492=DIRECTION('',(-1.0,1.47445204227151E-16,-2.22908558378152E-33));
#15493=DIRECTION('',(3.79711694186035E-16,1.0,-4.87500129427902E-16));
#15494=DIRECTION('',(3.79711694186035E-16,1.0,-4.87500129427902E-16));
#15495=DIRECTION('',(2.17516048974097E-16,-0.727013152549817,-0.686623532963717));
#15496=DIRECTION('',(-1.0,1.47445204227151E-16,-2.22908558378152E-33));
#15497=DIRECTION('',(2.17516048974097E-16,-0.727013152549817,-0.686623532963717));
#15498=DIRECTION('',(-1.0,1.47445204227151E-16,-2.22908558378152E-33));
#15499=CARTESIAN_POINT('',(-4.75,-8.19757863566352,-0.3));
#15500=DIRECTION('',(-1.0,1.02283679309054E-47,3.77360171026301E-32));
#15501=DIRECTION('',(1.21543267145726E-63,-1.0,2.71050543121376E-16));
#15502=CARTESIAN_POINT('',(-4.43,-8.19757863566352,-0.3));
#15503=DIRECTION('',(-1.0,1.02283679309054E-47,3.77360171026301E-32));
#15504=DIRECTION('',(1.21543267145726E-63,-1.0,2.71050543121376E-16));
#15505=DIRECTION('',(-1.0,1.47445204227151E-16,-2.22908558378152E-33));
#15506=DIRECTION('',(-3.79711694186035E-16,-1.0,1.35159020916958E-15));
#15507=DIRECTION('',(-3.79711694186035E-16,-1.0,1.35159020916958E-15));
#15508=DIRECTION('',(-1.0,1.47445204227151E-16,-2.22908558378152E-33));
#15509=DIRECTION('',(-1.11022302462516E-16,2.47240340202431E-16,1.0));
#15510=DIRECTION('',(-1.11022302462516E-16,2.47240340202431E-16,1.0));
#15511=DIRECTION('',(-1.0,1.47445204227151E-16,-2.22908558378152E-33));
#15512=DIRECTION('',(3.79711694186035E-16,1.0,-2.70659694930801E-16));
#15513=DIRECTION('',(3.79711694186035E-16,1.0,-2.70659694930801E-16));
#15514=DIRECTION('',(1.19639775121933E-16,-9.01863602285103E-16,-1.0));
#15515=DIRECTION('',(-0.321902733238704,-0.946772744819712,2.20060351051368E-16));
#15516=DIRECTION('',(-1.11022302462516E-16,9.00438638665373E-16,1.0));
#15517=DIRECTION('',(0.321902733238704,0.946772744819712,-2.20060351051368E-16));
#15518=DIRECTION('',(0.946772744819712,-0.321902733238704,3.06009901124993E-16));
#15519=DIRECTION('',(0.321902733238704,0.946772744819712,-2.20060351051368E-16));
#15520=DIRECTION('',(-1.19639775121933E-16,9.01863602285103E-16,1.0));
#15521=DIRECTION('',(-0.321902733238704,-0.946772744819712,2.20060351051368E-16));
#15522=DIRECTION('',(0.946772744819712,-0.321902733238704,3.06009901124993E-16));
#15523=DIRECTION('',(-0.878804828052541,-0.477181385001075,4.5362220747155E-16));
#15524=CARTESIAN_POINT('',(-5.25085643670348,-10.8703028002831,1.35));
#15525=DIRECTION('',(1.64652121672032E-16,-7.6947434772599E-16,-1.0));
#15526=DIRECTION('',(0.321902733238705,0.946772744819712,-6.75515372265114E-16));
#15527=CARTESIAN_POINT('',(-5.25085643670348,-10.8703028002831,3.35));
#15528=DIRECTION('',(5.27981230048624E-17,1.40903389089334E-15,1.0));
#15529=DIRECTION('',(0.321902733238696,0.946772744819715,-1.35103074453022E-15));
#15530=DIRECTION('',(-0.878804828052541,-0.477181385001075,4.5362220747155E-16));
#15531=DIRECTION('',(-9.8247954455409E-17,9.03683132236173E-16,1.0));
#15532=DIRECTION('',(-0.477181385001075,0.878804828052541,-1.55448114676939E-16));
#15533=DIRECTION('',(0.477181385001075,-0.878804828052541,1.55448114676939E-16));
#15534=DIRECTION('',(-0.477181385001075,0.878804828052541,-1.55448114676939E-16));
#15535=CARTESIAN_POINT('',(-4.92718138500109,-11.4684971287471,2.35));
#15536=DIRECTION('',(-0.878804828052542,-0.477181385001072,5.11373395659574E-16));
#15537=DIRECTION('',(-0.477181385001072,0.878804828052542,0.0));
#15538=DIRECTION('',(0.477181385001075,-0.878804828052541,1.55448114676939E-16));
#15539=DIRECTION('',(-0.878804828052541,-0.477181385001075,4.5362220747155E-16));
#15540=CARTESIAN_POINT('',(-5.20839892997788,-11.6211951719475,2.35));
#15541=DIRECTION('',(-0.878804828052541,-0.477181385001075,4.5362220747155E-16));
#15542=DIRECTION('',(0.477181385001075,-0.878804828052541,2.51810909608102E-32));
#15543=DIRECTION('',(1.0,-1.1964722846969E-15,8.95781369482435E-32));
#15544=DIRECTION('',(1.11022302462517E-16,8.01786740267321E-16,-1.0));
#15545=DIRECTION('',(-1.11022302462517E-16,-8.01786740267321E-16,1.0));
#15546=DIRECTION('',(1.0,-1.1964722846969E-15,8.95781369482435E-32));
#15547=CARTESIAN_POINT('',(4.74999999999999,-8.4,3.59999999999999));
#15548=DIRECTION('',(1.0,-0.0,8.95781369482435E-32));
#15549=DIRECTION('',(0.0,1.0,0.0));
#15550=DIRECTION('',(1.0,-1.1964722846969E-15,8.95781369482435E-32));
#15551=CARTESIAN_POINT('',(4.42999999999999,-8.4,3.59999999999999));
#15552=DIRECTION('',(1.0,-0.0,8.95781369482435E-32));
#15553=DIRECTION('',(0.0,1.0,0.0));
#15554=DIRECTION('',(1.0,-1.1964722846969E-15,8.95781369482435E-32));
#15555=CARTESIAN_POINT('',(4.74999999999999,-8.4,1.09999999999999));
#15556=DIRECTION('',(1.0,-9.77822351958244E-46,1.12735241725791E-30));
#15557=DIRECTION('',(-1.55575381946528E-61,1.0,8.67361737988403E-16));
#15558=DIRECTION('',(1.0,-1.1964722846969E-15,8.95781369482435E-32));
#15559=CARTESIAN_POINT('',(4.42999999999999,-8.4,1.09999999999999));
#15560=DIRECTION('',(1.0,-9.77822351958244E-46,1.12735241725791E-30));
#15561=DIRECTION('',(-1.55575381946528E-61,1.0,8.67361737988403E-16));
#15562=DIRECTION('',(1.0,-1.1964722846969E-15,8.95781369482435E-32));
#15563=DIRECTION('',(1.00041199046398E-15,1.0,7.78367385538952E-16));
#15564=DIRECTION('',(1.00041199046398E-15,1.0,7.78367385538952E-16));
#15565=DIRECTION('',(1.0,-1.1964722846969E-15,8.95781369482435E-32));
#15566=DIRECTION('',(-1.11022302462517E-16,-8.01786740267321E-16,1.0));
#15567=DIRECTION('',(-1.11022302462517E-16,-8.01786740267321E-16,1.0));
#15568=DIRECTION('',(1.0,-1.1964722846969E-15,8.95781369482435E-32));
#15569=DIRECTION('',(-1.00041199046398E-15,-1.0,3.02563128699825E-16));
#15570=DIRECTION('',(-1.00041199046398E-15,-1.0,3.02563128699825E-16));
#15571=DIRECTION('',(1.0,-1.1964722846969E-15,8.95781369482435E-32));
#15572=CARTESIAN_POINT('',(4.74999999999999,-8.19757863566352,-0.300000000000009));
#15573=DIRECTION('',(-1.0,8.67361737988404E-16,-3.39353795758717E-31));
#15574=DIRECTION('',(-8.67361737988404E-16,-1.0,-7.58941520739854E-16));
#15575=CARTESIAN_POINT('',(4.42999999999999,-8.19757863566352,-0.300000000000009));
#15576=DIRECTION('',(-1.0,8.67361737988404E-16,-3.39353795758717E-31));
#15577=DIRECTION('',(-8.67361737988404E-16,-1.0,-7.58941520739854E-16));
#15578=DIRECTION('',(1.0,-1.1964722846969E-15,8.95781369482435E-32));
#15579=DIRECTION('',(-1.06842306875102E-15,-0.727013152549816,-0.686623532963718));
#15580=DIRECTION('',(-1.06842306875102E-15,-0.727013152549816,-0.686623532963718));
#15581=DIRECTION('',(1.0,-1.1964722846969E-15,8.95781369482435E-32));
#15582=DIRECTION('',(1.00041199046398E-15,1.0,5.61526951041852E-16));
#15583=DIRECTION('',(1.00041199046398E-15,1.0,5.61526951041852E-16));
#15584=DIRECTION('',(1.0,-1.1964722846969E-15,8.95781369482435E-32));
#15585=DIRECTION('',(1.03600973144376E-15,0.6,-0.8));
#15586=DIRECTION('',(1.03600973144376E-15,0.6,-0.8));
#15587=DIRECTION('',(1.0,-1.1964722846969E-15,8.95781369482435E-32));
#15588=CARTESIAN_POINT('',(4.74999999999999,-8.3,3.79999999999999));
#15589=DIRECTION('',(-1.0,8.67361737988403E-16,-3.75036032731643E-31));
#15590=DIRECTION('',(-8.67361737988403E-16,-1.0,-8.67361737988403E-16));
#15591=CARTESIAN_POINT('',(4.42999999999999,-8.3,3.79999999999999));
#15592=DIRECTION('',(-1.0,8.67361737988403E-16,-3.75036032731643E-31));
#15593=DIRECTION('',(-8.67361737988403E-16,-1.0,-8.67361737988403E-16));
#15594=DIRECTION('',(1.0,-1.1964722846969E-15,8.95781369482435E-32));
#15595=DIRECTION('',(1.00041199046398E-15,1.0,7.78367385538952E-16));
#15596=DIRECTION('',(1.00041199046398E-15,1.0,7.78367385538952E-16));
#15597=DIRECTION('',(1.0,-1.1964722846969E-15,8.95781369482435E-32));
#15598=DIRECTION('',(-1.11022302462517E-16,-8.01786740267321E-16,1.0));
#15599=DIRECTION('',(-1.11022302462517E-16,-8.01786740267321E-16,1.0));
#15600=DIRECTION('',(-1.00041199046398E-15,-1.0,-7.78367385538952E-16));
#15601=DIRECTION('',(-1.00041199046398E-15,-1.0,-7.78367385538952E-16));
#15602=DIRECTION('',(1.14281424207032E-16,1.28878187752975E-16,-1.0));
#15603=DIRECTION('',(-1.11022302462516E-16,-1.4858844180438E-16,1.0));
#15604=DIRECTION('',(-0.946772744819713,-0.321902733238702,-3.7033134234541E-17));
#15605=DIRECTION('',(-0.946772744819713,-0.321902733238702,-3.7033134234541E-17));
#15606=DIRECTION('',(-0.321902733238703,0.946772744819713,7.51994774503173E-16));
#15607=DIRECTION('',(1.14281424207031E-16,1.28878187752975E-16,-1.0));
#15608=DIRECTION('',(-0.321902733238703,0.946772744819713,7.51994774503173E-16));
#15609=DIRECTION('',(-1.14281424207031E-16,-1.28878187752975E-16,1.0));
#15610=DIRECTION('',(0.321902733238703,-0.946772744819712,-7.51994774503174E-16));
#15611=DIRECTION('',(1.18443121343489E-16,1.77806362174723E-16,-1.0));
#15612=DIRECTION('',(0.321902733238703,-0.946772744819712,-7.51994774503174E-16));
#15613=DIRECTION('',(-0.946772744819713,-0.321902733238702,-3.7033134234541E-17));
#15614=DIRECTION('',(-0.946772744819713,-0.321902733238702,-3.7033134234541E-17));
#15615=CARTESIAN_POINT('',(5.25085643670346,-10.8703028002831,3.34999999999999));
#15616=DIRECTION('',(-1.99688664611934E-16,-6.78941459680578E-17,1.0));
#15617=DIRECTION('',(0.321902733238703,-0.946772744819712,9.59965081314508E-33));
#15618=DIRECTION('',(-1.18443121343489E-16,-1.77806362174723E-16,1.0));
#15619=CARTESIAN_POINT('',(5.25085643670346,-10.8703028002831,1.34999999999999));
#15620=DIRECTION('',(1.99688664611934E-16,6.7894145968056E-17,-1.0));
#15621=DIRECTION('',(0.321902733238696,-0.946772744819715,0.0));
#15622=DIRECTION('',(0.87880482805254,-0.477181385001076,-6.71491545787196E-17));
#15623=DIRECTION('',(0.87880482805254,-0.477181385001076,-6.71491545787196E-17));
#15624=DIRECTION('',(0.477181385001076,0.87880482805254,7.92415470056406E-16));
#15625=DIRECTION('',(0.477181385001076,0.87880482805254,7.92415470056406E-16));
#15626=CARTESIAN_POINT('',(5.20839892997786,-11.6211951719475,2.34999999999999));
#15627=DIRECTION('',(0.87880482805254,-0.477181385001076,-6.71491545787194E-17));
#15628=DIRECTION('',(-0.477181385001076,-0.87880482805254,-8.67361737988404E-16));
#15629=DIRECTION('',(0.477181385001076,0.87880482805254,7.92415470056406E-16));
#15630=DIRECTION('',(-0.477181385001076,-0.87880482805254,-7.92415470056406E-16));
#15631=CARTESIAN_POINT('',(4.92718138500107,-11.4684971287472,2.34999999999999));
#15632=DIRECTION('',(-0.878804828052542,0.477181385001074,9.39796639069301E-18));
#15633=DIRECTION('',(0.477181385001074,0.878804828052542,8.67361737988405E-16));
#15634=DIRECTION('',(0.87880482805254,-0.477181385001076,-6.71491545787196E-17));
#15635=DIRECTION('',(-1.11022302462517E-16,-8.01786740267321E-16,1.0));
#15636=DIRECTION('',(1.11022302462517E-16,7.27014176647631E-16,-1.0));
#15637=DIRECTION('',(-1.00041199046398E-15,-1.0,-7.78367385538952E-16));
#15638=DIRECTION('',(-1.11022302462517E-16,-7.45707317552554E-16,1.0));
#15639=DIRECTION('',(1.11022302462517E-16,8.01786740267321E-16,-1.0));
#15640=DIRECTION('',(1.11022302462517E-16,8.01786740267321E-16,-1.0));
#15641=DIRECTION('',(1.00041199046398E-15,1.0,6.42842113978264E-16));
#15642=DIRECTION('',(1.11022302462517E-16,8.01786740267321E-16,-1.0));
#15643=DIRECTION('',(-1.00041199046398E-15,-1.0,-7.78367385538952E-16));
#15644=DIRECTION('',(1.11022302462516E-16,-2.47240340202431E-16,-1.0));
#15645=DIRECTION('',(-1.11022302462516E-16,3.03319762917199E-16,1.0));
#15646=DIRECTION('',(-3.79711694186035E-16,-1.0,2.70659694930801E-16));
#15647=DIRECTION('',(1.11022302462516E-16,-3.22012903822121E-16,-1.0));
#15648=DIRECTION('',(-1.11022302462516E-16,2.47240340202431E-16,1.0));
#15649=DIRECTION('',(-3.79711694186035E-16,-1.0,2.70659694930801E-16));
#15650=DIRECTION('',(1.11022302462516E-16,-2.47240340202431E-16,-1.0));
#15651=DIRECTION('',(3.79711694186035E-16,1.0,-4.06184966491489E-16));
#15652=DIRECTION('',(1.11022302462516E-16,-2.47240340202431E-16,-1.0));
#15653=DIRECTION('',(0.0,1.0,0.0));
#15654=DIRECTION('',(-1.0,-0.0,-0.0));
#15655=DIRECTION('',(-0.784882765533426,0.619644288579021,-0.0));
#15656=DIRECTION('',(-0.784882765533426,-0.619644288579021,-0.0));
#15657=DIRECTION('',(-1.0,-1.63962521358868E-15,-0.0));
#15658=DIRECTION('',(-1.0,8.43476228538833E-16,-6.01853107621011E-32));
#15659=DIRECTION('',(0.0,-1.0,0.0));
#15660=DIRECTION('',(0.0,1.73819987572826E-15,-1.0));
#15661=DIRECTION('',(-3.79711694186035E-16,-1.0,2.70659694930801E-16));
#15662=DIRECTION('',(0.0,0.0,-1.0));
#15663=DIRECTION('',(0.0,-1.73819987572826E-15,1.0));
#15664=DIRECTION('',(0.0,1.0,0.0));
#15665=DIRECTION('',(-1.00041199046398E-15,-1.0,-7.78367385538952E-16));
#15666=CARTESIAN_POINT('',(-7.7715611723761E-17,4.18931604829618E-17,3.6));
#15667=DIRECTION('',(0.0,0.0,1.0));
#15668=DIRECTION('',(1.0,0.0,0.0));
#15669=CARTESIAN_POINT('',(-9.99200722162641E-17,5.38626349066652E-17,3.8));
#15670=DIRECTION('',(-1.11022302462516E-16,1.54074395550979E-32,1.0));
#15671=DIRECTION('',(-1.38777878078145E-16,-1.0,3.64921475084588E-48));
#15672=CARTESIAN_POINT('',(0.0,2.86229373536173E-17,1.8));
#15673=DIRECTION('',(7.22223729145213E-34,2.00457353256915E-50,1.0));
#15674=DIRECTION('',(-2.77555756156289E-17,1.0,0.0));
#15675=CARTESIAN_POINT('',(0.0,8.06646416329215E-17,3.8));
#15676=DIRECTION('',(7.22223729145213E-34,2.00457353256915E-50,1.0));
#15677=DIRECTION('',(-2.77555756156289E-17,1.0,0.0));
#15678=CARTESIAN_POINT('',(0.0,8.06646416329215E-17,3.8));
#15679=DIRECTION('',(7.22223729145213E-34,2.00457353256915E-50,1.0));
#15680=DIRECTION('',(-2.77555756156289E-17,1.0,0.0));
#15681=CARTESIAN_POINT('',(0.0,0.0,3.6));
#15682=DIRECTION('',(0.0,0.0,1.0));
#15683=DIRECTION('',(1.0,0.0,0.0));
#15684=CARTESIAN_POINT('',(0.0,-2.34187669256869E-17,-0.2));
#15685=DIRECTION('',(2.75551125489187E-33,-7.32569035463179E-17,1.0));
#15686=DIRECTION('',(-2.77555756156289E-17,1.0,7.32569035463179E-17));
#15687=CARTESIAN_POINT('',(0.0,-2.86229373536173E-17,-0.4));
#15688=DIRECTION('',(-3.07321243078979E-33,8.47032947254301E-17,-1.0));
#15689=DIRECTION('',(-2.77555756156289E-17,1.0,8.47032947254301E-17));
#15690=DIRECTION('',(-2.77555756156289E-17,1.0,7.52968297950674E-17));
#15691=DIRECTION('',(-0.86602540378444,0.499999999999997,6.00839682318315E-17));
#15692=DIRECTION('',(-0.86602540378444,-0.499999999999997,-1.52128615632355E-17));
#15693=DIRECTION('',(2.77555756156289E-17,-1.0,-7.52968297950674E-17));
#15694=DIRECTION('',(0.86602540378444,-0.499999999999997,-6.00839682318315E-17));
#15695=DIRECTION('',(0.86602540378444,0.499999999999997,1.52128615632355E-17));
#15696=DIRECTION('',(0.86602540378444,0.499999999999997,1.52128615632355E-17));
#15697=DIRECTION('',(0.86602540378444,-0.499999999999997,-6.00839682318315E-17));
#15698=DIRECTION('',(2.77555756156289E-17,-1.0,-7.52968297950674E-17));
#15699=DIRECTION('',(-0.86602540378444,-0.499999999999997,-1.52128615632355E-17));
#15700=DIRECTION('',(-0.86602540378444,0.499999999999997,6.00839682318315E-17));
#15701=DIRECTION('',(-2.77555756156289E-17,1.0,7.52968297950674E-17));
#15702=DIRECTION('',(0.0,2.60208521396521E-17,1.0));
#15703=DIRECTION('',(0.86602540378444,0.499999999999997,1.52128615632355E-17));
#15704=DIRECTION('',(0.0,2.60208521396521E-17,1.0));
#15705=DIRECTION('',(0.86602540378444,-0.499999999999997,-6.00839682318315E-17));
#15706=DIRECTION('',(0.0,2.60208521396521E-17,1.0));
#15707=DIRECTION('',(2.77555756156289E-17,-1.0,-7.52968297950674E-17));
#15708=DIRECTION('',(0.0,2.60208521396521E-17,1.0));
#15709=DIRECTION('',(-0.86602540378444,-0.499999999999997,-1.52128615632355E-17));
#15710=DIRECTION('',(0.0,2.60208521396521E-17,1.0));
#15711=DIRECTION('',(-0.86602540378444,0.499999999999997,6.00839682318315E-17));
#15712=DIRECTION('',(0.0,2.60208521396521E-17,1.0));
#15713=DIRECTION('',(-2.77555756156289E-17,1.0,7.52968297950674E-17));
#15714=DIRECTION('',(0.0523120807703844,0.030202393914651,0.99817396359918));
#15715=DIRECTION('',(-1.6765696561422E-18,0.0604047878293016,0.99817396359918));
#15716=DIRECTION('',(0.0523120807703844,-0.0302023939146509,0.99817396359918));
#15717=DIRECTION('',(1.6765696561422E-18,-0.0604047878293016,0.99817396359918));
#15718=DIRECTION('',(-0.0523120807703844,-0.0302023939146509,0.99817396359918));
#15719=DIRECTION('',(-0.0523120807703844,0.030202393914651,0.99817396359918));
#15720=DIRECTION('',(-1.0,-1.45775082014858E-16,-0.0));
#15721=DIRECTION('',(-1.0,-1.45775082014858E-16,-0.0));
#15722=DIRECTION('',(-1.0,-1.45775082014858E-16,-0.0));
#15723=DIRECTION('',(2.44327250137578E-16,-1.0,0.0));
#15724=DIRECTION('',(-1.0,-1.45775082014858E-16,-0.0));
#15725=DIRECTION('',(-1.0,-1.45775082014858E-16,-0.0));
#15726=DIRECTION('',(-1.0,-1.45775082014858E-16,-0.0));
#15727=DIRECTION('',(0.0,-1.0,0.0));
#15728=DIRECTION('',(-1.0,-1.45775082014858E-16,-0.0));
#15729=DIRECTION('',(-1.0,-1.45775082014858E-16,-0.0));
#15730=DIRECTION('',(-1.0,-1.45775082014858E-16,-0.0));
#15731=DIRECTION('',(-0.0,-0.0,1.0));
#15732=DIRECTION('',(1.0,-2.46519032881566E-32,-0.0));
#15733=DIRECTION('',(1.0,-2.46519032881566E-32,-0.0));
#15734=DIRECTION('',(1.0,-2.46519032881566E-32,-0.0));
#15735=DIRECTION('',(0.0,1.0,0.0));
#15736=DIRECTION('',(1.0,-2.46519032881566E-32,-0.0));
#15737=DIRECTION('',(1.0,-2.46519032881566E-32,-0.0));
#15738=DIRECTION('',(0.0,0.0,-1.0));
#15739=DIRECTION('',(1.0,-2.46519032881566E-32,0.0));
#15740=DIRECTION('',(4.33276045595248E-32,1.77334310991211E-16,1.0));
#15741=DIRECTION('',(1.0,-2.46519032881566E-32,-0.0));
#15742=DIRECTION('',(2.44327250137578E-16,1.0,-0.0));
#15743=DIRECTION('',(-1.0,-7.56420120338726E-15,0.0));
#15744=DIRECTION('',(-2.44327250137578E-16,-1.0,2.44327250137578E-16));
#15745=DIRECTION('',(-0.0,-0.0,1.0));
#15746=DIRECTION('',(-0.0,-0.0,1.0));
#15747=DIRECTION('',(-0.0,-0.0,1.0));
#15748=DIRECTION('',(-0.0,-0.0,1.0));
#15749=DIRECTION('',(-0.0,-0.0,1.0));
#15750=DIRECTION('',(-0.0,-0.0,1.0));
#15751=DIRECTION('',(-0.0,-0.0,1.0));
#15752=DIRECTION('',(-0.0,-0.0,1.0));
#15753=DIRECTION('',(-0.0,-0.0,1.0));
#15754=DIRECTION('',(-0.0,-0.0,1.0));
#15755=DIRECTION('',(-0.0,-0.0,1.0));
#15756=DIRECTION('',(-0.0,-0.0,1.0));
#15757=DIRECTION('',(-0.0,-0.0,1.0));
#15758=DIRECTION('',(-0.0,-0.0,1.0));
#15759=DIRECTION('',(-0.0,-0.0,1.0));
#15760=DIRECTION('',(-0.0,-0.0,1.0));
#15761=DIRECTION('',(-0.0,-0.0,1.0));
#15762=DIRECTION('',(-0.0,-0.0,1.0));
#15763=DIRECTION('',(2.44327250137578E-16,1.0,0.0));
#15764=DIRECTION('',(-0.0,-0.0,1.0));
#15765=CARTESIAN_POINT('',(2.52522292869346E-15,-12.2,0.35));
#15766=DIRECTION('',(-0.0,0.0,1.0));
#15767=DIRECTION('',(1.0,0.0,0.0));
#15768=DIRECTION('',(-0.0,-0.0,1.0));
#15769=CARTESIAN_POINT('',(2.52522292869346E-15,-12.2,0.5));
#15770=DIRECTION('',(0.0,0.0,1.0));
#15771=DIRECTION('',(1.0,0.0,0.0));
#15772=DIRECTION('',(-0.0,-0.0,1.0));
#15773=DIRECTION('',(0.707106781186544,-0.707106781186551,0.0));
#15774=DIRECTION('',(0.707106781186544,-0.707106781186551,0.0));
#15775=DIRECTION('',(0.0,0.0,-1.0));
#15776=DIRECTION('',(0.707106781186542,0.707106781186553,0.0));
#15777=DIRECTION('',(0.0,0.0,1.0));
#15778=DIRECTION('',(0.707106781186542,0.707106781186553,0.0));
#15779=CARTESIAN_POINT('',(-1.0842021724855E-16,-8.7,0.575000000000001));
#15780=DIRECTION('',(0.0,1.0,0.0));
#15781=DIRECTION('',(0.0,0.0,1.0));
#15782=DIRECTION('',(-0.0,1.0,-0.0));
#15783=CARTESIAN_POINT('',(-1.0842021724855E-16,-11.9,0.35));
#15784=DIRECTION('',(0.0,0.0,-1.0));
#15785=DIRECTION('',(1.0,0.0,0.0));
#15786=CARTESIAN_POINT('',(-1.0842021724855E-16,-8.7,0.575000000000001));
#15787=DIRECTION('',(0.0,1.0,0.0));
#15788=DIRECTION('',(0.0,0.0,1.0));
#15789=CARTESIAN_POINT('',(-1.0842021724855E-16,-8.7,0.35));
#15790=DIRECTION('',(0.0,0.0,-1.0));
#15791=DIRECTION('',(1.0,0.0,0.0));
#15792=DIRECTION('',(0.0,1.0,0.0));
#15793=CARTESIAN_POINT('',(0.750000000000001,-5.77267710627231,0.65));
#15794=DIRECTION('',(-1.0,0.0,0.0));
#15795=DIRECTION('',(0.0,-1.0,0.0));
#15796=DIRECTION('',(1.0,-0.0,0.0));
#15797=CARTESIAN_POINT('',(-0.749999999999996,-5.77267710627231,0.65));
#15798=DIRECTION('',(1.0,0.0,0.0));
#15799=DIRECTION('',(0.0,0.0,-1.0));
#15800=DIRECTION('',(-1.0,0.0,0.0));
#15801=CARTESIAN_POINT('',(0.750000000000001,-7.17522744202504,1.7));
#15802=DIRECTION('',(-1.0,0.0,0.0));
#15803=DIRECTION('',(0.0,-1.0,0.0));
#15804=DIRECTION('',(1.0,-0.0,-0.0));
#15805=CARTESIAN_POINT('',(-0.749999999999996,-7.17522744202504,1.7));
#15806=DIRECTION('',(1.0,0.0,0.0));
#15807=DIRECTION('',(0.0,0.0,-1.0));
#15808=DIRECTION('',(-1.0,0.0,0.0));
#15809=CARTESIAN_POINT('',(0.750000000000001,-6.42477255797496,1.7));
#15810=DIRECTION('',(-1.0,0.0,0.0));
#15811=DIRECTION('',(0.0,-1.0,0.0));
#15812=DIRECTION('',(1.0,-0.0,-0.0));
#15813=CARTESIAN_POINT('',(-0.749999999999996,-6.42477255797496,1.7));
#15814=DIRECTION('',(1.0,0.0,0.0));
#15815=DIRECTION('',(0.0,0.0,-1.0));
#15816=DIRECTION('',(-1.0,0.0,0.0));
#15817=CARTESIAN_POINT('',(0.750000000000001,-7.82732289372769,0.65));
#15818=DIRECTION('',(-1.0,0.0,0.0));
#15819=DIRECTION('',(0.0,-1.0,0.0));
#15820=DIRECTION('',(1.0,-0.0,-0.0));
#15821=CARTESIAN_POINT('',(-0.749999999999996,-7.82732289372769,0.65));
#15822=DIRECTION('',(1.0,0.0,0.0));
#15823=DIRECTION('',(0.0,0.0,-1.0));
#15824=DIRECTION('',(-1.0,0.0,-0.0));
#15825=CARTESIAN_POINT('',(0.750000000000001,-6.42477255797496,1.7));
#15826=DIRECTION('',(1.0,3.61400724161835E-16,0.0));
#15827=DIRECTION('',(3.61400724161835E-16,-1.0,0.0));
#15828=DIRECTION('',(1.0,-0.0,-0.0));
#15829=CARTESIAN_POINT('',(-0.749999999999996,-6.42477255797496,1.7));
#15830=DIRECTION('',(-1.0,-0.0,-0.0));
#15831=DIRECTION('',(0.0,0.0,-1.0));
#15832=DIRECTION('',(-1.0,0.0,0.0));
#15833=CARTESIAN_POINT('',(0.750000000000001,-7.17522744202504,1.7));
#15834=DIRECTION('',(1.0,3.61400724161835E-16,8.42648280159347E-32));
#15835=DIRECTION('',(3.61400724161835E-16,-1.0,-7.2280144832367E-16));
#15836=DIRECTION('',(1.0,-0.0,-0.0));
#15837=CARTESIAN_POINT('',(-0.749999999999996,-7.17522744202504,1.7));
#15838=DIRECTION('',(-1.0,-0.0,-0.0));
#15839=DIRECTION('',(0.0,0.0,-1.0));
#15840=DIRECTION('',(-1.0,0.0,0.0));
#15841=CARTESIAN_POINT('',(0.750000000000001,-7.82732289372769,0.65));
#15842=DIRECTION('',(1.0,3.61400724161835E-16,8.42648280159347E-32));
#15843=DIRECTION('',(3.61400724161835E-16,-1.0,-7.2280144832367E-16));
#15844=DIRECTION('',(1.0,-0.0,0.0));
#15845=CARTESIAN_POINT('',(-0.749999999999996,-7.82732289372769,0.65));
#15846=DIRECTION('',(-1.0,-0.0,-0.0));
#15847=DIRECTION('',(0.0,0.0,-1.0));
#15848=DIRECTION('',(-1.0,0.0,0.0));
#15849=CARTESIAN_POINT('',(0.750000000000001,-5.77267710627231,0.65));
#15850=DIRECTION('',(1.0,3.61400724161835E-16,-8.42648280159347E-32));
#15851=DIRECTION('',(3.61400724161835E-16,-1.0,7.2280144832367E-16));
#15852=DIRECTION('',(1.0,-0.0,-0.0));
#15853=CARTESIAN_POINT('',(-0.749999999999996,-5.77267710627231,0.65));
#15854=DIRECTION('',(-1.0,-0.0,-0.0));
#15855=DIRECTION('',(0.0,0.0,-1.0));
#15856=DIRECTION('',(-1.0,0.0,-0.0));
#15857=DIRECTION('',(-0.0,0.182089260182308,0.98328200498446));
#15858=DIRECTION('',(-0.0,0.182089260182308,0.98328200498446));
#15859=DIRECTION('',(0.0,-0.182089260182309,-0.98328200498446));
#15860=DIRECTION('',(0.0,-0.182089260182309,-0.98328200498446));
#15861=DIRECTION('',(0.0,-1.0,-1.73535498421966E-16));
#15862=DIRECTION('',(0.0,-1.0,-1.73535498421966E-16));
#15863=DIRECTION('',(-0.0,-0.182089260182309,0.98328200498446));
#15864=DIRECTION('',(-0.0,-0.182089260182309,0.98328200498446));
#15865=DIRECTION('',(0.0,0.182089260182308,-0.98328200498446));
#15866=DIRECTION('',(0.0,0.182089260182308,-0.98328200498446));
#15867=DIRECTION('',(-0.0,1.0,-0.0));
#15868=DIRECTION('',(-0.0,1.0,-0.0));
#15869=DIRECTION('',(1.0,0.0,0.0));
#15870=DIRECTION('',(-0.0,-0.0,1.0));
#15871=DIRECTION('',(-1.0,-0.0,-0.0));
#15872=DIRECTION('',(-0.0,-0.0,1.0));
#15873=DIRECTION('',(1.0,0.0,0.0));
#15874=DIRECTION('',(-0.0,-0.0,1.0));
#15875=DIRECTION('',(-1.0,-0.0,-0.0));
#15876=DIRECTION('',(-0.0,-0.0,1.0));
#15877=CARTESIAN_POINT('',(-1.0842021724855E-16,-8.7,0.5));
#15878=DIRECTION('',(0.0,0.0,1.0));
#15879=DIRECTION('',(1.0,0.0,0.0));
#15880=CARTESIAN_POINT('',(-1.0842021724855E-16,-11.9,0.5));
#15881=DIRECTION('',(0.0,0.0,1.0));
#15882=DIRECTION('',(1.0,0.0,0.0));
#15883=DIRECTION('',(-2.50200501342808E-16,1.0,0.0));
#15884=DIRECTION('',(-2.50200501342808E-16,1.0,0.0));
#15885=DIRECTION('',(-0.0,-1.0,-0.0));
#15886=DIRECTION('',(-0.0,-1.0,-0.0));
#15887=DIRECTION('',(-0.0,-1.0,-0.0));
#15888=DIRECTION('',(-2.44819845399953E-16,1.0,0.0));
#15889=DIRECTION('',(-2.44819845399953E-16,1.0,0.0));
#15890=DIRECTION('',(-0.0,-1.0,-0.0));
#15891=DIRECTION('',(-2.44819845399953E-16,1.0,0.0));
#15892=DIRECTION('',(-0.0,-1.0,-0.0));
#15893=DIRECTION('',(-0.0,-1.0,-0.0));
#15894=DIRECTION('',(-2.44819845399953E-16,1.0,0.0));
#15895=DIRECTION('',(0.707106781186548,0.707106781186548,0.0));
#15896=DIRECTION('',(0.0,0.0,1.0));
#15897=DIRECTION('',(0.707106781186548,0.707106781186548,0.0));
#15898=DIRECTION('',(-0.0,-0.0,1.0));
#15899=DIRECTION('',(0.707106781186548,-0.707106781186548,0.0));
#15900=DIRECTION('',(-0.0,-0.0,1.0));
#15901=DIRECTION('',(0.707106781186548,-0.707106781186548,0.0));
#15902=DIRECTION('',(0.0,0.0,-1.0));
#15903=CARTESIAN_POINT('',(-2.5,-12.2,0.35));
#15904=DIRECTION('',(-0.0,0.0,1.0));
#15905=DIRECTION('',(1.0,0.0,0.0));
#15906=CARTESIAN_POINT('',(-2.5,-12.2,0.5));
#15907=DIRECTION('',(0.0,0.0,1.0));
#15908=DIRECTION('',(1.0,0.0,0.0));
#15909=DIRECTION('',(1.11200222819026E-16,1.0,-0.0));
#15910=DIRECTION('',(-1.0,-0.0,-0.0));
#15911=DIRECTION('',(6.99485272571293E-17,1.0,-0.0));
#15912=DIRECTION('',(-1.0,0.0,-0.0));
#15913=DIRECTION('',(6.99485272571293E-17,-1.0,0.0));
#15914=DIRECTION('',(-1.0,-0.0,-0.0));
#15915=DIRECTION('',(1.11200222819026E-16,-1.0,0.0));
#15916=CARTESIAN_POINT('',(-2.5,-11.9,0.5));
#15917=DIRECTION('',(0.0,0.0,1.0));
#15918=DIRECTION('',(1.0,0.0,0.0));
#15919=DIRECTION('',(-0.0,1.0,-0.0));
#15920=CARTESIAN_POINT('',(-2.5,-8.7,0.5));
#15921=DIRECTION('',(0.0,0.0,1.0));
#15922=DIRECTION('',(1.0,0.0,0.0));
#15923=DIRECTION('',(1.11200222819026E-16,-1.0,0.0));
#15924=DIRECTION('',(1.0,0.0,0.0));
#15925=DIRECTION('',(6.99485272571293E-17,-1.0,0.0));
#15926=DIRECTION('',(1.0,-0.0,0.0));
#15927=DIRECTION('',(6.99485272571293E-17,1.0,-0.0));
#15928=DIRECTION('',(1.0,0.0,0.0));
#15929=DIRECTION('',(1.11200222819026E-16,1.0,-0.0));
#15930=CARTESIAN_POINT('',(-2.5,-11.9,0.35));
#15931=DIRECTION('',(0.0,0.0,-1.0));
#15932=DIRECTION('',(1.0,0.0,0.0));
#15933=CARTESIAN_POINT('',(-2.5,-8.7,0.35));
#15934=DIRECTION('',(0.0,0.0,-1.0));
#15935=DIRECTION('',(1.0,0.0,0.0));
#15936=DIRECTION('',(0.0,1.0,0.0));
#15937=DIRECTION('',(-0.0,-0.0,1.0));
#15938=DIRECTION('',(-0.0,-0.0,1.0));
#15939=DIRECTION('',(-0.0,-0.0,1.0));
#15940=DIRECTION('',(-0.0,-0.0,1.0));
#15941=DIRECTION('',(0.0,0.182089260182308,-0.98328200498446));
#15942=DIRECTION('',(1.0,-0.0,-0.0));
#15943=DIRECTION('',(0.0,0.182089260182308,-0.98328200498446));
#15944=DIRECTION('',(-1.0,0.0,0.0));
#15945=CARTESIAN_POINT('',(-2.5,-8.7,0.575000000000001));
#15946=DIRECTION('',(0.0,1.0,0.0));
#15947=DIRECTION('',(0.0,0.0,1.0));
#15948=CARTESIAN_POINT('',(-1.75,-7.82732289372769,0.65));
#15949=DIRECTION('',(1.0,0.0,0.0));
#15950=DIRECTION('',(0.0,-1.0,0.0));
#15951=CARTESIAN_POINT('',(-3.25,-7.82732289372769,0.65));
#15952=DIRECTION('',(-1.0,-3.65440438395975E-47,5.05588968095607E-32));
#15953=DIRECTION('',(8.1028844763817E-63,1.0,7.2280144832367E-16));
#15954=DIRECTION('',(-1.0,0.0,0.0));
#15955=CARTESIAN_POINT('',(-1.75,-5.77267710627231,0.65));
#15956=DIRECTION('',(-1.0,0.0,0.0));
#15957=DIRECTION('',(0.0,-1.0,0.0));
#15958=DIRECTION('',(1.0,-0.0,0.0));
#15959=CARTESIAN_POINT('',(-3.25,-5.77267710627231,0.65));
#15960=DIRECTION('',(1.0,0.0,-0.0));
#15961=DIRECTION('',(0.0,1.0,0.0));
#15962=DIRECTION('',(-1.0,0.0,0.0));
#15963=CARTESIAN_POINT('',(-2.5,-8.7,0.575000000000001));
#15964=DIRECTION('',(0.0,1.0,0.0));
#15965=DIRECTION('',(0.0,0.0,1.0));
#15966=CARTESIAN_POINT('',(-1.75,-7.82732289372769,0.65));
#15967=DIRECTION('',(-1.0,0.0,0.0));
#15968=DIRECTION('',(0.0,-1.0,0.0));
#15969=DIRECTION('',(1.0,-0.0,-0.0));
#15970=CARTESIAN_POINT('',(-3.25,-7.82732289372769,0.65));
#15971=DIRECTION('',(1.0,0.0,-0.0));
#15972=DIRECTION('',(0.0,1.0,0.0));
#15973=DIRECTION('',(-0.0,0.182089260182308,0.98328200498446));
#15974=DIRECTION('',(1.0,-0.0,-0.0));
#15975=DIRECTION('',(-0.0,0.182089260182308,0.98328200498446));
#15976=CARTESIAN_POINT('',(-1.75,-7.17522744202504,1.7));
#15977=DIRECTION('',(-1.0,0.0,0.0));
#15978=DIRECTION('',(0.0,-1.0,0.0));
#15979=CARTESIAN_POINT('',(-3.25,-7.17522744202504,1.7));
#15980=DIRECTION('',(1.0,0.0,-0.0));
#15981=DIRECTION('',(0.0,1.0,0.0));
#15982=DIRECTION('',(-1.0,0.0,0.0));
#15983=DIRECTION('',(-0.0,1.0,-0.0));
#15984=DIRECTION('',(-0.0,1.0,-0.0));
#15985=DIRECTION('',(1.0,-0.0,-0.0));
#15986=CARTESIAN_POINT('',(-1.75,-6.42477255797496,1.7));
#15987=DIRECTION('',(-1.0,0.0,0.0));
#15988=DIRECTION('',(0.0,-1.0,0.0));
#15989=CARTESIAN_POINT('',(-3.25,-6.42477255797496,1.7));
#15990=DIRECTION('',(1.0,0.0,-0.0));
#15991=DIRECTION('',(0.0,1.0,0.0));
#15992=DIRECTION('',(-0.0,-0.182089260182309,0.98328200498446));
#15993=DIRECTION('',(-0.0,-0.182089260182309,0.98328200498446));
#15994=DIRECTION('',(1.0,-0.0,-0.0));
#15995=CARTESIAN_POINT('',(-1.75,-6.42477255797496,1.7));
#15996=DIRECTION('',(1.0,0.0,0.0));
#15997=DIRECTION('',(0.0,-1.0,0.0));
#15998=CARTESIAN_POINT('',(-3.25,-6.42477255797496,1.7));
#15999=DIRECTION('',(-1.0,-3.65440438395975E-47,-5.05588968095607E-32));
#16000=DIRECTION('',(8.1028844763817E-63,1.0,-7.2280144832367E-16));
#16001=DIRECTION('',(-1.0,0.0,0.0));
#16002=DIRECTION('',(0.0,-1.0,-1.73535498421966E-16));
#16003=DIRECTION('',(1.0,-0.0,-0.0));
#16004=DIRECTION('',(0.0,-1.0,-1.73535498421966E-16));
#16005=CARTESIAN_POINT('',(-1.75,-7.17522744202504,1.7));
#16006=DIRECTION('',(1.0,-3.65440438395975E-47,5.05588968095607E-32));
#16007=DIRECTION('',(8.1028844763817E-63,-1.0,-7.2280144832367E-16));
#16008=CARTESIAN_POINT('',(-3.25,-7.17522744202504,1.7));
#16009=DIRECTION('',(-1.0,0.0,0.0));
#16010=DIRECTION('',(0.0,1.0,0.0));
#16011=DIRECTION('',(-1.0,0.0,0.0));
#16012=DIRECTION('',(0.0,-0.182089260182309,-0.98328200498446));
#16013=DIRECTION('',(0.0,-0.182089260182309,-0.98328200498446));
#16014=DIRECTION('',(6.99485272571293E-17,1.0,-0.0));
#16015=DIRECTION('',(6.99485272571293E-17,-1.0,0.0));
#16016=DIRECTION('',(6.99485272571293E-17,1.0,-0.0));
#16017=DIRECTION('',(-1.0,0.0,0.0));
#16018=DIRECTION('',(6.99485272571293E-17,-1.0,0.0));
#16019=CARTESIAN_POINT('',(-1.75,-5.77267710627231,0.65));
#16020=DIRECTION('',(1.0,-3.65440438395975E-47,-5.05588968095607E-32));
#16021=DIRECTION('',(8.1028844763817E-63,-1.0,7.2280144832367E-16));
#16022=CARTESIAN_POINT('',(-3.25,-5.77267710627231,0.65));
#16023=DIRECTION('',(-1.0,0.0,0.0));
#16024=DIRECTION('',(0.0,1.0,0.0));
#16025=DIRECTION('',(-1.0,0.0,0.0));
#16026=DIRECTION('',(1.0,5.56001114095128E-17,-0.0));
#16027=DIRECTION('',(-0.0,-0.0,-1.0));
#16028=DIRECTION('',(-0.0,-0.0,-1.0));
#16029=DIRECTION('',(-1.0,0.0,0.0));
#16030=DIRECTION('',(0.0,1.0,0.0));
#16031=DIRECTION('',(-1.0,0.0,0.0));
#16032=DIRECTION('',(-0.0,-0.0,-1.0));
#16033=DIRECTION('',(-0.0,-0.0,-1.0));
#16034=DIRECTION('',(1.0,-5.56001114095129E-17,-0.0));
#16035=DIRECTION('',(-0.0,-1.0,-0.0));
#16036=PRESENTATION_LAYER_ASSIGNMENT('','',(#7669,#7670,#7673,#7674,#7675,#7678,#7681,#7682,#7685,#7686,#7689,#7690,#7693,#7694,#7697,#7698,#7701,#7702,#7703,#7706,#7709,#7710,#7713,#7714,#7717,#7718,#7719,#7722,#7723,#7724,#7727,#7728,#7729,#7732,#7733,#7736,#7737,#7738,#7741,#7744,#7745,#7748,#7749,#7752,#7753,#7755,#7756,#7757,#7758,#7760,#7761,#7762,#7764,#7765,#7766,#7767,#7769,#7770,#7771,#7772,#7774,#7775,#7776,#7777,#7779,#7780,#7781,#7782,#7784,#7785,#7786,#7787,#7789,#7790,#7791,#7792,#7794,#7795,#7796,#7797,#7799,#7800,#7801,#7802,#7803,#7805,#7806,#7807,#7808,#7810,#7811,#7812,#7813,#7815,#7816,#7817,#7818,#7820,#7821,#7822,#7823,#7825,#7826,#7827,#7828,#7830,#7831,#7832,#7833,#7835,#7836,#7837,#7839,#7840,#7841,#7843,#7844,#7845,#7846,#7847,#7848,#7849,#7850,#7851,#7852,#7853,#7854,#7855,#7856,#7857,#7858,#7859,#7860,#7861,#7862,#7864,#7865,#7866,#7868,#7869,#7870,#7872,#7873,#7874,#7875,#7876,#7877,#7878,#7879,#7880,#7881,#7882,#7883,#7884,#7885,#7886,#7887,#7888,#7889,#7891,#7892,#7894,#7896,#7898,#7900,#7901,#7903,#7905,#7907,#7909,#7911,#7914,#7916,#7918,#7919,#7921,#7924,#7926,#7927,#7929,#7931,#7933,#7934,#7935,#7937,#7938,#7939,#7941,#7942,#7943,#7945,#7946,#7947,#7949,#7950,#7951,#7953,#7954,#7955,#7957,#7959,#7962,#7963,#7964,#7965,#7967,#7968,#7969,#7970,#7972,#7973,#7974,#7975,#7977,#7978,#7980,#7982,#7983,#7984,#7985,#7987,#7988,#7989,#7991,#7992,#7993,#7994,#7996,#7997,#7998,#8000,#8001,#8003,#8004,#8006,#8007,#8009,#8010,#8011,#8013,#8014,#8015,#8017,#8018,#8019,#8021,#8022,#8023,#8024,#8025,#8027,#8028,#8029,#8030,#8032,#8033,#8034,#8035,#8036,#8037,#8038,#8040,#8041,#8042,#8043,#8044,#8045,#8046,#8047,#8048,#8049,#8051,#8052,#8053,#8054,#8056,#8057,#8058,#8059,#8060,#8061,#8063,#8064,#8066,#8067,#8069,#8070,#8072,#8073,#8075,#8077,#8079,#8082,#8083,#8086,#8087,#8090,#8091,#8092,#8093,#8095,#8096,#8097,#8098,#8099,#8100,#8101,#8102,#8103,#8104,#8105,#8106,#8107,#8108,#8109,#8110,#8111,#8112,#8113,#8114,#8115,#8117,#8118,#8119,#8121,#8122,#8123,#8124,#8125,#8126,#8127,#8128,#8129,#8130,#8131,#8132,#8133,#8134,#8135,#8136,#8137,#8138,#8139,#8140,#8141,#8142,#8143,#8144,#8145,#8146,#8147,#8148,#8149,#8150,#8151,#8152,#8153,#8154,#8155,#8156,#8157,#8158,#8159,#8160,#8161,#8162,#8163,#8164,#8166,#8167,#8168,#8169,#8170,#8171,#8173,#8174,#8175,#8176,#8177,#8178,#8179,#8180,#8181,#8182,#8183,#8184,#8185,#8186,#8188,#8189,#8191,#8192,#8194,#8195,#8196,#8198,#8199,#8200,#8201,#8202,#8203,#8205,#8206,#8207,#8208,#8209,#8211,#8212,#8213,#8215,#8216,#8217,#8218,#8220,#8221,#8222,#8224,#8225,#8226,#8227,#8229,#8230,#8231,#8233,#8234,#8235,#8236,#8238,#8239,#8240,#8242,#8243,#8244,#8245,#8247,#8248,#8250,#8251,#8253,#8254,#8255,#8256,#8257,#8258,#8259,#8260,#8262,#8263,#8264,#8266,#8267,#8268,#8270,#8271,#8272,#8273,#8274,#8276,#8277,#8279,#8280,#8282,#8283,#8287,#8288,#8289,#8290,#8291,#8292,#8293,#8294,#8295,#8297,#8298,#8300,#8301,#8302,#8303,#8305,#8307,#8309,#8310,#8311,#8312,#8314,#8315,#8317,#8318,#8320,#8321,#8323,#8324,#8325,#8327,#8329,#8332,#8335,#8336,#8338,#8339,#8341,#8343,#8344,#8345,#8346,#8347,#8349,#8352,#8354,#8355,#8357,#8359,#8360,#8361,#8362,#8363,#8364,#8365,#8366,#8367,#8368,#8369,#8370,#8371,#8372,#8373,#8374,#8375,#8376,#8377,#8378,#8379,#8380,#8381,#8382,#8383,#8384,#8385,#8386,#8387,#8388,#8389,#8390,#8391,#8392,#8394,#8395,#8397,#8398,#8399,#8401,#8402,#8405,#8406,#8408,#8409,#8410,#8412,#8413,#8416,#8417,#8418,#8420,#8421,#8422,#8424,#8425,#8426,#8428,#8429,#8430,#8432,#8433,#8434,#8436,#8437,#8440,#8441,#8442,#8444,#8445,#8446,#8448,#8449,#8450,#8452,#8453,#8456,#8457,#8458,#8460,#8461,#8463,#8464,#8465,#8467,#8468,#8470,#8471,#8472,#8473,#8474,#8475,#8477,#8478,#8479,#8481,#8482,#8484,#8485,#8487,#8488,#8489,#8491,#8492,#8493,#8494,#8496,#8497,#8499,#8500,#8502,#8503,#8504,#8506,#8507,#8508,#8509,#8510,#8512,#8513,#8514,#8516,#8517,#8519,#8520,#8522,#8523,#8525,#8528,#8530,#8532,#8534,#8536,#8537,#8539,#8540,#8542,#8543,#8545,#8546,#8548,#8549,#8551,#8552,#8554,#8556,#8557,#8558,#8560,#8561,#8562,#8564,#8565,#8566,#8568,#8569,#8570,#8572,#8573,#8574,#8576,#8577,#8578,#8580,#8581,#8582,#8584,#8585,#8586,#8588,#8589,#8591,#8592,#8593,#8594,#8596,#8597,#8598,#8600,#8601,#8602,#8604,#8605,#8606,#8608,#8609,#8611,#8612,#8613,#8614,#8616,#8617,#8619,#8620,#8622,#8624,#8625,#8627,#8628,#8630,#8632,#8633,#8635,#8636,#8638,#8639,#8641,#8644,#8645,#8646,#8648,#8649,#8650,#8651,#8653,#8654,#8655,#8656,#8658,#8659,#8660,#8662,#8663,#8664,#8666,#8667,#8668,#8670,#8671,#8672,#8674,#8675,#8676,#8678,#8679,#8680,#8682,#8683,#8684,#8686,#8687,#8688,#8690,#8691,#8692,#8694,#8695,#8696,#8698,#8699,#8701,#8702,#8703,#8704,#8706,#8708,#8710,#8711,#8712,#8713,#8715,#8716,#8717,#8719,#8721,#8723,#8724,#8725,#8727,#8729,#8731,#8732,#8733,#8735,#8736,#8737,#8740,#8743,#8744,#8745,#8746,#8747,#8748,#8749,#8750,#8751,#8753,#8754,#8755,#8756,#8757,#8758,#8759,#8760,#8761,#8763,#8764,#8765,#8766,#8767,#8768,#8770,#8771,#8772,#8773,#8775,#8776,#8777,#8779,#8780,#8783,#8784,#8786,#8787,#8790,#8792,#8793,#8794,#8795,#8796,#8797,#8798,#8801,#8802,#8803,#8804,#8805,#8806,#8808,#8809,#8810,#8812,#8813,#8815,#8816,#8818,#8819,#8821,#8822,#8824,#8826,#8827,#8829,#8831,#8833,#8835,#8838,#8840,#8842,#8843,#8844,#8846,#8847,#8848,#8850,#8852,#8855,#8858,#8860,#8862,#8863,#8864,#8866,#8868,#8871,#8873,#8874,#8875,#8877,#8878,#8880,#8883,#8884,#8886,#8888,#8890,#8892,#8894,#8897,#8899,#8901,#8903,#8905,#8907,#8909,#8911,#8913,#8915,#8917,#8918,#8920,#8929,#8930,#8931,#8932,#8934,#8935,#8936,#8938,#8939,#8940,#8942,#8943,#8945,#8947,#8948,#8950,#8952,#8953,#8954,#8955,#8957,#8958,#8959,#8960,#8962,#8963,#8964,#8965,#8967,#8968,#8969,#8970,#8972,#8973,#8974,#8975,#8977,#8978,#8979,#8980,#8982,#8983,#8984,#8985,#8987,#8988,#8989,#8990,#8992,#8993,#8995,#8996,#8998,#8999,#9001,#9002,#9004,#9005,#9007,#9008,#9010,#9011,#9012,#9013,#9015,#9016,#9017,#9018,#9020,#9022,#9024,#9025,#9027,#9028,#9030,#9031,#9033,#9034,#9036,#9037,#9039,#9041,#9044,#9045,#9046,#9047,#9049,#9050,#9051,#9052,#9054,#9055,#9057,#9058,#9059,#9060,#9061,#9062,#9063,#9064,#9065,#9066,#9068,#9069,#9070,#9071,#9072,#9073,#9074,#9075,#9076,#9077,#9079,#9081,#9083,#9085,#9087,#9088,#9089,#9090,#9093,#9096,#9097,#9098,#9100,#9101,#9102,#9103,#9105,#9109,#9110,#9111,#9113,#9114,#9115,#9117,#9118,#9119,#9121,#9122,#9123,#9125,#9126,#9128,#9129,#9130,#9132,#9133,#9134,#9136,#9137,#9138,#9140,#9141,#9142,#9144,#9145,#9147,#9148,#9150,#9151,#9152,#9154,#9156,#9159,#9161,#9162,#9164,#9165,#9167,#9170,#9171,#9173,#9174,#9176,#9184,#9190,#9192,#9203,#9209,#9215,#9222,#9229,#9236,#9238,#9248,#9253,#9260,#9262,#9269,#9271,#9278,#9280,#9287,#9293,#9295,#9306,#9312,#9318,#9322,#9323,#9325,#9327,#9331,#9332,#9337,#9338,#9340,#9342,#9346,#9347,#9349,#9351,#9355,#9356,#9358,#9360,#9364,#9365,#9367,#9369,#9373,#9374,#9376,#9378,#9382,#9383,#9385,#9387,#9391,#9392,#9394,#9396,#9400,#9401,#9403,#9405,#9407,#9411,#9412,#9414,#9419,#9420,#9422,#9424,#9428,#9429,#9431,#9433,#9437,#9438,#9440,#9442,#9446,#9447,#9449,#9451,#9455,#9456,#9458,#9460,#9464,#9466,#9470,#9472,#9476,#9477,#9479,#9481,#9483,#9485,#9487,#9489,#9491,#9493,#9495,#9497,#9499,#9501,#9503,#9505,#9507,#9509,#9511,#9513,#9517,#9519,#9523,#9525,#9530,#9532,#9534,#9536,#9538,#9540,#9542,#9544,#9546,#9548,#9550,#9552,#9554,#9556,#9558,#9560,#9591,#9600,#9608,#9610,#9614,#9616,#9620,#9621,#9626,#9627,#9632,#9634,#9638,#9639,#9649,#9650,#9652,#9654,#9658,#9659,#9661,#9663,#9667,#9668,#9670,#9672,#9681,#9682,#9684,#9686,#9690,#9692,#9696,#9698,#9700,#9704,#9706,#9710,#9714,#9718,#9722,#9724,#9728,#9729,#9734,#9736,#9740,#9741,#9744,#9746,#9750,#9751,#9754,#9758,#9759,#9761,#9763,#9765,#9767,#9769,#9773,#9774,#9776,#9778,#9780,#9782,#9784,#9786,#9788,#9790,#9794,#9796,#9798,#9802,#9805,#9807,#9809,#9816,#9820,#9824,#9843,#9844,#9846,#9848,#9852,#9854,#9856,#9858,#9860,#9862,#9864,#9866,#9868,#9870,#9872,#9874,#9877,#9878,#9880,#9882,#9885,#9886,#9888,#9890,#9894,#9896,#9900,#9902,#9904,#9906,#9908,#9910,#9912,#9914,#9916,#9918,#9920,#9922,#9924,#9926,#9928,#9930,#9932,#9934,#9936,#9938,#9940,#9942,#9944,#9946,#9949,#9951,#9953,#9955,#9957,#9960,#9962,#9964,#9966,#9968,#9970,#9972,#9974,#9976,#9978,#9980,#9985,#9986,#9988,#9990,#9992,#9994,#9998,#9999,#10001,#10003,#10005,#10007,#10009,#10011,#10013,#10016,#10018,#10020,#10022,#10032,#10034,#10038,#10039,#10041,#10043,#10046,#10050,#10052,#10054,#10056,#10060,#10062,#10066,#10069,#10073,#10075,#10079,#10081,#10083,#10087,#10089,#10093,#10095,#10097,#10101,#10106,#10108,#10110,#10117,#10121,#10123,#10125,#10127,#10129,#10132,#10136,#10138,#10142,#10147,#10149,#10151,#10153,#10157,#10171,#10173,#10176,#10178,#10180,#10184,#10189,#10191,#10199,#10200,#10203,#10207,#10211,#10215,#10219,#10221,#10233,#10237,#10244,#10260,#10261,#10263,#10265,#10267,#10269,#10271,#10273,#10275,#10277,#10279,#10281,#10283,#10286,#10288,#10290,#10292,#10294,#10296,#10298,#10300,#10302,#10304,#10306,#10308,#10310,#10312,#10314,#10316,#10318,#10320,#10322,#10324,#10328,#10332,#10334,#10342,#10346,#10348,#10356,#10358,#10362,#10364,#10368,#10369,#10374,#10376,#10380,#10382,#10390,#10391,#10396,#10398,#10402,#10404,#10412,#10414,#10421,#10423,#10430,#10431,#10433,#10435,#10437,#10439,#10443,#10445,#10455,#10457,#10461,#10462,#10464,#10466,#10470,#10474,#10478,#10480,#10484,#10485,#10487,#10489,#10491,#10495,#10497,#10521,#10525,#10529,#10533,#10537,#10541,#10547,#10549,#10553,#10555,#10559,#10561,#10565,#10567,#10571,#10573,#10577,#10579,#10583,#10585,#10589,#10591,#10598,#10599,#10601,#10603,#10607,#10609,#10613,#10615,#10619,#10621,#10628,#10629,#10635,#10639,#10645,#10649,#10658,#10662,#10669,#10670,#10675,#10676,#10678,#10680,#10684,#10685,#10687,#10689,#10693,#10694,#10699,#10700,#10705,#10706,#10711,#10712,#10717,#10718,#10723,#10724,#10729,#10730,#10735,#10736,#10741,#10742,#10747,#10748,#10756,#10758,#10767,#10769,#10774,#10776,#10784,#10786,#10794,#10800,#10808,#10810,#10812,#10816,#10818,#10824,#10826,#10829,#10832,#10834,#10838,#10839,#10841,#10844,#10849,#10850,#10856,#10875,#10876,#10878,#10880,#10882,#10884,#10889,#10890,#10892,#10894,#10896,#10898,#10902,#10904,#10908,#10912,#10916,#10920,#10942,#10944,#10949,#10965,#10977,#10979,#10983,#11036,#11037,#11039,#11041,#11045,#11047,#11051,#11053,#11057,#11063,#11069,#11070,#11072,#11074,#11078,#11079,#11081,#11083,#11087,#11088,#11090,#11092,#11096,#11097,#11099,#11101,#11105,#11106,#11108,#11110,#11114,#11115,#11117,#11119,#11123,#11124,#11126,#11128,#11132,#11133,#11135,#11137,#11159,#11160,#11162,#11164,#11168,#11169,#11171,#11173,#11201,#11202,#11204,#11206,#11210,#11211,#11213,#11215,#11222,#11224,#11226,#11228,#11230,#11232,#11236,#11240,#11242,#11244,#11246,#11248,#11250,#11254,#11266,#11267,#11269,#11271,#11279,#11281,#11285,#11286,#11288,#11290,#11298,#11300,#11304,#11306,#11310,#11312,#11316,#11318,#11325,#11327,#11331,#11333,#11337,#11339,#11343,#11345,#11355,#11357,#11368,#11372,#11379,#11383));
#16037=PRESENTATION_LAYER_ASSIGNMENT('-1','NONE',(#439,#441,#443,#445,#447,#449,#451,#453,#455,#457,#459,#461,#463,#465,#467,#469,#471,#473,#475,#477,#479,#481,#483,#485,#487,#489,#491,#493,#495,#497,#499,#501,#503,#505,#507,#509,#511,#513,#515,#517,#519,#521,#523,#525,#527,#529,#531,#533,#535,#537,#539,#541,#543,#545,#547,#549,#551,#553,#555,#557,#559,#561,#563,#565,#567,#569,#571,#573,#575,#577,#579,#581,#583,#585,#587,#589,#591,#593,#595,#597,#599,#601,#603,#605,#607,#609,#611,#613,#615,#617,#619,#621,#623,#625,#627,#629,#631,#633,#635,#637,#639,#641,#643,#645,#647,#649,#651,#653,#655,#657,#659,#661,#663,#665,#667,#669,#671,#673,#675,#677,#679,#681,#683,#685,#687,#689,#691,#693,#695,#697,#699,#701,#703,#705,#707,#709,#711,#713,#715,#717,#719,#721,#723,#725,#727,#729,#731,#733,#735,#737,#739,#741,#743,#745,#747,#749,#751,#753,#755,#757,#759,#761,#763,#765,#767,#769,#771,#773,#775,#777,#779,#781,#783,#785,#787,#789,#791,#793,#795,#797,#799,#801,#803,#805,#807,#809,#811,#813,#815,#817,#819,#821,#823,#825,#827,#829,#831,#833,#835,#837,#839,#841,#843,#845,#847,#849,#851,#853,#855,#857,#859,#861,#863,#865,#867,#869,#871,#873,#875,#877,#879,#881,#883,#885,#887,#889,#891,#893,#895,#897,#899,#901,#903,#905,#907,#909,#911,#913,#915,#917,#919,#921,#923,#925,#927,#929,#931,#933,#935,#937,#939,#941,#943,#945,#947,#949,#951,#953,#955,#957,#959,#961,#963,#965,#967,#969,#971,#973,#975,#977,#979,#981,#983,#985,#987,#989,#991,#993,#995,#997,#999,#1001,#1003,#1005,#1007,#1009,#1011,#1013,#1015,#1017,#1019,#1021,#1023,#1025,#1027,#1029,#1031,#1033,#1035,#1037,#1039,#1041,#1043,#1045,#1047,#1049,#1051,#1053,#1055,#1057,#1059,#1061,#1063,#1065,#1067,#1069,#1071,#1073,#1075,#1077,#1079,#1081,#1083,#1085,#1087,#1089,#1091,#1093,#1095,#1097,#1099,#1101,#1103,#1105,#1107,#1109,#1111,#1113,#1115,#1117,#1119,#1121,#1123,#1125,#1127,#1129,#1131,#1133,#1135,#1137,#1139,#1141,#1143,#1145,#1147,#1149,#1151,#1153,#1155,#1157,#1159,#1161,#1163,#1165,#1167,#1169,#1171,#1173,#1175,#1177,#1179,#1181,#1183,#1185,#1187,#1189,#1191,#1193,#1195,#1197,#1199,#1201,#1203,#1205,#1207,#1209,#1211,#1213,#1215,#1217,#1219,#1221,#1223,#1225,#1227,#1229,#1231,#1233,#1235,#1237,#1239,#1241,#1243,#1245,#1247,#1249,#1251,#1253,#1255,#1257,#1259,#1261,#1263,#1265,#1267));
ENDSEC;
END-ISO-10303-21;
